Observation id,Observation date,Description,Observation type,Source,Time offset (s),Coding duration,Media duration (s),FPS (frame/s),Coder ID,Subject,Observation duration by subject by observation,Behavior,Behavioral category,Modifier #1,Modifier #2,Modifier #3,Modifier #4,Behavior type,Start (s),Stop (s),Duration (s),Media file name,Image index start,Image index stop,Image file path start,Image file path stop,Comment start,Comment stop
CEBUS-02-R11__2022-01-10__17-50-52,2025-08-27 20:34:26,corrected by LR,Media file,player #1:Y:/capuchin_coiba/archive/rawdata/camera_trap_images/renamed_data/R11/CEBUS-02-R11/CEBUS-02-R11__2022-01-10__17-50-52.MP4,0.0,14.247,60.894,29.970,MC,TER,0.0,seqstart,Sequence info,Other,,,,POINT,2.336,2.336,NA,Y:/capuchin_coiba/archive/rawdata/camera_trap_images/renamed_data/R11/CEBUS-02-R11/CEBUS-02-R11__2022-01-10__17-50-52.MP4,70,70,,,FRE as anvil. snail,
CEBUS-02-R11__2022-01-10__17-50-52,2025-08-27 20:34:26,corrected by LR,Media file,player #1:Y:/capuchin_coiba/archive/rawdata/camera_trap_images/renamed_data/R11/CEBUS-02-R11/CEBUS-02-R11__2022-01-10__17-50-52.MP4,0.0,14.247,60.894,29.970,MC,TER,0.0,hammerstone,Sequence info,onanvil,None,e_onanvil,,POINT,2.502,2.502,NA,Y:/capuchin_coiba/archive/rawdata/camera_trap_images/renamed_data/R11/CEBUS-02-R11/CEBUS-02-R11__2022-01-10__17-50-52.MP4,75,75,,,BAM,
CEBUS-02-R11__2022-01-10__17-50-52,2025-08-27 20:34:26,corrected by LR,Media file,player #1:Y:/capuchin_coiba/archive/rawdata/camera_trap_images/renamed_data/R11/CEBUS-02-R11/CEBUS-02-R11__2022-01-10__17-50-52.MP4,0.0,14.247,60.894,29.970,MC,TER,0.0,pound,Behavior,crouch,1hand,None,,POINT,2.603,2.603,NA,Y:/capuchin_coiba/archive/rawdata/camera_trap_images/renamed_data/R11/CEBUS-02-R11/CEBUS-02-R11__2022-01-10__17-50-52.MP4,78,78,,,,
CEBUS-02-R11__2022-01-10__17-50-52,2025-08-27 20:34:26,corrected by LR,Media file,player #1:Y:/capuchin_coiba/archive/rawdata/camera_trap_images/renamed_data/R11/CEBUS-02-R11/CEBUS-02-R11__2022-01-10__17-50-52.MP4,0.0,14.247,60.894,29.970,MC,TER,0.0,misstrike,Behavior,itemflies,,,,POINT,2.703,2.703,NA,Y:/capuchin_coiba/archive/rawdata/camera_trap_images/renamed_data/R11/CEBUS-02-R11/CEBUS-02-R11__2022-01-10__17-50-52.MP4,81,81,,,,
CEBUS-02-R11__2022-01-10__17-50-52,2025-08-27 20:34:26,corrected by LR,Media file,player #1:Y:/capuchin_coiba/archive/rawdata/camera_trap_images/renamed_data/R11/CEBUS-02-R11/CEBUS-02-R11__2022-01-10__17-50-52.MP4,0.0,14.247,60.894,29.970,MC,TER,0.0,pound,Behavior,crouch,1hand,None,,POINT,10.477,10.477,NA,Y:/capuchin_coiba/archive/rawdata/camera_trap_images/renamed_data/R11/CEBUS-02-R11/CEBUS-02-R11__2022-01-10__17-50-52.MP4,314,314,,,,
CEBUS-02-R11__2022-01-10__17-50-52,2025-08-27 20:34:26,corrected by LR,Media file,player #1:Y:/capuchin_coiba/archive/rawdata/camera_trap_images/renamed_data/R11/CEBUS-02-R11/CEBUS-02-R11__2022-01-10__17-50-52.MP4,0.0,14.247,60.894,29.970,MC,TER,0.0,pound,Behavior,crouch,1hand,None,,POINT,12.613,12.613,NA,Y:/capuchin_coiba/archive/rawdata/camera_trap_images/renamed_data/R11/CEBUS-02-R11/CEBUS-02-R11__2022-01-10__17-50-52.MP4,378,378,,,,
CEBUS-02-R11__2022-01-10__17-50-52,2025-08-27 20:34:26,corrected by LR,Media file,player #1:Y:/capuchin_coiba/archive/rawdata/camera_trap_images/renamed_data/R11/CEBUS-02-R11/CEBUS-02-R11__2022-01-10__17-50-52.MP4,0.0,14.247,60.894,29.970,MC,TER,0.0,pound,Behavior,crouch,1hand,None,,POINT,14.348,14.348,NA,Y:/capuchin_coiba/archive/rawdata/camera_trap_images/renamed_data/R11/CEBUS-02-R11/CEBUS-02-R11__2022-01-10__17-50-52.MP4,430,430,,,,
CEBUS-02-R11__2022-01-10__17-50-52,2025-08-27 20:34:26,corrected by LR,Media file,player #1:Y:/capuchin_coiba/archive/rawdata/camera_trap_images/renamed_data/R11/CEBUS-02-R11/CEBUS-02-R11__2022-01-10__17-50-52.MP4,0.0,14.247,60.894,29.970,MC,TER,0.0,seqend,Sequence info,opened,noscrounging,nodisplacement,noattention,POINT,16.583,16.583,NA,Y:/capuchin_coiba/archive/rawdata/camera_trap_images/renamed_data/R11/CEBUS-02-R11/CEBUS-02-R11__2022-01-10__17-50-52.MP4,500,500,,,,
CEBUS-02-R11__2022-01-12__08-17-35,2025-08-27 20:52:08,corrected by LR,Media file,player #1:Y:/capuchin_coiba/archive/rawdata/camera_trap_images/renamed_data/R11/CEBUS-02-R11/CEBUS-02-R11__2022-01-12__08-17-35.MP4,0.0,36.357,60.727,29.970,MC,juvenileunknown,0.0,seqstart,Sequence info,almendrabrown,,,,POINT,24.358,24.358,NA,Y:/capuchin_coiba/archive/rawdata/camera_trap_images/renamed_data/R11/CEBUS-02-R11/CEBUS-02-R11__2022-01-12__08-17-35.MP4,730,730,,,check ID,
CEBUS-02-R11__2022-01-12__08-17-35,2025-08-27 20:52:08,corrected by LR,Media file,player #1:Y:/capuchin_coiba/archive/rawdata/camera_trap_images/renamed_data/R11/CEBUS-02-R11/CEBUS-02-R11__2022-01-12__08-17-35.MP4,0.0,36.357,60.727,29.970,MC,juvenileunknown,0.0,hammerstone,Sequence info,onanvil,None,e_onanvil,,POINT,28.161,28.161,NA,Y:/capuchin_coiba/archive/rawdata/camera_trap_images/renamed_data/R11/CEBUS-02-R11/CEBUS-02-R11__2022-01-12__08-17-35.MP4,844,844,,,WIL,
CEBUS-02-R11__2022-01-12__08-17-35,2025-08-27 20:52:08,corrected by LR,Media file,player #1:Y:/capuchin_coiba/archive/rawdata/camera_trap_images/renamed_data/R11/CEBUS-02-R11/CEBUS-02-R11__2022-01-12__08-17-35.MP4,0.0,36.357,60.727,29.970,MC,juvenileunknown,0.0,pound,Behavior,stand,1foot,overhead,,POINT,28.662,28.662,NA,Y:/capuchin_coiba/archive/rawdata/camera_trap_images/renamed_data/R11/CEBUS-02-R11/CEBUS-02-R11__2022-01-12__08-17-35.MP4,859,859,,,,
CEBUS-02-R11__2022-01-12__08-17-35,2025-08-27 20:52:08,corrected by LR,Media file,player #1:Y:/capuchin_coiba/archive/rawdata/camera_trap_images/renamed_data/R11/CEBUS-02-R11/CEBUS-02-R11__2022-01-12__08-17-35.MP4,0.0,36.357,60.727,29.970,MC,juvenileunknown,0.0,pound,Behavior,crouch,1foot,overhead,,POINT,35.469,35.469,NA,Y:/capuchin_coiba/archive/rawdata/camera_trap_images/renamed_data/R11/CEBUS-02-R11/CEBUS-02-R11__2022-01-12__08-17-35.MP4,1063,1063,,,,
CEBUS-02-R11__2022-01-12__08-17-35,2025-08-27 20:52:08,corrected by LR,Media file,player #1:Y:/capuchin_coiba/archive/rawdata/camera_trap_images/renamed_data/R11/CEBUS-02-R11/CEBUS-02-R11__2022-01-12__08-17-35.MP4,0.0,36.357,60.727,29.970,MC,juvenileunknown,0.0,misstrike,Behavior,hammerlost,,,,POINT,36.103,36.103,NA,Y:/capuchin_coiba/archive/rawdata/camera_trap_images/renamed_data/R11/CEBUS-02-R11/CEBUS-02-R11__2022-01-12__08-17-35.MP4,1082,1082,,,,
CEBUS-02-R11__2022-01-12__08-17-35,2025-08-27 20:52:08,corrected by LR,Media file,player #1:Y:/capuchin_coiba/archive/rawdata/camera_trap_images/renamed_data/R11/CEBUS-02-R11/CEBUS-02-R11__2022-01-12__08-17-35.MP4,0.0,36.357,60.727,29.970,MC,juvenileunknown,0.0,reposit,Behavior,item,,,,POINT,36.803,36.803,NA,Y:/capuchin_coiba/archive/rawdata/camera_trap_images/renamed_data/R11/CEBUS-02-R11/CEBUS-02-R11__2022-01-12__08-17-35.MP4,1103,1103,,,,
CEBUS-02-R11__2022-01-12__08-17-35,2025-08-27 20:52:08,corrected by LR,Media file,player #1:Y:/capuchin_coiba/archive/rawdata/camera_trap_images/renamed_data/R11/CEBUS-02-R11/CEBUS-02-R11__2022-01-12__08-17-35.MP4,0.0,36.357,60.727,29.970,MC,juvenileunknown,0.0,pound,Behavior,crouch,None,overhead,,POINT,41.942,41.942,NA,Y:/capuchin_coiba/archive/rawdata/camera_trap_images/renamed_data/R11/CEBUS-02-R11/CEBUS-02-R11__2022-01-12__08-17-35.MP4,1257,1257,,,,
CEBUS-02-R11__2022-01-12__08-17-35,2025-08-27 20:52:08,corrected by LR,Media file,player #1:Y:/capuchin_coiba/archive/rawdata/camera_trap_images/renamed_data/R11/CEBUS-02-R11/CEBUS-02-R11__2022-01-12__08-17-35.MP4,0.0,36.357,60.727,29.970,MC,juvenileunknown,0.0,pound,Behavior,stand,1foot,overhead,,POINT,43.777,43.777,NA,Y:/capuchin_coiba/archive/rawdata/camera_trap_images/renamed_data/R11/CEBUS-02-R11/CEBUS-02-R11__2022-01-12__08-17-35.MP4,1312,1312,,,,
CEBUS-02-R11__2022-01-12__08-17-35,2025-08-27 20:52:08,corrected by LR,Media file,player #1:Y:/capuchin_coiba/archive/rawdata/camera_trap_images/renamed_data/R11/CEBUS-02-R11/CEBUS-02-R11__2022-01-12__08-17-35.MP4,0.0,36.357,60.727,29.970,MC,juvenileunknown,0.0,pound,Behavior,crouch,None,overhead,,POINT,45.279,45.279,NA,Y:/capuchin_coiba/archive/rawdata/camera_trap_images/renamed_data/R11/CEBUS-02-R11/CEBUS-02-R11__2022-01-12__08-17-35.MP4,1357,1357,,,,
CEBUS-02-R11__2022-01-12__08-17-35,2025-08-27 20:52:08,corrected by LR,Media file,player #1:Y:/capuchin_coiba/archive/rawdata/camera_trap_images/renamed_data/R11/CEBUS-02-R11/CEBUS-02-R11__2022-01-12__08-17-35.MP4,0.0,36.357,60.727,29.970,MC,juvenileunknown,0.0,pound,Behavior,stand,tailsupport,overhead,,POINT,46.713,46.713,NA,Y:/capuchin_coiba/archive/rawdata/camera_trap_images/renamed_data/R11/CEBUS-02-R11/CEBUS-02-R11__2022-01-12__08-17-35.MP4,1400,1400,,,,
CEBUS-02-R11__2022-01-12__08-17-35,2025-08-27 20:52:08,corrected by LR,Media file,player #1:Y:/capuchin_coiba/archive/rawdata/camera_trap_images/renamed_data/R11/CEBUS-02-R11/CEBUS-02-R11__2022-01-12__08-17-35.MP4,0.0,36.357,60.727,29.970,MC,juvenileunknown,0.0,reposit,Behavior,peel,,,,POINT,48.215,48.215,NA,Y:/capuchin_coiba/archive/rawdata/camera_trap_images/renamed_data/R11/CEBUS-02-R11/CEBUS-02-R11__2022-01-12__08-17-35.MP4,1445,1445,,,,
CEBUS-02-R11__2022-01-12__08-17-35,2025-08-27 20:52:08,corrected by LR,Media file,player #1:Y:/capuchin_coiba/archive/rawdata/camera_trap_images/renamed_data/R11/CEBUS-02-R11/CEBUS-02-R11__2022-01-12__08-17-35.MP4,0.0,36.357,60.727,29.970,MC,juvenileunknown,0.0,pound,Behavior,stand,None,overhead,,POINT,50.717,50.717,NA,Y:/capuchin_coiba/archive/rawdata/camera_trap_images/renamed_data/R11/CEBUS-02-R11/CEBUS-02-R11__2022-01-12__08-17-35.MP4,1520,1520,,,,
CEBUS-02-R11__2022-01-12__08-17-35,2025-08-27 20:52:08,corrected by LR,Media file,player #1:Y:/capuchin_coiba/archive/rawdata/camera_trap_images/renamed_data/R11/CEBUS-02-R11/CEBUS-02-R11__2022-01-12__08-17-35.MP4,0.0,36.357,60.727,29.970,MC,juvenileunknown,0.0,pound,Behavior,stand,None,overhead,,POINT,52.019,52.019,NA,Y:/capuchin_coiba/archive/rawdata/camera_trap_images/renamed_data/R11/CEBUS-02-R11/CEBUS-02-R11__2022-01-12__08-17-35.MP4,1559,1559,,,,
CEBUS-02-R11__2022-01-12__08-17-35,2025-08-27 20:52:08,corrected by LR,Media file,player #1:Y:/capuchin_coiba/archive/rawdata/camera_trap_images/renamed_data/R11/CEBUS-02-R11/CEBUS-02-R11__2022-01-12__08-17-35.MP4,0.0,36.357,60.727,29.970,MC,juvenileunknown,0.0,reposit,Behavior,peel,,,,POINT,54.821,54.821,NA,Y:/capuchin_coiba/archive/rawdata/camera_trap_images/renamed_data/R11/CEBUS-02-R11/CEBUS-02-R11__2022-01-12__08-17-35.MP4,1643,1643,,,,
CEBUS-02-R11__2022-01-12__08-17-35,2025-08-27 20:52:08,corrected by LR,Media file,player #1:Y:/capuchin_coiba/archive/rawdata/camera_trap_images/renamed_data/R11/CEBUS-02-R11/CEBUS-02-R11__2022-01-12__08-17-35.MP4,0.0,36.357,60.727,29.970,MC,juvenileunknown,0.0,pound,Behavior,stand,None,None,,POINT,59.559,59.559,NA,Y:/capuchin_coiba/archive/rawdata/camera_trap_images/renamed_data/R11/CEBUS-02-R11/CEBUS-02-R11__2022-01-12__08-17-35.MP4,1785,1785,,,,
CEBUS-02-R11__2022-01-12__08-17-35,2025-08-27 20:52:08,corrected by LR,Media file,player #1:Y:/capuchin_coiba/archive/rawdata/camera_trap_images/renamed_data/R11/CEBUS-02-R11/CEBUS-02-R11__2022-01-12__08-17-35.MP4,0.0,36.357,60.727,29.970,MC,juvenileunknown,0.0,seqend,Sequence info,None,noscrounging,nodisplacement,noattention,POINT,60.715,60.715,NA,Y:/capuchin_coiba/archive/rawdata/camera_trap_images/renamed_data/R11/CEBUS-02-R11/CEBUS-02-R11__2022-01-12__08-17-35.MP4,1820,1820,,,"ending missed, one more pound but already heard Almendra cracking",
CEBUS-02-R11__2022-02-01__18-17-42,2025-08-27 20:58:11,corrected by LR,Media file,player #1:Y:/capuchin_coiba/archive/rawdata/camera_trap_images/renamed_data/R11/CEBUS-02-R11/CEBUS-02-R11__2022-02-01__18-17-42.MP4,0.0,60.694,60.727,29.970,MC,TER,0.0,seqstart,Sequence info,almendrabrown,,,,POINT,0.000,0.000,NA,Y:/capuchin_coiba/archive/rawdata/camera_trap_images/renamed_data/R11/CEBUS-02-R11/CEBUS-02-R11__2022-02-01__18-17-42.MP4,0,0,,,,
CEBUS-02-R11__2022-02-01__18-17-42,2025-08-27 20:58:11,corrected by LR,Media file,player #1:Y:/capuchin_coiba/archive/rawdata/camera_trap_images/renamed_data/R11/CEBUS-02-R11/CEBUS-02-R11__2022-02-01__18-17-42.MP4,0.0,60.694,60.727,29.970,MC,TER,0.0,hammerstone,Sequence info,inhand,None,e_onanvil,,POINT,0.133,0.133,NA,Y:/capuchin_coiba/archive/rawdata/camera_trap_images/renamed_data/R11/CEBUS-02-R11/CEBUS-02-R11__2022-02-01__18-17-42.MP4,4,4,,,FRE,
CEBUS-02-R11__2022-02-01__18-17-42,2025-08-27 20:58:11,corrected by LR,Media file,player #1:Y:/capuchin_coiba/archive/rawdata/camera_trap_images/renamed_data/R11/CEBUS-02-R11/CEBUS-02-R11__2022-02-01__18-17-42.MP4,0.0,60.694,60.727,29.970,MC,TER,0.0,pound,Behavior,stand,1foot,None,,POINT,0.901,0.901,NA,Y:/capuchin_coiba/archive/rawdata/camera_trap_images/renamed_data/R11/CEBUS-02-R11/CEBUS-02-R11__2022-02-01__18-17-42.MP4,27,27,,,,
CEBUS-02-R11__2022-02-01__18-17-42,2025-08-27 20:58:11,corrected by LR,Media file,player #1:Y:/capuchin_coiba/archive/rawdata/camera_trap_images/renamed_data/R11/CEBUS-02-R11/CEBUS-02-R11__2022-02-01__18-17-42.MP4,0.0,60.694,60.727,29.970,MC,TER,0.0,reposit,Behavior,item,,,,POINT,5.372,5.372,NA,Y:/capuchin_coiba/archive/rawdata/camera_trap_images/renamed_data/R11/CEBUS-02-R11/CEBUS-02-R11__2022-02-01__18-17-42.MP4,161,161,,,,
CEBUS-02-R11__2022-02-01__18-17-42,2025-08-27 20:58:11,corrected by LR,Media file,player #1:Y:/capuchin_coiba/archive/rawdata/camera_trap_images/renamed_data/R11/CEBUS-02-R11/CEBUS-02-R11__2022-02-01__18-17-42.MP4,0.0,60.694,60.727,29.970,MC,TER,0.0,pound,Behavior,crouch,1foot,None,,POINT,7.808,7.808,NA,Y:/capuchin_coiba/archive/rawdata/camera_trap_images/renamed_data/R11/CEBUS-02-R11/CEBUS-02-R11__2022-02-01__18-17-42.MP4,234,234,,,,
CEBUS-02-R11__2022-02-01__18-17-42,2025-08-27 20:58:11,corrected by LR,Media file,player #1:Y:/capuchin_coiba/archive/rawdata/camera_trap_images/renamed_data/R11/CEBUS-02-R11/CEBUS-02-R11__2022-02-01__18-17-42.MP4,0.0,60.694,60.727,29.970,MC,TER,0.0,reposit,Behavior,peel,,,,POINT,11.578,11.578,NA,Y:/capuchin_coiba/archive/rawdata/camera_trap_images/renamed_data/R11/CEBUS-02-R11/CEBUS-02-R11__2022-02-01__18-17-42.MP4,347,347,,,,
CEBUS-02-R11__2022-02-01__18-17-42,2025-08-27 20:58:11,corrected by LR,Media file,player #1:Y:/capuchin_coiba/archive/rawdata/camera_trap_images/renamed_data/R11/CEBUS-02-R11/CEBUS-02-R11__2022-02-01__18-17-42.MP4,0.0,60.694,60.727,29.970,MC,TER,0.0,pound,Behavior,crouch,None,None,,POINT,21.388,21.388,NA,Y:/capuchin_coiba/archive/rawdata/camera_trap_images/renamed_data/R11/CEBUS-02-R11/CEBUS-02-R11__2022-02-01__18-17-42.MP4,641,641,,,,
CEBUS-02-R11__2022-02-01__18-17-42,2025-08-27 20:58:11,corrected by LR,Media file,player #1:Y:/capuchin_coiba/archive/rawdata/camera_trap_images/renamed_data/R11/CEBUS-02-R11/CEBUS-02-R11__2022-02-01__18-17-42.MP4,0.0,60.694,60.727,29.970,MC,TER,0.0,reposit,Behavior,item,,,,POINT,22.756,22.756,NA,Y:/capuchin_coiba/archive/rawdata/camera_trap_images/renamed_data/R11/CEBUS-02-R11/CEBUS-02-R11__2022-02-01__18-17-42.MP4,682,682,,,,
CEBUS-02-R11__2022-02-01__18-17-42,2025-08-27 20:58:11,corrected by LR,Media file,player #1:Y:/capuchin_coiba/archive/rawdata/camera_trap_images/renamed_data/R11/CEBUS-02-R11/CEBUS-02-R11__2022-02-01__18-17-42.MP4,0.0,60.694,60.727,29.970,MC,TER,0.0,pound,Behavior,crouch,None,None,,POINT,26.426,26.426,NA,Y:/capuchin_coiba/archive/rawdata/camera_trap_images/renamed_data/R11/CEBUS-02-R11/CEBUS-02-R11__2022-02-01__18-17-42.MP4,792,792,,,,
CEBUS-02-R11__2022-02-01__18-17-42,2025-08-27 20:58:11,corrected by LR,Media file,player #1:Y:/capuchin_coiba/archive/rawdata/camera_trap_images/renamed_data/R11/CEBUS-02-R11/CEBUS-02-R11__2022-02-01__18-17-42.MP4,0.0,60.694,60.727,29.970,MC,TER,0.0,reposit,Behavior,peel,,,,POINT,31.231,31.231,NA,Y:/capuchin_coiba/archive/rawdata/camera_trap_images/renamed_data/R11/CEBUS-02-R11/CEBUS-02-R11__2022-02-01__18-17-42.MP4,936,936,,,,
CEBUS-02-R11__2022-02-01__18-17-42,2025-08-27 20:58:11,corrected by LR,Media file,player #1:Y:/capuchin_coiba/archive/rawdata/camera_trap_images/renamed_data/R11/CEBUS-02-R11/CEBUS-02-R11__2022-02-01__18-17-42.MP4,0.0,60.694,60.727,29.970,MC,TER,0.0,reposit,Behavior,item,,,,POINT,41.875,41.875,NA,Y:/capuchin_coiba/archive/rawdata/camera_trap_images/renamed_data/R11/CEBUS-02-R11/CEBUS-02-R11__2022-02-01__18-17-42.MP4,1255,1255,,,,
CEBUS-02-R11__2022-02-01__18-17-42,2025-08-27 20:58:11,corrected by LR,Media file,player #1:Y:/capuchin_coiba/archive/rawdata/camera_trap_images/renamed_data/R11/CEBUS-02-R11/CEBUS-02-R11__2022-02-01__18-17-42.MP4,0.0,60.694,60.727,29.970,MC,TER,0.0,misstrike,Behavior,None,,,,POINT,48.549,48.549,NA,Y:/capuchin_coiba/archive/rawdata/camera_trap_images/renamed_data/R11/CEBUS-02-R11/CEBUS-02-R11__2022-02-01__18-17-42.MP4,1455,1455,,,,
CEBUS-02-R11__2022-02-01__18-17-42,2025-08-27 20:58:11,corrected by LR,Media file,player #1:Y:/capuchin_coiba/archive/rawdata/camera_trap_images/renamed_data/R11/CEBUS-02-R11/CEBUS-02-R11__2022-02-01__18-17-42.MP4,0.0,60.694,60.727,29.970,MC,TER,0.0,reposit,Behavior,peel,,,,POINT,51.251,51.251,NA,Y:/capuchin_coiba/archive/rawdata/camera_trap_images/renamed_data/R11/CEBUS-02-R11/CEBUS-02-R11__2022-02-01__18-17-42.MP4,1536,1536,,,checks out a different Almendra,
CEBUS-02-R11__2022-02-01__18-17-42,2025-08-27 20:58:11,corrected by LR,Media file,player #1:Y:/capuchin_coiba/archive/rawdata/camera_trap_images/renamed_data/R11/CEBUS-02-R11/CEBUS-02-R11__2022-02-01__18-17-42.MP4,0.0,60.694,60.727,29.970,MC,TER,0.0,hammerswitch,Behavior,offanvilreach,None,,,POINT,56.123,56.123,NA,Y:/capuchin_coiba/archive/rawdata/camera_trap_images/renamed_data/R11/CEBUS-02-R11/CEBUS-02-R11__2022-02-01__18-17-42.MP4,1682,1682,,,WIL,
CEBUS-02-R11__2022-02-01__18-17-42,2025-08-27 20:58:11,corrected by LR,Media file,player #1:Y:/capuchin_coiba/archive/rawdata/camera_trap_images/renamed_data/R11/CEBUS-02-R11/CEBUS-02-R11__2022-02-01__18-17-42.MP4,0.0,60.694,60.727,29.970,MC,TER,0.0,pound,Behavior,crouch,None,None,,POINT,58.392,58.392,NA,Y:/capuchin_coiba/archive/rawdata/camera_trap_images/renamed_data/R11/CEBUS-02-R11/CEBUS-02-R11__2022-02-01__18-17-42.MP4,1750,1750,,,,
CEBUS-02-R11__2022-02-01__18-17-42,2025-08-27 20:58:11,corrected by LR,Media file,player #1:Y:/capuchin_coiba/archive/rawdata/camera_trap_images/renamed_data/R11/CEBUS-02-R11/CEBUS-02-R11__2022-02-01__18-17-42.MP4,0.0,60.694,60.727,29.970,MC,TER,0.0,pound,Behavior,crouch,None,None,,POINT,59.660,59.660,NA,Y:/capuchin_coiba/archive/rawdata/camera_trap_images/renamed_data/R11/CEBUS-02-R11/CEBUS-02-R11__2022-02-01__18-17-42.MP4,1788,1788,,,,
CEBUS-02-R11__2022-02-01__18-17-42,2025-08-27 20:58:11,corrected by LR,Media file,player #1:Y:/capuchin_coiba/archive/rawdata/camera_trap_images/renamed_data/R11/CEBUS-02-R11/CEBUS-02-R11__2022-02-01__18-17-42.MP4,0.0,60.694,60.727,29.970,MC,TER,0.0,pound,Behavior,crouch,None,None,,POINT,60.600,60.600,NA,Y:/capuchin_coiba/archive/rawdata/camera_trap_images/renamed_data/R11/CEBUS-02-R11/CEBUS-02-R11__2022-02-01__18-17-42.MP4,1816,1816,,,,
CEBUS-02-R11__2022-02-01__18-17-42,2025-08-27 20:58:11,corrected by LR,Media file,player #1:Y:/capuchin_coiba/archive/rawdata/camera_trap_images/renamed_data/R11/CEBUS-02-R11/CEBUS-02-R11__2022-02-01__18-17-42.MP4,0.0,60.694,60.727,29.970,MC,TER,0.0,seqend,Sequence info,None,None,None,None,POINT,60.694,60.694,NA,Y:/capuchin_coiba/archive/rawdata/camera_trap_images/renamed_data/R11/CEBUS-02-R11/CEBUS-02-R11__2022-02-01__18-17-42.MP4,1819,1819,,,ending missed,
CEBUS-02-R11__2022-02-01__18-18-48,2025-08-27 21:04:19,corrected by LR,Media file,player #1:Y:/capuchin_coiba/archive/rawdata/camera_trap_images/renamed_data/R11/CEBUS-02-R11/CEBUS-02-R11__2022-02-01__18-18-48.MP4,0.0,57.548,60.894,29.970,MC,TER,0.0,seqstart,Sequence info,almendrabrown,,,,POINT,3.337,3.337,NA,Y:/capuchin_coiba/archive/rawdata/camera_trap_images/renamed_data/R11/CEBUS-02-R11/CEBUS-02-R11__2022-02-01__18-18-48.MP4,100,100,,,,
CEBUS-02-R11__2022-02-01__18-18-48,2025-08-27 21:04:19,corrected by LR,Media file,player #1:Y:/capuchin_coiba/archive/rawdata/camera_trap_images/renamed_data/R11/CEBUS-02-R11/CEBUS-02-R11__2022-02-01__18-18-48.MP4,0.0,57.548,60.894,29.970,MC,TER,0.0,hammerstone,Sequence info,onanvil,None,e_onanvil,,POINT,3.570,3.570,NA,Y:/capuchin_coiba/archive/rawdata/camera_trap_images/renamed_data/R11/CEBUS-02-R11/CEBUS-02-R11__2022-02-01__18-18-48.MP4,107,107,,,BAM,
CEBUS-02-R11__2022-02-01__18-18-48,2025-08-27 21:04:19,corrected by LR,Media file,player #1:Y:/capuchin_coiba/archive/rawdata/camera_trap_images/renamed_data/R11/CEBUS-02-R11/CEBUS-02-R11__2022-02-01__18-18-48.MP4,0.0,57.548,60.894,29.970,MC,TER,0.0,misstrike,Behavior,None,,,,POINT,6.540,6.540,NA,Y:/capuchin_coiba/archive/rawdata/camera_trap_images/renamed_data/R11/CEBUS-02-R11/CEBUS-02-R11__2022-02-01__18-18-48.MP4,196,196,,,very very weak might have landed on Almendra but looked just like he moved the hammerstone over,
CEBUS-02-R11__2022-02-01__18-18-48,2025-08-27 21:04:19,corrected by LR,Media file,player #1:Y:/capuchin_coiba/archive/rawdata/camera_trap_images/renamed_data/R11/CEBUS-02-R11/CEBUS-02-R11__2022-02-01__18-18-48.MP4,0.0,57.548,60.894,29.970,MC,TER,0.0,pound,Behavior,crouch,None,overhead,,POINT,14.314,14.314,NA,Y:/capuchin_coiba/archive/rawdata/camera_trap_images/renamed_data/R11/CEBUS-02-R11/CEBUS-02-R11__2022-02-01__18-18-48.MP4,429,429,,,,
CEBUS-02-R11__2022-02-01__18-18-48,2025-08-27 21:04:19,corrected by LR,Media file,player #1:Y:/capuchin_coiba/archive/rawdata/camera_trap_images/renamed_data/R11/CEBUS-02-R11/CEBUS-02-R11__2022-02-01__18-18-48.MP4,0.0,57.548,60.894,29.970,MC,TER,0.0,pound,Behavior,crouch,None,None,,POINT,15.782,15.782,NA,Y:/capuchin_coiba/archive/rawdata/camera_trap_images/renamed_data/R11/CEBUS-02-R11/CEBUS-02-R11__2022-02-01__18-18-48.MP4,473,473,,,,
CEBUS-02-R11__2022-02-01__18-18-48,2025-08-27 21:04:19,corrected by LR,Media file,player #1:Y:/capuchin_coiba/archive/rawdata/camera_trap_images/renamed_data/R11/CEBUS-02-R11/CEBUS-02-R11__2022-02-01__18-18-48.MP4,0.0,57.548,60.894,29.970,MC,TER,0.0,pound,Behavior,crouch,None,None,,POINT,17.050,17.050,NA,Y:/capuchin_coiba/archive/rawdata/camera_trap_images/renamed_data/R11/CEBUS-02-R11/CEBUS-02-R11__2022-02-01__18-18-48.MP4,511,511,,,,
CEBUS-02-R11__2022-02-01__18-18-48,2025-08-27 21:04:19,corrected by LR,Media file,player #1:Y:/capuchin_coiba/archive/rawdata/camera_trap_images/renamed_data/R11/CEBUS-02-R11/CEBUS-02-R11__2022-02-01__18-18-48.MP4,0.0,57.548,60.894,29.970,MC,TER,0.0,reposit,Behavior,peel,,,,POINT,21.121,21.121,NA,Y:/capuchin_coiba/archive/rawdata/camera_trap_images/renamed_data/R11/CEBUS-02-R11/CEBUS-02-R11__2022-02-01__18-18-48.MP4,633,633,,,,
CEBUS-02-R11__2022-02-01__18-18-48,2025-08-27 21:04:19,corrected by LR,Media file,player #1:Y:/capuchin_coiba/archive/rawdata/camera_trap_images/renamed_data/R11/CEBUS-02-R11/CEBUS-02-R11__2022-02-01__18-18-48.MP4,0.0,57.548,60.894,29.970,MC,TER,0.0,hammerswitch,Behavior,onanvil,None,,,POINT,29.029,29.029,NA,Y:/capuchin_coiba/archive/rawdata/camera_trap_images/renamed_data/R11/CEBUS-02-R11/CEBUS-02-R11__2022-02-01__18-18-48.MP4,870,870,,,FRE,
CEBUS-02-R11__2022-02-01__18-18-48,2025-08-27 21:04:19,corrected by LR,Media file,player #1:Y:/capuchin_coiba/archive/rawdata/camera_trap_images/renamed_data/R11/CEBUS-02-R11/CEBUS-02-R11__2022-02-01__18-18-48.MP4,0.0,57.548,60.894,29.970,MC,TER,0.0,pound,Behavior,crouch,None,None,,POINT,29.963,29.963,NA,Y:/capuchin_coiba/archive/rawdata/camera_trap_images/renamed_data/R11/CEBUS-02-R11/CEBUS-02-R11__2022-02-01__18-18-48.MP4,898,898,,,,
CEBUS-02-R11__2022-02-01__18-18-48,2025-08-27 21:04:19,corrected by LR,Media file,player #1:Y:/capuchin_coiba/archive/rawdata/camera_trap_images/renamed_data/R11/CEBUS-02-R11/CEBUS-02-R11__2022-02-01__18-18-48.MP4,0.0,57.548,60.894,29.970,MC,TER,0.0,pound,Behavior,crouch,None,None,,POINT,31.331,31.331,NA,Y:/capuchin_coiba/archive/rawdata/camera_trap_images/renamed_data/R11/CEBUS-02-R11/CEBUS-02-R11__2022-02-01__18-18-48.MP4,939,939,,,,
CEBUS-02-R11__2022-02-01__18-18-48,2025-08-27 21:04:19,corrected by LR,Media file,player #1:Y:/capuchin_coiba/archive/rawdata/camera_trap_images/renamed_data/R11/CEBUS-02-R11/CEBUS-02-R11__2022-02-01__18-18-48.MP4,0.0,57.548,60.894,29.970,MC,TER,0.0,reposit,Behavior,peel,,,,POINT,33.867,33.867,NA,Y:/capuchin_coiba/archive/rawdata/camera_trap_images/renamed_data/R11/CEBUS-02-R11/CEBUS-02-R11__2022-02-01__18-18-48.MP4,1015,1015,,,,
CEBUS-02-R11__2022-02-01__18-18-48,2025-08-27 21:04:19,corrected by LR,Media file,player #1:Y:/capuchin_coiba/archive/rawdata/camera_trap_images/renamed_data/R11/CEBUS-02-R11/CEBUS-02-R11__2022-02-01__18-18-48.MP4,0.0,57.548,60.894,29.970,MC,TER,0.0,hammerswitch,Behavior,onanvil,None,,,POINT,34.568,34.568,NA,Y:/capuchin_coiba/archive/rawdata/camera_trap_images/renamed_data/R11/CEBUS-02-R11/CEBUS-02-R11__2022-02-01__18-18-48.MP4,1036,1036,,,BAM,
CEBUS-02-R11__2022-02-01__18-18-48,2025-08-27 21:04:19,corrected by LR,Media file,player #1:Y:/capuchin_coiba/archive/rawdata/camera_trap_images/renamed_data/R11/CEBUS-02-R11/CEBUS-02-R11__2022-02-01__18-18-48.MP4,0.0,57.548,60.894,29.970,MC,TER,0.0,misstrike,Behavior,None,,,,POINT,35.435,35.435,NA,Y:/capuchin_coiba/archive/rawdata/camera_trap_images/renamed_data/R11/CEBUS-02-R11/CEBUS-02-R11__2022-02-01__18-18-48.MP4,1062,1062,,,put hammerstone down together with Almendra but Almendra on side of it in hand not underneath,
CEBUS-02-R11__2022-02-01__18-18-48,2025-08-27 21:04:19,corrected by LR,Media file,player #1:Y:/capuchin_coiba/archive/rawdata/camera_trap_images/renamed_data/R11/CEBUS-02-R11/CEBUS-02-R11__2022-02-01__18-18-48.MP4,0.0,57.548,60.894,29.970,MC,TER,0.0,reposit,Behavior,item,,,,POINT,37.004,37.004,NA,Y:/capuchin_coiba/archive/rawdata/camera_trap_images/renamed_data/R11/CEBUS-02-R11/CEBUS-02-R11__2022-02-01__18-18-48.MP4,1109,1109,,,,
CEBUS-02-R11__2022-02-01__18-18-48,2025-08-27 21:04:19,corrected by LR,Media file,player #1:Y:/capuchin_coiba/archive/rawdata/camera_trap_images/renamed_data/R11/CEBUS-02-R11/CEBUS-02-R11__2022-02-01__18-18-48.MP4,0.0,57.548,60.894,29.970,MC,TER,0.0,pound,Behavior,crouch,None,None,,POINT,38.038,38.038,NA,Y:/capuchin_coiba/archive/rawdata/camera_trap_images/renamed_data/R11/CEBUS-02-R11/CEBUS-02-R11__2022-02-01__18-18-48.MP4,1140,1140,,,,
CEBUS-02-R11__2022-02-01__18-18-48,2025-08-27 21:04:19,corrected by LR,Media file,player #1:Y:/capuchin_coiba/archive/rawdata/camera_trap_images/renamed_data/R11/CEBUS-02-R11/CEBUS-02-R11__2022-02-01__18-18-48.MP4,0.0,57.548,60.894,29.970,MC,TER,0.0,pound,Behavior,crouch,None,None,,POINT,39.239,39.239,NA,Y:/capuchin_coiba/archive/rawdata/camera_trap_images/renamed_data/R11/CEBUS-02-R11/CEBUS-02-R11__2022-02-01__18-18-48.MP4,1176,1176,,,,
CEBUS-02-R11__2022-02-01__18-18-48,2025-08-27 21:04:19,corrected by LR,Media file,player #1:Y:/capuchin_coiba/archive/rawdata/camera_trap_images/renamed_data/R11/CEBUS-02-R11/CEBUS-02-R11__2022-02-01__18-18-48.MP4,0.0,57.548,60.894,29.970,MC,TER,0.0,pound,Behavior,crouch,None,None,,POINT,40.574,40.574,NA,Y:/capuchin_coiba/archive/rawdata/camera_trap_images/renamed_data/R11/CEBUS-02-R11/CEBUS-02-R11__2022-02-01__18-18-48.MP4,1216,1216,,,,
CEBUS-02-R11__2022-02-01__18-18-48,2025-08-27 21:04:19,corrected by LR,Media file,player #1:Y:/capuchin_coiba/archive/rawdata/camera_trap_images/renamed_data/R11/CEBUS-02-R11/CEBUS-02-R11__2022-02-01__18-18-48.MP4,0.0,57.548,60.894,29.970,MC,TER,0.0,misstrike,Behavior,None,,,,POINT,42.109,42.109,NA,Y:/capuchin_coiba/archive/rawdata/camera_trap_images/renamed_data/R11/CEBUS-02-R11/CEBUS-02-R11__2022-02-01__18-18-48.MP4,1262,1262,,,,
CEBUS-02-R11__2022-02-01__18-18-48,2025-08-27 21:04:19,corrected by LR,Media file,player #1:Y:/capuchin_coiba/archive/rawdata/camera_trap_images/renamed_data/R11/CEBUS-02-R11/CEBUS-02-R11__2022-02-01__18-18-48.MP4,0.0,57.548,60.894,29.970,MC,TER,0.0,reposit,Behavior,peel,,,,POINT,44.011,44.011,NA,Y:/capuchin_coiba/archive/rawdata/camera_trap_images/renamed_data/R11/CEBUS-02-R11/CEBUS-02-R11__2022-02-01__18-18-48.MP4,1319,1319,,,,
CEBUS-02-R11__2022-02-01__18-18-48,2025-08-27 21:04:19,corrected by LR,Media file,player #1:Y:/capuchin_coiba/archive/rawdata/camera_trap_images/renamed_data/R11/CEBUS-02-R11/CEBUS-02-R11__2022-02-01__18-18-48.MP4,0.0,57.548,60.894,29.970,MC,TER,0.0,pound,Behavior,crouch,None,None,,POINT,48.682,48.682,NA,Y:/capuchin_coiba/archive/rawdata/camera_trap_images/renamed_data/R11/CEBUS-02-R11/CEBUS-02-R11__2022-02-01__18-18-48.MP4,1459,1459,,,,
CEBUS-02-R11__2022-02-01__18-18-48,2025-08-27 21:04:19,corrected by LR,Media file,player #1:Y:/capuchin_coiba/archive/rawdata/camera_trap_images/renamed_data/R11/CEBUS-02-R11/CEBUS-02-R11__2022-02-01__18-18-48.MP4,0.0,57.548,60.894,29.970,MC,TER,0.0,pound,Behavior,crouch,None,None,,POINT,50.183,50.183,NA,Y:/capuchin_coiba/archive/rawdata/camera_trap_images/renamed_data/R11/CEBUS-02-R11/CEBUS-02-R11__2022-02-01__18-18-48.MP4,1504,1504,,,,
CEBUS-02-R11__2022-02-01__18-18-48,2025-08-27 21:04:19,corrected by LR,Media file,player #1:Y:/capuchin_coiba/archive/rawdata/camera_trap_images/renamed_data/R11/CEBUS-02-R11/CEBUS-02-R11__2022-02-01__18-18-48.MP4,0.0,57.548,60.894,29.970,MC,TER,0.0,pound,Behavior,crouch,None,None,,POINT,51.251,51.251,NA,Y:/capuchin_coiba/archive/rawdata/camera_trap_images/renamed_data/R11/CEBUS-02-R11/CEBUS-02-R11__2022-02-01__18-18-48.MP4,1536,1536,,,,
CEBUS-02-R11__2022-02-01__18-18-48,2025-08-27 21:04:19,corrected by LR,Media file,player #1:Y:/capuchin_coiba/archive/rawdata/camera_trap_images/renamed_data/R11/CEBUS-02-R11/CEBUS-02-R11__2022-02-01__18-18-48.MP4,0.0,57.548,60.894,29.970,MC,TER,0.0,reposit,Behavior,item,,,,POINT,52.286,52.286,NA,Y:/capuchin_coiba/archive/rawdata/camera_trap_images/renamed_data/R11/CEBUS-02-R11/CEBUS-02-R11__2022-02-01__18-18-48.MP4,1567,1567,,,,
CEBUS-02-R11__2022-02-01__18-18-48,2025-08-27 21:04:19,corrected by LR,Media file,player #1:Y:/capuchin_coiba/archive/rawdata/camera_trap_images/renamed_data/R11/CEBUS-02-R11/CEBUS-02-R11__2022-02-01__18-18-48.MP4,0.0,57.548,60.894,29.970,MC,TER,0.0,hammerswitch,Behavior,onanvil,None,,,POINT,53.253,53.253,NA,Y:/capuchin_coiba/archive/rawdata/camera_trap_images/renamed_data/R11/CEBUS-02-R11/CEBUS-02-R11__2022-02-01__18-18-48.MP4,1596,1596,,,FRE,
CEBUS-02-R11__2022-02-01__18-18-48,2025-08-27 21:04:19,corrected by LR,Media file,player #1:Y:/capuchin_coiba/archive/rawdata/camera_trap_images/renamed_data/R11/CEBUS-02-R11/CEBUS-02-R11__2022-02-01__18-18-48.MP4,0.0,57.548,60.894,29.970,MC,TER,0.0,pound,Behavior,stand,None,None,,POINT,55.956,55.956,NA,Y:/capuchin_coiba/archive/rawdata/camera_trap_images/renamed_data/R11/CEBUS-02-R11/CEBUS-02-R11__2022-02-01__18-18-48.MP4,1677,1677,,,,
CEBUS-02-R11__2022-02-01__18-18-48,2025-08-27 21:04:19,corrected by LR,Media file,player #1:Y:/capuchin_coiba/archive/rawdata/camera_trap_images/renamed_data/R11/CEBUS-02-R11/CEBUS-02-R11__2022-02-01__18-18-48.MP4,0.0,57.548,60.894,29.970,MC,TER,0.0,reposit,Behavior,item,,,,POINT,59.593,59.593,NA,Y:/capuchin_coiba/archive/rawdata/camera_trap_images/renamed_data/R11/CEBUS-02-R11/CEBUS-02-R11__2022-02-01__18-18-48.MP4,1786,1786,,,,
CEBUS-02-R11__2022-02-01__18-18-48,2025-08-27 21:04:19,corrected by LR,Media file,player #1:Y:/capuchin_coiba/archive/rawdata/camera_trap_images/renamed_data/R11/CEBUS-02-R11/CEBUS-02-R11__2022-02-01__18-18-48.MP4,0.0,57.548,60.894,29.970,MC,TER,0.0,misstrike,Behavior,None,,,,POINT,60.527,60.527,NA,Y:/capuchin_coiba/archive/rawdata/camera_trap_images/renamed_data/R11/CEBUS-02-R11/CEBUS-02-R11__2022-02-01__18-18-48.MP4,1814,1814,,,,
CEBUS-02-R11__2022-02-01__18-18-48,2025-08-27 21:04:19,corrected by LR,Media file,player #1:Y:/capuchin_coiba/archive/rawdata/camera_trap_images/renamed_data/R11/CEBUS-02-R11/CEBUS-02-R11__2022-02-01__18-18-48.MP4,0.0,57.548,60.894,29.970,MC,TER,0.0,seqend,Sequence info,None,noscrounging,nodisplacement,noattention,POINT,60.885,60.885,NA,Y:/capuchin_coiba/archive/rawdata/camera_trap_images/renamed_data/R11/CEBUS-02-R11/CEBUS-02-R11__2022-02-01__18-18-48.MP4,1825,1825,,,ending missed,
CEBUS-02-R11__2022-02-01__18-19-58,2025-08-27 21:10:24,corrected by LR,Media file,player #1:Y:/capuchin_coiba/archive/rawdata/camera_trap_images/renamed_data/R11/CEBUS-02-R11/CEBUS-02-R11__2022-02-01__18-19-58.MP4,0.0,55.256,60.861,29.970,MC,TER,0.0,seqstart,Sequence info,almendrabrown,,,,POINT,1.034,1.034,NA,Y:/capuchin_coiba/archive/rawdata/camera_trap_images/renamed_data/R11/CEBUS-02-R11/CEBUS-02-R11__2022-02-01__18-19-58.MP4,31,31,,,,
CEBUS-02-R11__2022-02-01__18-19-58,2025-08-27 21:10:24,corrected by LR,Media file,player #1:Y:/capuchin_coiba/archive/rawdata/camera_trap_images/renamed_data/R11/CEBUS-02-R11/CEBUS-02-R11__2022-02-01__18-19-58.MP4,0.0,55.256,60.861,29.970,MC,TER,0.0,hammerstone,Sequence info,onanvil,None,e_onanvil,,POINT,1.134,1.134,NA,Y:/capuchin_coiba/archive/rawdata/camera_trap_images/renamed_data/R11/CEBUS-02-R11/CEBUS-02-R11__2022-02-01__18-19-58.MP4,34,34,,,FRE,
CEBUS-02-R11__2022-02-01__18-19-58,2025-08-27 21:10:24,corrected by LR,Media file,player #1:Y:/capuchin_coiba/archive/rawdata/camera_trap_images/renamed_data/R11/CEBUS-02-R11/CEBUS-02-R11__2022-02-01__18-19-58.MP4,0.0,55.256,60.861,29.970,MC,TER,0.0,pound,Behavior,crouch,None,None,,POINT,2.069,2.069,NA,Y:/capuchin_coiba/archive/rawdata/camera_trap_images/renamed_data/R11/CEBUS-02-R11/CEBUS-02-R11__2022-02-01__18-19-58.MP4,62,62,,,,
CEBUS-02-R11__2022-02-01__18-19-58,2025-08-27 21:10:24,corrected by LR,Media file,player #1:Y:/capuchin_coiba/archive/rawdata/camera_trap_images/renamed_data/R11/CEBUS-02-R11/CEBUS-02-R11__2022-02-01__18-19-58.MP4,0.0,55.256,60.861,29.970,MC,TER,0.0,reposit,Behavior,peel,,,,POINT,3.470,3.470,NA,Y:/capuchin_coiba/archive/rawdata/camera_trap_images/renamed_data/R11/CEBUS-02-R11/CEBUS-02-R11__2022-02-01__18-19-58.MP4,104,104,,,,
CEBUS-02-R11__2022-02-01__18-19-58,2025-08-27 21:10:24,corrected by LR,Media file,player #1:Y:/capuchin_coiba/archive/rawdata/camera_trap_images/renamed_data/R11/CEBUS-02-R11/CEBUS-02-R11__2022-02-01__18-19-58.MP4,0.0,55.256,60.861,29.970,MC,TER,0.0,hammerswitch,Behavior,offanvilreach,unmarked,,,POINT,10.177,10.177,NA,Y:/capuchin_coiba/archive/rawdata/camera_trap_images/renamed_data/R11/CEBUS-02-R11/CEBUS-02-R11__2022-02-01__18-19-58.MP4,305,305,,,"small, grey, sharp edges",
CEBUS-02-R11__2022-02-01__18-19-58,2025-08-27 21:10:24,corrected by LR,Media file,player #1:Y:/capuchin_coiba/archive/rawdata/camera_trap_images/renamed_data/R11/CEBUS-02-R11/CEBUS-02-R11__2022-02-01__18-19-58.MP4,0.0,55.256,60.861,29.970,MC,TER,0.0,pound,Behavior,crouch,1hand,None,,POINT,11.144,11.144,NA,Y:/capuchin_coiba/archive/rawdata/camera_trap_images/renamed_data/R11/CEBUS-02-R11/CEBUS-02-R11__2022-02-01__18-19-58.MP4,334,334,,,,
CEBUS-02-R11__2022-02-01__18-19-58,2025-08-27 21:10:24,corrected by LR,Media file,player #1:Y:/capuchin_coiba/archive/rawdata/camera_trap_images/renamed_data/R11/CEBUS-02-R11/CEBUS-02-R11__2022-02-01__18-19-58.MP4,0.0,55.256,60.861,29.970,MC,TER,0.0,pound,Behavior,crouch,1hand,None,,POINT,12.112,12.112,NA,Y:/capuchin_coiba/archive/rawdata/camera_trap_images/renamed_data/R11/CEBUS-02-R11/CEBUS-02-R11__2022-02-01__18-19-58.MP4,363,363,,,,
CEBUS-02-R11__2022-02-01__18-19-58,2025-08-27 21:10:24,corrected by LR,Media file,player #1:Y:/capuchin_coiba/archive/rawdata/camera_trap_images/renamed_data/R11/CEBUS-02-R11/CEBUS-02-R11__2022-02-01__18-19-58.MP4,0.0,55.256,60.861,29.970,MC,TER,0.0,hammerswitch,Behavior,onanvil,None,,,POINT,15.382,15.382,NA,Y:/capuchin_coiba/archive/rawdata/camera_trap_images/renamed_data/R11/CEBUS-02-R11/CEBUS-02-R11__2022-02-01__18-19-58.MP4,461,461,,,FRE,
CEBUS-02-R11__2022-02-01__18-19-58,2025-08-27 21:10:24,corrected by LR,Media file,player #1:Y:/capuchin_coiba/archive/rawdata/camera_trap_images/renamed_data/R11/CEBUS-02-R11/CEBUS-02-R11__2022-02-01__18-19-58.MP4,0.0,55.256,60.861,29.970,MC,TER,0.0,pound,Behavior,stand,None,None,,POINT,17.551,17.551,NA,Y:/capuchin_coiba/archive/rawdata/camera_trap_images/renamed_data/R11/CEBUS-02-R11/CEBUS-02-R11__2022-02-01__18-19-58.MP4,526,526,,,,
CEBUS-02-R11__2022-02-01__18-19-58,2025-08-27 21:10:24,corrected by LR,Media file,player #1:Y:/capuchin_coiba/archive/rawdata/camera_trap_images/renamed_data/R11/CEBUS-02-R11/CEBUS-02-R11__2022-02-01__18-19-58.MP4,0.0,55.256,60.861,29.970,MC,TER,0.0,seqend,Sequence info,opened,None,None,None,POINT,22.589,22.589,NA,Y:/capuchin_coiba/archive/rawdata/camera_trap_images/renamed_data/R11/CEBUS-02-R11/CEBUS-02-R11__2022-02-01__18-19-58.MP4,677,677,,,,
CEBUS-02-R11__2022-02-01__18-19-58,2025-08-27 21:10:24,corrected by LR,Media file,player #1:Y:/capuchin_coiba/archive/rawdata/camera_trap_images/renamed_data/R11/CEBUS-02-R11/CEBUS-02-R11__2022-02-01__18-19-58.MP4,0.0,55.256,60.861,29.970,MC,TER,0.0,seqstart,Sequence info,almendrabrown,,,,POINT,50.884,50.884,NA,Y:/capuchin_coiba/archive/rawdata/camera_trap_images/renamed_data/R11/CEBUS-02-R11/CEBUS-02-R11__2022-02-01__18-19-58.MP4,1525,1525,,,,
CEBUS-02-R11__2022-02-01__18-19-58,2025-08-27 21:10:24,corrected by LR,Media file,player #1:Y:/capuchin_coiba/archive/rawdata/camera_trap_images/renamed_data/R11/CEBUS-02-R11/CEBUS-02-R11__2022-02-01__18-19-58.MP4,0.0,55.256,60.861,29.970,MC,TER,0.0,hammerstone,Sequence info,onanvil,None,e_onanvil,,POINT,51.385,51.385,NA,Y:/capuchin_coiba/archive/rawdata/camera_trap_images/renamed_data/R11/CEBUS-02-R11/CEBUS-02-R11__2022-02-01__18-19-58.MP4,1540,1540,,,FRE,
CEBUS-02-R11__2022-02-01__18-19-58,2025-08-27 21:10:24,corrected by LR,Media file,player #1:Y:/capuchin_coiba/archive/rawdata/camera_trap_images/renamed_data/R11/CEBUS-02-R11/CEBUS-02-R11__2022-02-01__18-19-58.MP4,0.0,55.256,60.861,29.970,MC,TER,0.0,pound,Behavior,crouch,None,None,,POINT,51.919,51.919,NA,Y:/capuchin_coiba/archive/rawdata/camera_trap_images/renamed_data/R11/CEBUS-02-R11/CEBUS-02-R11__2022-02-01__18-19-58.MP4,1556,1556,,,,
CEBUS-02-R11__2022-02-01__18-19-58,2025-08-27 21:10:24,corrected by LR,Media file,player #1:Y:/capuchin_coiba/archive/rawdata/camera_trap_images/renamed_data/R11/CEBUS-02-R11/CEBUS-02-R11__2022-02-01__18-19-58.MP4,0.0,55.256,60.861,29.970,MC,TER,0.0,seqend,Sequence info,relocated,None,None,None,POINT,56.290,56.290,NA,Y:/capuchin_coiba/archive/rawdata/camera_trap_images/renamed_data/R11/CEBUS-02-R11/CEBUS-02-R11__2022-02-01__18-19-58.MP4,1687,1687,,,,
CEBUS-02-R11__2022-02-02__18-26-40,2025-08-27 21:12:55,corrected by LR,Media file,player #1:Y:/capuchin_coiba/archive/rawdata/camera_trap_images/renamed_data/R11/CEBUS-02-R11/CEBUS-02-R11__2022-02-02__18-26-40.MP4,0.0,59.450,60.894,29.970,MC,PEA,0.0,seqstart,Sequence info,almendragreen,,,,POINT,1.435,1.435,NA,Y:/capuchin_coiba/archive/rawdata/camera_trap_images/renamed_data/R11/CEBUS-02-R11/CEBUS-02-R11__2022-02-02__18-26-40.MP4,43,43,,,,
CEBUS-02-R11__2022-02-02__18-26-40,2025-08-27 21:12:55,corrected by LR,Media file,player #1:Y:/capuchin_coiba/archive/rawdata/camera_trap_images/renamed_data/R11/CEBUS-02-R11/CEBUS-02-R11__2022-02-02__18-26-40.MP4,0.0,59.450,60.894,29.970,MC,PEA,0.0,hammerstone,Sequence info,inhand,None,e_onanvil,,POINT,1.502,1.502,NA,Y:/capuchin_coiba/archive/rawdata/camera_trap_images/renamed_data/R11/CEBUS-02-R11/CEBUS-02-R11__2022-02-02__18-26-40.MP4,45,45,,,FRE,
CEBUS-02-R11__2022-02-02__18-26-40,2025-08-27 21:12:55,corrected by LR,Media file,player #1:Y:/capuchin_coiba/archive/rawdata/camera_trap_images/renamed_data/R11/CEBUS-02-R11/CEBUS-02-R11__2022-02-02__18-26-40.MP4,0.0,59.450,60.894,29.970,MC,PEA,0.0,pound,Behavior,stand,None,None,,POINT,2.102,2.102,NA,Y:/capuchin_coiba/archive/rawdata/camera_trap_images/renamed_data/R11/CEBUS-02-R11/CEBUS-02-R11__2022-02-02__18-26-40.MP4,63,63,,,,
CEBUS-02-R11__2022-02-02__18-26-40,2025-08-27 21:12:55,corrected by LR,Media file,player #1:Y:/capuchin_coiba/archive/rawdata/camera_trap_images/renamed_data/R11/CEBUS-02-R11/CEBUS-02-R11__2022-02-02__18-26-40.MP4,0.0,59.450,60.894,29.970,MC,PEA,0.0,reposit,Behavior,peel,,,,POINT,4.004,4.004,NA,Y:/capuchin_coiba/archive/rawdata/camera_trap_images/renamed_data/R11/CEBUS-02-R11/CEBUS-02-R11__2022-02-02__18-26-40.MP4,120,120,,,,
CEBUS-02-R11__2022-02-02__18-26-40,2025-08-27 21:12:55,corrected by LR,Media file,player #1:Y:/capuchin_coiba/archive/rawdata/camera_trap_images/renamed_data/R11/CEBUS-02-R11/CEBUS-02-R11__2022-02-02__18-26-40.MP4,0.0,59.450,60.894,29.970,MC,PEA,0.0,pound,Behavior,stand,None,None,,POINT,12.813,12.813,NA,Y:/capuchin_coiba/archive/rawdata/camera_trap_images/renamed_data/R11/CEBUS-02-R11/CEBUS-02-R11__2022-02-02__18-26-40.MP4,384,384,,,,
CEBUS-02-R11__2022-02-02__18-26-40,2025-08-27 21:12:55,corrected by LR,Media file,player #1:Y:/capuchin_coiba/archive/rawdata/camera_trap_images/renamed_data/R11/CEBUS-02-R11/CEBUS-02-R11__2022-02-02__18-26-40.MP4,0.0,59.450,60.894,29.970,MC,PEA,0.0,reposit,Behavior,peel,,,,POINT,16.116,16.116,NA,Y:/capuchin_coiba/archive/rawdata/camera_trap_images/renamed_data/R11/CEBUS-02-R11/CEBUS-02-R11__2022-02-02__18-26-40.MP4,483,483,,,,
CEBUS-02-R11__2022-02-02__18-26-40,2025-08-27 21:12:55,corrected by LR,Media file,player #1:Y:/capuchin_coiba/archive/rawdata/camera_trap_images/renamed_data/R11/CEBUS-02-R11/CEBUS-02-R11__2022-02-02__18-26-40.MP4,0.0,59.450,60.894,29.970,MC,PEA,0.0,seqend,Sequence info,seqcont,None,None,None,POINT,60.885,60.885,NA,Y:/capuchin_coiba/archive/rawdata/camera_trap_images/renamed_data/R11/CEBUS-02-R11/CEBUS-02-R11__2022-02-02__18-26-40.MP4,1825,1825,,,,
CEBUS-02-R11__2022-02-02__18-27-50,2025-08-27 21:15:54,corrected by LR,Media file,player #1:Y:/capuchin_coiba/archive/rawdata/camera_trap_images/renamed_data/R11/CEBUS-02-R11/CEBUS-02-R11__2022-02-02__18-27-50.MP4,0.0,29.363,60.727,29.970,MC,PEA,0.0,pound,Behavior,stand,None,None,,POINT,0.167,0.167,NA,Y:/capuchin_coiba/archive/rawdata/camera_trap_images/renamed_data/R11/CEBUS-02-R11/CEBUS-02-R11__2022-02-02__18-27-50.MP4,5,5,,,,
CEBUS-02-R11__2022-02-02__18-27-50,2025-08-27 21:15:54,corrected by LR,Media file,player #1:Y:/capuchin_coiba/archive/rawdata/camera_trap_images/renamed_data/R11/CEBUS-02-R11/CEBUS-02-R11__2022-02-02__18-27-50.MP4,0.0,29.363,60.727,29.970,MC,PEA,0.0,misstrike,Behavior,itemflies,,,,POINT,0.200,0.200,NA,Y:/capuchin_coiba/archive/rawdata/camera_trap_images/renamed_data/R11/CEBUS-02-R11/CEBUS-02-R11__2022-02-02__18-27-50.MP4,6,6,,,,
CEBUS-02-R11__2022-02-02__18-27-50,2025-08-27 21:15:54,corrected by LR,Media file,player #1:Y:/capuchin_coiba/archive/rawdata/camera_trap_images/renamed_data/R11/CEBUS-02-R11/CEBUS-02-R11__2022-02-02__18-27-50.MP4,0.0,29.363,60.727,29.970,MC,PEA,0.0,pound,Behavior,stand,None,None,,POINT,6.840,6.840,NA,Y:/capuchin_coiba/archive/rawdata/camera_trap_images/renamed_data/R11/CEBUS-02-R11/CEBUS-02-R11__2022-02-02__18-27-50.MP4,205,205,,,,
CEBUS-02-R11__2022-02-02__18-27-50,2025-08-27 21:15:54,corrected by LR,Media file,player #1:Y:/capuchin_coiba/archive/rawdata/camera_trap_images/renamed_data/R11/CEBUS-02-R11/CEBUS-02-R11__2022-02-02__18-27-50.MP4,0.0,29.363,60.727,29.970,MC,PEA,0.0,pound,Behavior,stand,None,overhead,,POINT,9.243,9.243,NA,Y:/capuchin_coiba/archive/rawdata/camera_trap_images/renamed_data/R11/CEBUS-02-R11/CEBUS-02-R11__2022-02-02__18-27-50.MP4,277,277,,,,
CEBUS-02-R11__2022-02-02__18-27-50,2025-08-27 21:15:54,corrected by LR,Media file,player #1:Y:/capuchin_coiba/archive/rawdata/camera_trap_images/renamed_data/R11/CEBUS-02-R11/CEBUS-02-R11__2022-02-02__18-27-50.MP4,0.0,29.363,60.727,29.970,MC,PEA,0.0,reposit,Behavior,item,,,,POINT,10.744,10.744,NA,Y:/capuchin_coiba/archive/rawdata/camera_trap_images/renamed_data/R11/CEBUS-02-R11/CEBUS-02-R11__2022-02-02__18-27-50.MP4,322,322,,,,
CEBUS-02-R11__2022-02-02__18-27-50,2025-08-27 21:15:54,corrected by LR,Media file,player #1:Y:/capuchin_coiba/archive/rawdata/camera_trap_images/renamed_data/R11/CEBUS-02-R11/CEBUS-02-R11__2022-02-02__18-27-50.MP4,0.0,29.363,60.727,29.970,MC,PEA,0.0,pound,Behavior,stand,None,overhead,,POINT,13.380,13.380,NA,Y:/capuchin_coiba/archive/rawdata/camera_trap_images/renamed_data/R11/CEBUS-02-R11/CEBUS-02-R11__2022-02-02__18-27-50.MP4,401,401,,,,
CEBUS-02-R11__2022-02-02__18-27-50,2025-08-27 21:15:54,corrected by LR,Media file,player #1:Y:/capuchin_coiba/archive/rawdata/camera_trap_images/renamed_data/R11/CEBUS-02-R11/CEBUS-02-R11__2022-02-02__18-27-50.MP4,0.0,29.363,60.727,29.970,MC,PEA,0.0,reposit,Behavior,item,,,,POINT,14.982,14.982,NA,Y:/capuchin_coiba/archive/rawdata/camera_trap_images/renamed_data/R11/CEBUS-02-R11/CEBUS-02-R11__2022-02-02__18-27-50.MP4,449,449,,,,
CEBUS-02-R11__2022-02-02__18-27-50,2025-08-27 21:15:54,corrected by LR,Media file,player #1:Y:/capuchin_coiba/archive/rawdata/camera_trap_images/renamed_data/R11/CEBUS-02-R11/CEBUS-02-R11__2022-02-02__18-27-50.MP4,0.0,29.363,60.727,29.970,MC,PEA,0.0,pound,Behavior,stand,None,overhead,,POINT,17.451,17.451,NA,Y:/capuchin_coiba/archive/rawdata/camera_trap_images/renamed_data/R11/CEBUS-02-R11/CEBUS-02-R11__2022-02-02__18-27-50.MP4,523,523,,,,
CEBUS-02-R11__2022-02-02__18-27-50,2025-08-27 21:15:54,corrected by LR,Media file,player #1:Y:/capuchin_coiba/archive/rawdata/camera_trap_images/renamed_data/R11/CEBUS-02-R11/CEBUS-02-R11__2022-02-02__18-27-50.MP4,0.0,29.363,60.727,29.970,MC,PEA,0.0,pound,Behavior,stand,None,None,,POINT,19.152,19.152,NA,Y:/capuchin_coiba/archive/rawdata/camera_trap_images/renamed_data/R11/CEBUS-02-R11/CEBUS-02-R11__2022-02-02__18-27-50.MP4,574,574,,,,
CEBUS-02-R11__2022-02-02__18-27-50,2025-08-27 21:15:54,corrected by LR,Media file,player #1:Y:/capuchin_coiba/archive/rawdata/camera_trap_images/renamed_data/R11/CEBUS-02-R11/CEBUS-02-R11__2022-02-02__18-27-50.MP4,0.0,29.363,60.727,29.970,MC,PEA,0.0,reposit,Behavior,peel,,,,POINT,20.988,20.988,NA,Y:/capuchin_coiba/archive/rawdata/camera_trap_images/renamed_data/R11/CEBUS-02-R11/CEBUS-02-R11__2022-02-02__18-27-50.MP4,629,629,,,,
CEBUS-02-R11__2022-02-02__18-27-50,2025-08-27 21:15:54,corrected by LR,Media file,player #1:Y:/capuchin_coiba/archive/rawdata/camera_trap_images/renamed_data/R11/CEBUS-02-R11/CEBUS-02-R11__2022-02-02__18-27-50.MP4,0.0,29.363,60.727,29.970,MC,PEA,0.0,pound,Behavior,stand,None,None,,POINT,25.492,25.492,NA,Y:/capuchin_coiba/archive/rawdata/camera_trap_images/renamed_data/R11/CEBUS-02-R11/CEBUS-02-R11__2022-02-02__18-27-50.MP4,764,764,,,,
CEBUS-02-R11__2022-02-02__18-27-50,2025-08-27 21:15:54,corrected by LR,Media file,player #1:Y:/capuchin_coiba/archive/rawdata/camera_trap_images/renamed_data/R11/CEBUS-02-R11/CEBUS-02-R11__2022-02-02__18-27-50.MP4,0.0,29.363,60.727,29.970,MC,PEA,0.0,seqend,Sequence info,opened,None,None,None,POINT,29.530,29.530,NA,Y:/capuchin_coiba/archive/rawdata/camera_trap_images/renamed_data/R11/CEBUS-02-R11/CEBUS-02-R11__2022-02-02__18-27-50.MP4,885,885,,,,
CEBUS-02-R11__2022-02-03__13-24-23,2025-08-27 21:17:11,corrected by LR,Media file,player #1:Y:/capuchin_coiba/archive/rawdata/camera_trap_images/renamed_data/R11/CEBUS-02-R11/CEBUS-02-R11__2022-02-03__13-24-23.MP4,0.0,8.809,60.894,29.970,MC,SPT,0.0,seqstart,Sequence info,almendrabrown,,,,POINT,0.000,0.000,NA,Y:/capuchin_coiba/archive/rawdata/camera_trap_images/renamed_data/R11/CEBUS-02-R11/CEBUS-02-R11__2022-02-03__13-24-23.MP4,0,0,,,,
CEBUS-02-R11__2022-02-03__13-24-23,2025-08-27 21:17:11,corrected by LR,Media file,player #1:Y:/capuchin_coiba/archive/rawdata/camera_trap_images/renamed_data/R11/CEBUS-02-R11/CEBUS-02-R11__2022-02-03__13-24-23.MP4,0.0,8.809,60.894,29.970,MC,SPT,0.0,hammerstone,Sequence info,inhand,None,e_onanvil,,POINT,0.067,0.067,NA,Y:/capuchin_coiba/archive/rawdata/camera_trap_images/renamed_data/R11/CEBUS-02-R11/CEBUS-02-R11__2022-02-03__13-24-23.MP4,2,2,,,FRE,
CEBUS-02-R11__2022-02-03__13-24-23,2025-08-27 21:17:11,corrected by LR,Media file,player #1:Y:/capuchin_coiba/archive/rawdata/camera_trap_images/renamed_data/R11/CEBUS-02-R11/CEBUS-02-R11__2022-02-03__13-24-23.MP4,0.0,8.809,60.894,29.970,MC,SPT,0.0,pound,Behavior,stand,None,None,,POINT,0.133,0.133,NA,Y:/capuchin_coiba/archive/rawdata/camera_trap_images/renamed_data/R11/CEBUS-02-R11/CEBUS-02-R11__2022-02-03__13-24-23.MP4,4,4,,,,
CEBUS-02-R11__2022-02-03__13-24-23,2025-08-27 21:17:11,corrected by LR,Media file,player #1:Y:/capuchin_coiba/archive/rawdata/camera_trap_images/renamed_data/R11/CEBUS-02-R11/CEBUS-02-R11__2022-02-03__13-24-23.MP4,0.0,8.809,60.894,29.970,MC,SPT,0.0,pound,Behavior,stand,None,None,,POINT,1.535,1.535,NA,Y:/capuchin_coiba/archive/rawdata/camera_trap_images/renamed_data/R11/CEBUS-02-R11/CEBUS-02-R11__2022-02-03__13-24-23.MP4,46,46,,,,
CEBUS-02-R11__2022-02-03__13-24-23,2025-08-27 21:17:11,corrected by LR,Media file,player #1:Y:/capuchin_coiba/archive/rawdata/camera_trap_images/renamed_data/R11/CEBUS-02-R11/CEBUS-02-R11__2022-02-03__13-24-23.MP4,0.0,8.809,60.894,29.970,MC,SPT,0.0,reposit,Behavior,peel,,,,POINT,3.237,3.237,NA,Y:/capuchin_coiba/archive/rawdata/camera_trap_images/renamed_data/R11/CEBUS-02-R11/CEBUS-02-R11__2022-02-03__13-24-23.MP4,97,97,,,,
CEBUS-02-R11__2022-02-03__13-24-23,2025-08-27 21:17:11,corrected by LR,Media file,player #1:Y:/capuchin_coiba/archive/rawdata/camera_trap_images/renamed_data/R11/CEBUS-02-R11/CEBUS-02-R11__2022-02-03__13-24-23.MP4,0.0,8.809,60.894,29.970,MC,SPT,0.0,pound,Behavior,crouch,None,None,,POINT,6.173,6.173,NA,Y:/capuchin_coiba/archive/rawdata/camera_trap_images/renamed_data/R11/CEBUS-02-R11/CEBUS-02-R11__2022-02-03__13-24-23.MP4,185,185,,,,
CEBUS-02-R11__2022-02-03__13-24-23,2025-08-27 21:17:11,corrected by LR,Media file,player #1:Y:/capuchin_coiba/archive/rawdata/camera_trap_images/renamed_data/R11/CEBUS-02-R11/CEBUS-02-R11__2022-02-03__13-24-23.MP4,0.0,8.809,60.894,29.970,MC,SPT,0.0,seqend,Sequence info,opened,noscrounging,nodisplacement,noattention,POINT,8.809,8.809,NA,Y:/capuchin_coiba/archive/rawdata/camera_trap_images/renamed_data/R11/CEBUS-02-R11/CEBUS-02-R11__2022-02-03__13-24-23.MP4,264,264,,,capuchin in top right corner walking away,
CEBUS-02-R11__2022-02-03__16-48-13,2025-08-27 21:18:17,corrected by LR,Media file,player #1:Y:/capuchin_coiba/archive/rawdata/camera_trap_images/renamed_data/R11/CEBUS-02-R11/CEBUS-02-R11__2022-02-03__16-48-13.MP4,0.0,31.999,60.861,29.970,MC,SMG,0.0,seqstart,Sequence info,almendrabrown,,,,POINT,0.000,0.000,NA,Y:/capuchin_coiba/archive/rawdata/camera_trap_images/renamed_data/R11/CEBUS-02-R11/CEBUS-02-R11__2022-02-03__16-48-13.MP4,0,0,,,,
CEBUS-02-R11__2022-02-03__16-48-13,2025-08-27 21:18:17,corrected by LR,Media file,player #1:Y:/capuchin_coiba/archive/rawdata/camera_trap_images/renamed_data/R11/CEBUS-02-R11/CEBUS-02-R11__2022-02-03__16-48-13.MP4,0.0,31.999,60.861,29.970,MC,SMG,0.0,hammerstone,Sequence info,inhand,None,e_onanvil,,POINT,0.200,0.200,NA,Y:/capuchin_coiba/archive/rawdata/camera_trap_images/renamed_data/R11/CEBUS-02-R11/CEBUS-02-R11__2022-02-03__16-48-13.MP4,6,6,,,FRE,
CEBUS-02-R11__2022-02-03__16-48-13,2025-08-27 21:18:17,corrected by LR,Media file,player #1:Y:/capuchin_coiba/archive/rawdata/camera_trap_images/renamed_data/R11/CEBUS-02-R11/CEBUS-02-R11__2022-02-03__16-48-13.MP4,0.0,31.999,60.861,29.970,MC,SMG,0.0,pound,Behavior,stand,None,overhead,,POINT,1.034,1.034,NA,Y:/capuchin_coiba/archive/rawdata/camera_trap_images/renamed_data/R11/CEBUS-02-R11/CEBUS-02-R11__2022-02-03__16-48-13.MP4,31,31,,,,
CEBUS-02-R11__2022-02-03__16-48-13,2025-08-27 21:18:17,corrected by LR,Media file,player #1:Y:/capuchin_coiba/archive/rawdata/camera_trap_images/renamed_data/R11/CEBUS-02-R11/CEBUS-02-R11__2022-02-03__16-48-13.MP4,0.0,31.999,60.861,29.970,MC,SMG,0.0,pound,Behavior,stand,None,None,,POINT,1.668,1.668,NA,Y:/capuchin_coiba/archive/rawdata/camera_trap_images/renamed_data/R11/CEBUS-02-R11/CEBUS-02-R11__2022-02-03__16-48-13.MP4,50,50,,,,
CEBUS-02-R11__2022-02-03__16-48-13,2025-08-27 21:18:17,corrected by LR,Media file,player #1:Y:/capuchin_coiba/archive/rawdata/camera_trap_images/renamed_data/R11/CEBUS-02-R11/CEBUS-02-R11__2022-02-03__16-48-13.MP4,0.0,31.999,60.861,29.970,MC,SMG,0.0,seqend,Sequence info,opened,None,None,None,POINT,3.871,3.871,NA,Y:/capuchin_coiba/archive/rawdata/camera_trap_images/renamed_data/R11/CEBUS-02-R11/CEBUS-02-R11__2022-02-03__16-48-13.MP4,116,116,,,,
CEBUS-02-R11__2022-02-03__16-48-13,2025-08-27 21:18:17,corrected by LR,Media file,player #1:Y:/capuchin_coiba/archive/rawdata/camera_trap_images/renamed_data/R11/CEBUS-02-R11/CEBUS-02-R11__2022-02-03__16-48-13.MP4,0.0,31.999,60.861,29.970,MC,SMG,0.0,seqstart,Sequence info,almendrabrown,,,,POINT,21.521,21.521,NA,Y:/capuchin_coiba/archive/rawdata/camera_trap_images/renamed_data/R11/CEBUS-02-R11/CEBUS-02-R11__2022-02-03__16-48-13.MP4,645,645,,,,
CEBUS-02-R11__2022-02-03__16-48-13,2025-08-27 21:18:17,corrected by LR,Media file,player #1:Y:/capuchin_coiba/archive/rawdata/camera_trap_images/renamed_data/R11/CEBUS-02-R11/CEBUS-02-R11__2022-02-03__16-48-13.MP4,0.0,31.999,60.861,29.970,MC,SMG,0.0,hammerstone,Sequence info,onanvil,None,e_onanvil,,POINT,21.655,21.655,NA,Y:/capuchin_coiba/archive/rawdata/camera_trap_images/renamed_data/R11/CEBUS-02-R11/CEBUS-02-R11__2022-02-03__16-48-13.MP4,649,649,,,FRE,
CEBUS-02-R11__2022-02-03__16-48-13,2025-08-27 21:18:17,corrected by LR,Media file,player #1:Y:/capuchin_coiba/archive/rawdata/camera_trap_images/renamed_data/R11/CEBUS-02-R11/CEBUS-02-R11__2022-02-03__16-48-13.MP4,0.0,31.999,60.861,29.970,MC,SMG,0.0,pound,Behavior,stand,None,None,,POINT,22.489,22.489,NA,Y:/capuchin_coiba/archive/rawdata/camera_trap_images/renamed_data/R11/CEBUS-02-R11/CEBUS-02-R11__2022-02-03__16-48-13.MP4,674,674,,,,
CEBUS-02-R11__2022-02-03__16-48-13,2025-08-27 21:18:17,corrected by LR,Media file,player #1:Y:/capuchin_coiba/archive/rawdata/camera_trap_images/renamed_data/R11/CEBUS-02-R11/CEBUS-02-R11__2022-02-03__16-48-13.MP4,0.0,31.999,60.861,29.970,MC,SMG,0.0,pound,Behavior,stand,None,None,,POINT,23.657,23.657,NA,Y:/capuchin_coiba/archive/rawdata/camera_trap_images/renamed_data/R11/CEBUS-02-R11/CEBUS-02-R11__2022-02-03__16-48-13.MP4,709,709,,,,
CEBUS-02-R11__2022-02-03__16-48-13,2025-08-27 21:18:17,corrected by LR,Media file,player #1:Y:/capuchin_coiba/archive/rawdata/camera_trap_images/renamed_data/R11/CEBUS-02-R11/CEBUS-02-R11__2022-02-03__16-48-13.MP4,0.0,31.999,60.861,29.970,MC,SMG,0.0,reposit,Behavior,peel,,,,POINT,26.059,26.059,NA,Y:/capuchin_coiba/archive/rawdata/camera_trap_images/renamed_data/R11/CEBUS-02-R11/CEBUS-02-R11__2022-02-03__16-48-13.MP4,781,781,,,,
CEBUS-02-R11__2022-02-03__16-48-13,2025-08-27 21:18:17,corrected by LR,Media file,player #1:Y:/capuchin_coiba/archive/rawdata/camera_trap_images/renamed_data/R11/CEBUS-02-R11/CEBUS-02-R11__2022-02-03__16-48-13.MP4,0.0,31.999,60.861,29.970,MC,SMG,0.0,pound,Behavior,crouch,None,None,,POINT,28.061,28.061,NA,Y:/capuchin_coiba/archive/rawdata/camera_trap_images/renamed_data/R11/CEBUS-02-R11/CEBUS-02-R11__2022-02-03__16-48-13.MP4,841,841,,,,
CEBUS-02-R11__2022-02-03__16-48-13,2025-08-27 21:18:17,corrected by LR,Media file,player #1:Y:/capuchin_coiba/archive/rawdata/camera_trap_images/renamed_data/R11/CEBUS-02-R11/CEBUS-02-R11__2022-02-03__16-48-13.MP4,0.0,31.999,60.861,29.970,MC,SMG,0.0,seqend,Sequence info,opened,None,None,None,POINT,31.999,31.999,NA,Y:/capuchin_coiba/archive/rawdata/camera_trap_images/renamed_data/R11/CEBUS-02-R11/CEBUS-02-R11__2022-02-03__16-48-13.MP4,959,959,,,,
CEBUS-02-R11__2022-02-05__14-25-03,2025-08-27 21:19:49,corrected by LR,Media file,player #1:Y:/capuchin_coiba/archive/rawdata/camera_trap_images/renamed_data/R11/CEBUS-02-R11/CEBUS-02-R11__2022-02-05__14-25-03.MP4,0.0,57.206,60.861,29.970,MC,BAL,0.0,seqstart,Sequence info,almendragreen,,,,POINT,3.637,3.637,NA,Y:/capuchin_coiba/archive/rawdata/camera_trap_images/renamed_data/R11/CEBUS-02-R11/CEBUS-02-R11__2022-02-05__14-25-03.MP4,109,109,,,,
CEBUS-02-R11__2022-02-05__14-25-03,2025-08-27 21:19:49,corrected by LR,Media file,player #1:Y:/capuchin_coiba/archive/rawdata/camera_trap_images/renamed_data/R11/CEBUS-02-R11/CEBUS-02-R11__2022-02-05__14-25-03.MP4,0.0,57.206,60.861,29.970,MC,BAL,0.0,hammerstone,Sequence info,onanvil,None,e_onanvil,,POINT,4.004,4.004,NA,Y:/capuchin_coiba/archive/rawdata/camera_trap_images/renamed_data/R11/CEBUS-02-R11/CEBUS-02-R11__2022-02-05__14-25-03.MP4,120,120,,,FRE,
CEBUS-02-R11__2022-02-05__14-25-03,2025-08-27 21:19:49,corrected by LR,Media file,player #1:Y:/capuchin_coiba/archive/rawdata/camera_trap_images/renamed_data/R11/CEBUS-02-R11/CEBUS-02-R11__2022-02-05__14-25-03.MP4,0.0,57.206,60.861,29.970,MC,BAL,0.0,misstrike,Behavior,None,,,,POINT,5.172,5.172,NA,Y:/capuchin_coiba/archive/rawdata/camera_trap_images/renamed_data/R11/CEBUS-02-R11/CEBUS-02-R11__2022-02-05__14-25-03.MP4,155,155,,,,
CEBUS-02-R11__2022-02-05__14-25-03,2025-08-27 21:19:49,corrected by LR,Media file,player #1:Y:/capuchin_coiba/archive/rawdata/camera_trap_images/renamed_data/R11/CEBUS-02-R11/CEBUS-02-R11__2022-02-05__14-25-03.MP4,0.0,57.206,60.861,29.970,MC,BAL,0.0,reposit,Behavior,item,,,,POINT,5.873,5.873,NA,Y:/capuchin_coiba/archive/rawdata/camera_trap_images/renamed_data/R11/CEBUS-02-R11/CEBUS-02-R11__2022-02-05__14-25-03.MP4,176,176,,,"looking at capuchin off-screen, distracted
peeing on the anvil at 00:00:18.385",
CEBUS-02-R11__2022-02-05__14-25-03,2025-08-27 21:19:49,corrected by LR,Media file,player #1:Y:/capuchin_coiba/archive/rawdata/camera_trap_images/renamed_data/R11/CEBUS-02-R11/CEBUS-02-R11__2022-02-05__14-25-03.MP4,0.0,57.206,60.861,29.970,MC,BAL,0.0,pound,Behavior,stand,1foot,None,,POINT,34.902,34.902,NA,Y:/capuchin_coiba/archive/rawdata/camera_trap_images/renamed_data/R11/CEBUS-02-R11/CEBUS-02-R11__2022-02-05__14-25-03.MP4,1046,1046,,,,
CEBUS-02-R11__2022-02-05__14-25-03,2025-08-27 21:19:49,corrected by LR,Media file,player #1:Y:/capuchin_coiba/archive/rawdata/camera_trap_images/renamed_data/R11/CEBUS-02-R11/CEBUS-02-R11__2022-02-05__14-25-03.MP4,0.0,57.206,60.861,29.970,MC,BAL,0.0,reposit,Behavior,peel,,,,POINT,36.803,36.803,NA,Y:/capuchin_coiba/archive/rawdata/camera_trap_images/renamed_data/R11/CEBUS-02-R11/CEBUS-02-R11__2022-02-05__14-25-03.MP4,1103,1103,,,,
CEBUS-02-R11__2022-02-05__14-25-03,2025-08-27 21:19:49,corrected by LR,Media file,player #1:Y:/capuchin_coiba/archive/rawdata/camera_trap_images/renamed_data/R11/CEBUS-02-R11/CEBUS-02-R11__2022-02-05__14-25-03.MP4,0.0,57.206,60.861,29.970,MC,BAL,0.0,pound,Behavior,stand,1foot,None,,POINT,47.481,47.481,NA,Y:/capuchin_coiba/archive/rawdata/camera_trap_images/renamed_data/R11/CEBUS-02-R11/CEBUS-02-R11__2022-02-05__14-25-03.MP4,1423,1423,,,,
CEBUS-02-R11__2022-02-05__14-25-03,2025-08-27 21:19:49,corrected by LR,Media file,player #1:Y:/capuchin_coiba/archive/rawdata/camera_trap_images/renamed_data/R11/CEBUS-02-R11/CEBUS-02-R11__2022-02-05__14-25-03.MP4,0.0,57.206,60.861,29.970,MC,BAL,0.0,reposit,Behavior,peel,,,,POINT,50.017,50.017,NA,Y:/capuchin_coiba/archive/rawdata/camera_trap_images/renamed_data/R11/CEBUS-02-R11/CEBUS-02-R11__2022-02-05__14-25-03.MP4,1499,1499,,,,
CEBUS-02-R11__2022-02-05__14-25-03,2025-08-27 21:19:49,corrected by LR,Media file,player #1:Y:/capuchin_coiba/archive/rawdata/camera_trap_images/renamed_data/R11/CEBUS-02-R11/CEBUS-02-R11__2022-02-05__14-25-03.MP4,0.0,57.206,60.861,29.970,MC,BAL,0.0,pound,Behavior,stand,None,None,,POINT,53.720,53.720,NA,Y:/capuchin_coiba/archive/rawdata/camera_trap_images/renamed_data/R11/CEBUS-02-R11/CEBUS-02-R11__2022-02-05__14-25-03.MP4,1610,1610,,,,
CEBUS-02-R11__2022-02-05__14-25-03,2025-08-27 21:19:49,corrected by LR,Media file,player #1:Y:/capuchin_coiba/archive/rawdata/camera_trap_images/renamed_data/R11/CEBUS-02-R11/CEBUS-02-R11__2022-02-05__14-25-03.MP4,0.0,57.206,60.861,29.970,MC,BAL,0.0,reposit,Behavior,peel,,,,POINT,57.057,57.057,NA,Y:/capuchin_coiba/archive/rawdata/camera_trap_images/renamed_data/R11/CEBUS-02-R11/CEBUS-02-R11__2022-02-05__14-25-03.MP4,1710,1710,,,,
CEBUS-02-R11__2022-02-05__14-25-03,2025-08-27 21:19:49,corrected by LR,Media file,player #1:Y:/capuchin_coiba/archive/rawdata/camera_trap_images/renamed_data/R11/CEBUS-02-R11/CEBUS-02-R11__2022-02-05__14-25-03.MP4,0.0,57.206,60.861,29.970,MC,BAL,0.0,pound,Behavior,stand,1foot,None,,POINT,59.526,59.526,NA,Y:/capuchin_coiba/archive/rawdata/camera_trap_images/renamed_data/R11/CEBUS-02-R11/CEBUS-02-R11__2022-02-05__14-25-03.MP4,1784,1784,,,,
CEBUS-02-R11__2022-02-05__14-25-03,2025-08-27 21:19:49,corrected by LR,Media file,player #1:Y:/capuchin_coiba/archive/rawdata/camera_trap_images/renamed_data/R11/CEBUS-02-R11/CEBUS-02-R11__2022-02-05__14-25-03.MP4,0.0,57.206,60.861,29.970,MC,BAL,0.0,reposit,Behavior,peel,,,,POINT,60.561,60.561,NA,Y:/capuchin_coiba/archive/rawdata/camera_trap_images/renamed_data/R11/CEBUS-02-R11/CEBUS-02-R11__2022-02-05__14-25-03.MP4,1815,1815,,,,
CEBUS-02-R11__2022-02-05__14-25-03,2025-08-27 21:19:49,corrected by LR,Media file,player #1:Y:/capuchin_coiba/archive/rawdata/camera_trap_images/renamed_data/R11/CEBUS-02-R11/CEBUS-02-R11__2022-02-05__14-25-03.MP4,0.0,57.206,60.861,29.970,MC,BAL,0.0,seqend,Sequence info,seqcont,None,None,None,POINT,60.843,60.843,NA,Y:/capuchin_coiba/archive/rawdata/camera_trap_images/renamed_data/R11/CEBUS-02-R11/CEBUS-02-R11__2022-02-05__14-25-03.MP4,1823,1823,,,,
CEBUS-02-R11__2022-02-05__14-26-09,2025-08-27 21:22:05,corrected by LR,Media file,player #1:Y:/capuchin_coiba/archive/rawdata/camera_trap_images/renamed_data/R11/CEBUS-02-R11/CEBUS-02-R11__2022-02-05__14-26-09.MP4,0.0,20.354,60.861,29.970,MC,BAL,0.0,reposit,Behavior,peel,,,,POINT,0.000,0.000,NA,Y:/capuchin_coiba/archive/rawdata/camera_trap_images/renamed_data/R11/CEBUS-02-R11/CEBUS-02-R11__2022-02-05__14-26-09.MP4,0,0,,,,
CEBUS-02-R11__2022-02-05__14-26-09,2025-08-27 21:22:05,corrected by LR,Media file,player #1:Y:/capuchin_coiba/archive/rawdata/camera_trap_images/renamed_data/R11/CEBUS-02-R11/CEBUS-02-R11__2022-02-05__14-26-09.MP4,0.0,20.354,60.861,29.970,MC,BAL,0.0,pound,Behavior,stand,None,None,,POINT,8.175,8.175,NA,Y:/capuchin_coiba/archive/rawdata/camera_trap_images/renamed_data/R11/CEBUS-02-R11/CEBUS-02-R11__2022-02-05__14-26-09.MP4,245,245,,,,
CEBUS-02-R11__2022-02-05__14-26-09,2025-08-27 21:22:05,corrected by LR,Media file,player #1:Y:/capuchin_coiba/archive/rawdata/camera_trap_images/renamed_data/R11/CEBUS-02-R11/CEBUS-02-R11__2022-02-05__14-26-09.MP4,0.0,20.354,60.861,29.970,MC,BAL,0.0,pound,Behavior,jump,None,overhead,,POINT,9.877,9.877,NA,Y:/capuchin_coiba/archive/rawdata/camera_trap_images/renamed_data/R11/CEBUS-02-R11/CEBUS-02-R11__2022-02-05__14-26-09.MP4,296,296,,,,
CEBUS-02-R11__2022-02-05__14-26-09,2025-08-27 21:22:05,corrected by LR,Media file,player #1:Y:/capuchin_coiba/archive/rawdata/camera_trap_images/renamed_data/R11/CEBUS-02-R11/CEBUS-02-R11__2022-02-05__14-26-09.MP4,0.0,20.354,60.861,29.970,MC,BAL,0.0,seqend,Sequence info,relocated,noscrounging,fulldisp,noattention,POINT,12.179,12.179,NA,Y:/capuchin_coiba/archive/rawdata/camera_trap_images/renamed_data/R11/CEBUS-02-R11/CEBUS-02-R11__2022-02-05__14-26-09.MP4,365,365,,,BAL displaced by SPT,
CEBUS-02-R11__2022-02-05__14-26-09,2025-08-27 21:22:05,corrected by LR,Media file,player #1:Y:/capuchin_coiba/archive/rawdata/camera_trap_images/renamed_data/R11/CEBUS-02-R11/CEBUS-02-R11__2022-02-05__14-26-09.MP4,0.0,20.354,60.861,29.970,MC,SPT,0.0,seqstart,Sequence info,almendragreen,,,,POINT,12.513,12.513,NA,Y:/capuchin_coiba/archive/rawdata/camera_trap_images/renamed_data/R11/CEBUS-02-R11/CEBUS-02-R11__2022-02-05__14-26-09.MP4,375,375,,,,
CEBUS-02-R11__2022-02-05__14-26-09,2025-08-27 21:22:05,corrected by LR,Media file,player #1:Y:/capuchin_coiba/archive/rawdata/camera_trap_images/renamed_data/R11/CEBUS-02-R11/CEBUS-02-R11__2022-02-05__14-26-09.MP4,0.0,20.354,60.861,29.970,MC,SPT,0.0,hammerstone,Sequence info,onanvil,None,e_onanvil,,POINT,12.679,12.679,NA,Y:/capuchin_coiba/archive/rawdata/camera_trap_images/renamed_data/R11/CEBUS-02-R11/CEBUS-02-R11__2022-02-05__14-26-09.MP4,380,380,,,FRE,
CEBUS-02-R11__2022-02-05__14-26-09,2025-08-27 21:22:05,corrected by LR,Media file,player #1:Y:/capuchin_coiba/archive/rawdata/camera_trap_images/renamed_data/R11/CEBUS-02-R11/CEBUS-02-R11__2022-02-05__14-26-09.MP4,0.0,20.354,60.861,29.970,MC,SPT,0.0,pound,Behavior,stand,None,None,,POINT,14.848,14.848,NA,Y:/capuchin_coiba/archive/rawdata/camera_trap_images/renamed_data/R11/CEBUS-02-R11/CEBUS-02-R11__2022-02-05__14-26-09.MP4,445,445,,,,
CEBUS-02-R11__2022-02-05__14-26-09,2025-08-27 21:22:05,corrected by LR,Media file,player #1:Y:/capuchin_coiba/archive/rawdata/camera_trap_images/renamed_data/R11/CEBUS-02-R11/CEBUS-02-R11__2022-02-05__14-26-09.MP4,0.0,20.354,60.861,29.970,MC,SPT,0.0,reposit,Behavior,item,,,,POINT,16.049,16.049,NA,Y:/capuchin_coiba/archive/rawdata/camera_trap_images/renamed_data/R11/CEBUS-02-R11/CEBUS-02-R11__2022-02-05__14-26-09.MP4,481,481,,,,
CEBUS-02-R11__2022-02-05__14-26-09,2025-08-27 21:22:05,corrected by LR,Media file,player #1:Y:/capuchin_coiba/archive/rawdata/camera_trap_images/renamed_data/R11/CEBUS-02-R11/CEBUS-02-R11__2022-02-05__14-26-09.MP4,0.0,20.354,60.861,29.970,MC,SPT,0.0,pound,Behavior,stand,None,None,,POINT,16.917,16.917,NA,Y:/capuchin_coiba/archive/rawdata/camera_trap_images/renamed_data/R11/CEBUS-02-R11/CEBUS-02-R11__2022-02-05__14-26-09.MP4,507,507,,,,
CEBUS-02-R11__2022-02-05__14-26-09,2025-08-27 21:22:05,corrected by LR,Media file,player #1:Y:/capuchin_coiba/archive/rawdata/camera_trap_images/renamed_data/R11/CEBUS-02-R11/CEBUS-02-R11__2022-02-05__14-26-09.MP4,0.0,20.354,60.861,29.970,MC,SPT,0.0,pound,Behavior,stand,None,None,,POINT,18.218,18.218,NA,Y:/capuchin_coiba/archive/rawdata/camera_trap_images/renamed_data/R11/CEBUS-02-R11/CEBUS-02-R11__2022-02-05__14-26-09.MP4,546,546,,,,
CEBUS-02-R11__2022-02-05__14-26-09,2025-08-27 21:22:05,corrected by LR,Media file,player #1:Y:/capuchin_coiba/archive/rawdata/camera_trap_images/renamed_data/R11/CEBUS-02-R11/CEBUS-02-R11__2022-02-05__14-26-09.MP4,0.0,20.354,60.861,29.970,MC,SPT,0.0,seqend,Sequence info,opened,noscrounging,nodisplacement,noattention,POINT,20.354,20.354,NA,Y:/capuchin_coiba/archive/rawdata/camera_trap_images/renamed_data/R11/CEBUS-02-R11/CEBUS-02-R11__2022-02-05__14-26-09.MP4,613,613,,,,
CEBUS-02-R11__2022-02-05__14-27-16,2025-08-27 21:24:32,corrected by LR,Media file,player #1:Y:/capuchin_coiba/archive/rawdata/camera_trap_images/renamed_data/R11/CEBUS-02-R11/CEBUS-02-R11__2022-02-05__14-27-16.MP4,0.0,53.787,60.861,29.970,MC,BAL,0.0,seqstart,Sequence info,almendragreen,,,,POINT,1.702,1.702,NA,Y:/capuchin_coiba/archive/rawdata/camera_trap_images/renamed_data/R11/CEBUS-02-R11/CEBUS-02-R11__2022-02-05__14-27-16.MP4,51,51,,,,
CEBUS-02-R11__2022-02-05__14-27-16,2025-08-27 21:24:32,corrected by LR,Media file,player #1:Y:/capuchin_coiba/archive/rawdata/camera_trap_images/renamed_data/R11/CEBUS-02-R11/CEBUS-02-R11__2022-02-05__14-27-16.MP4,0.0,53.787,60.861,29.970,MC,BAL,0.0,hammerstone,Sequence info,onanvil,None,e_onanvil,,POINT,1.835,1.835,NA,Y:/capuchin_coiba/archive/rawdata/camera_trap_images/renamed_data/R11/CEBUS-02-R11/CEBUS-02-R11__2022-02-05__14-27-16.MP4,55,55,,,FRE,
CEBUS-02-R11__2022-02-05__14-27-16,2025-08-27 21:24:32,corrected by LR,Media file,player #1:Y:/capuchin_coiba/archive/rawdata/camera_trap_images/renamed_data/R11/CEBUS-02-R11/CEBUS-02-R11__2022-02-05__14-27-16.MP4,0.0,53.787,60.861,29.970,MC,BAL,0.0,pound,Behavior,stand,1foot,None,,POINT,3.337,3.337,NA,Y:/capuchin_coiba/archive/rawdata/camera_trap_images/renamed_data/R11/CEBUS-02-R11/CEBUS-02-R11__2022-02-05__14-27-16.MP4,100,100,,,,
CEBUS-02-R11__2022-02-05__14-27-16,2025-08-27 21:24:32,corrected by LR,Media file,player #1:Y:/capuchin_coiba/archive/rawdata/camera_trap_images/renamed_data/R11/CEBUS-02-R11/CEBUS-02-R11__2022-02-05__14-27-16.MP4,0.0,53.787,60.861,29.970,MC,BAL,0.0,reposit,Behavior,peel,,,,POINT,5.272,5.272,NA,Y:/capuchin_coiba/archive/rawdata/camera_trap_images/renamed_data/R11/CEBUS-02-R11/CEBUS-02-R11__2022-02-05__14-27-16.MP4,158,158,,,,
CEBUS-02-R11__2022-02-05__14-27-16,2025-08-27 21:24:32,corrected by LR,Media file,player #1:Y:/capuchin_coiba/archive/rawdata/camera_trap_images/renamed_data/R11/CEBUS-02-R11/CEBUS-02-R11__2022-02-05__14-27-16.MP4,0.0,53.787,60.861,29.970,MC,BAL,0.0,pound,Behavior,stand,None,None,,POINT,7.608,7.608,NA,Y:/capuchin_coiba/archive/rawdata/camera_trap_images/renamed_data/R11/CEBUS-02-R11/CEBUS-02-R11__2022-02-05__14-27-16.MP4,228,228,,,,
CEBUS-02-R11__2022-02-05__14-27-16,2025-08-27 21:24:32,corrected by LR,Media file,player #1:Y:/capuchin_coiba/archive/rawdata/camera_trap_images/renamed_data/R11/CEBUS-02-R11/CEBUS-02-R11__2022-02-05__14-27-16.MP4,0.0,53.787,60.861,29.970,MC,BAL,0.0,reposit,Behavior,item,,,,POINT,8.508,8.508,NA,Y:/capuchin_coiba/archive/rawdata/camera_trap_images/renamed_data/R11/CEBUS-02-R11/CEBUS-02-R11__2022-02-05__14-27-16.MP4,255,255,,,,
CEBUS-02-R11__2022-02-05__14-27-16,2025-08-27 21:24:32,corrected by LR,Media file,player #1:Y:/capuchin_coiba/archive/rawdata/camera_trap_images/renamed_data/R11/CEBUS-02-R11/CEBUS-02-R11__2022-02-05__14-27-16.MP4,0.0,53.787,60.861,29.970,MC,BAL,0.0,pound,Behavior,stand,None,overhead,,POINT,11.378,11.378,NA,Y:/capuchin_coiba/archive/rawdata/camera_trap_images/renamed_data/R11/CEBUS-02-R11/CEBUS-02-R11__2022-02-05__14-27-16.MP4,341,341,,,,
CEBUS-02-R11__2022-02-05__14-27-16,2025-08-27 21:24:32,corrected by LR,Media file,player #1:Y:/capuchin_coiba/archive/rawdata/camera_trap_images/renamed_data/R11/CEBUS-02-R11/CEBUS-02-R11__2022-02-05__14-27-16.MP4,0.0,53.787,60.861,29.970,MC,BAL,0.0,pound,Behavior,stand,None,None,,POINT,13.814,13.814,NA,Y:/capuchin_coiba/archive/rawdata/camera_trap_images/renamed_data/R11/CEBUS-02-R11/CEBUS-02-R11__2022-02-05__14-27-16.MP4,414,414,,,,
CEBUS-02-R11__2022-02-05__14-27-16,2025-08-27 21:24:32,corrected by LR,Media file,player #1:Y:/capuchin_coiba/archive/rawdata/camera_trap_images/renamed_data/R11/CEBUS-02-R11/CEBUS-02-R11__2022-02-05__14-27-16.MP4,0.0,53.787,60.861,29.970,MC,BAL,0.0,reposit,Behavior,peel,,,,POINT,15.949,15.949,NA,Y:/capuchin_coiba/archive/rawdata/camera_trap_images/renamed_data/R11/CEBUS-02-R11/CEBUS-02-R11__2022-02-05__14-27-16.MP4,478,478,,,,
CEBUS-02-R11__2022-02-05__14-27-16,2025-08-27 21:24:32,corrected by LR,Media file,player #1:Y:/capuchin_coiba/archive/rawdata/camera_trap_images/renamed_data/R11/CEBUS-02-R11/CEBUS-02-R11__2022-02-05__14-27-16.MP4,0.0,53.787,60.861,29.970,MC,BAL,0.0,pound,Behavior,stand,1foot,overhead,,POINT,20.354,20.354,NA,Y:/capuchin_coiba/archive/rawdata/camera_trap_images/renamed_data/R11/CEBUS-02-R11/CEBUS-02-R11__2022-02-05__14-27-16.MP4,610,610,,,,
CEBUS-02-R11__2022-02-05__14-27-16,2025-08-27 21:24:32,corrected by LR,Media file,player #1:Y:/capuchin_coiba/archive/rawdata/camera_trap_images/renamed_data/R11/CEBUS-02-R11/CEBUS-02-R11__2022-02-05__14-27-16.MP4,0.0,53.787,60.861,29.970,MC,BAL,0.0,reposit,Behavior,item,,,,POINT,24.858,24.858,NA,Y:/capuchin_coiba/archive/rawdata/camera_trap_images/renamed_data/R11/CEBUS-02-R11/CEBUS-02-R11__2022-02-05__14-27-16.MP4,745,745,,,vigilant,
CEBUS-02-R11__2022-02-05__14-27-16,2025-08-27 21:24:32,corrected by LR,Media file,player #1:Y:/capuchin_coiba/archive/rawdata/camera_trap_images/renamed_data/R11/CEBUS-02-R11/CEBUS-02-R11__2022-02-05__14-27-16.MP4,0.0,53.787,60.861,29.970,MC,BAL,0.0,pound,Behavior,stand,None,None,,POINT,32.199,32.199,NA,Y:/capuchin_coiba/archive/rawdata/camera_trap_images/renamed_data/R11/CEBUS-02-R11/CEBUS-02-R11__2022-02-05__14-27-16.MP4,965,965,,,,
CEBUS-02-R11__2022-02-05__14-27-16,2025-08-27 21:24:32,corrected by LR,Media file,player #1:Y:/capuchin_coiba/archive/rawdata/camera_trap_images/renamed_data/R11/CEBUS-02-R11/CEBUS-02-R11__2022-02-05__14-27-16.MP4,0.0,53.787,60.861,29.970,MC,BAL,0.0,reposit,Behavior,item,,,,POINT,34.268,34.268,NA,Y:/capuchin_coiba/archive/rawdata/camera_trap_images/renamed_data/R11/CEBUS-02-R11/CEBUS-02-R11__2022-02-05__14-27-16.MP4,1027,1027,,,,
CEBUS-02-R11__2022-02-05__14-27-16,2025-08-27 21:24:32,corrected by LR,Media file,player #1:Y:/capuchin_coiba/archive/rawdata/camera_trap_images/renamed_data/R11/CEBUS-02-R11/CEBUS-02-R11__2022-02-05__14-27-16.MP4,0.0,53.787,60.861,29.970,MC,BAL,0.0,pound,Behavior,stand,None,None,,POINT,35.369,35.369,NA,Y:/capuchin_coiba/archive/rawdata/camera_trap_images/renamed_data/R11/CEBUS-02-R11/CEBUS-02-R11__2022-02-05__14-27-16.MP4,1060,1060,,,,
CEBUS-02-R11__2022-02-05__14-27-16,2025-08-27 21:24:32,corrected by LR,Media file,player #1:Y:/capuchin_coiba/archive/rawdata/camera_trap_images/renamed_data/R11/CEBUS-02-R11/CEBUS-02-R11__2022-02-05__14-27-16.MP4,0.0,53.787,60.861,29.970,MC,BAL,0.0,pound,Behavior,stand,None,None,,POINT,37.437,37.437,NA,Y:/capuchin_coiba/archive/rawdata/camera_trap_images/renamed_data/R11/CEBUS-02-R11/CEBUS-02-R11__2022-02-05__14-27-16.MP4,1122,1122,,,,
CEBUS-02-R11__2022-02-05__14-27-16,2025-08-27 21:24:32,corrected by LR,Media file,player #1:Y:/capuchin_coiba/archive/rawdata/camera_trap_images/renamed_data/R11/CEBUS-02-R11/CEBUS-02-R11__2022-02-05__14-27-16.MP4,0.0,53.787,60.861,29.970,MC,BAL,0.0,pound,Behavior,stand,1foot,None,,POINT,38.705,38.705,NA,Y:/capuchin_coiba/archive/rawdata/camera_trap_images/renamed_data/R11/CEBUS-02-R11/CEBUS-02-R11__2022-02-05__14-27-16.MP4,1160,1160,,,,
CEBUS-02-R11__2022-02-05__14-27-16,2025-08-27 21:24:32,corrected by LR,Media file,player #1:Y:/capuchin_coiba/archive/rawdata/camera_trap_images/renamed_data/R11/CEBUS-02-R11/CEBUS-02-R11__2022-02-05__14-27-16.MP4,0.0,53.787,60.861,29.970,MC,BAL,0.0,reposit,Behavior,item,,,,POINT,40.841,40.841,NA,Y:/capuchin_coiba/archive/rawdata/camera_trap_images/renamed_data/R11/CEBUS-02-R11/CEBUS-02-R11__2022-02-05__14-27-16.MP4,1224,1224,,,,
CEBUS-02-R11__2022-02-05__14-27-16,2025-08-27 21:24:32,corrected by LR,Media file,player #1:Y:/capuchin_coiba/archive/rawdata/camera_trap_images/renamed_data/R11/CEBUS-02-R11/CEBUS-02-R11__2022-02-05__14-27-16.MP4,0.0,53.787,60.861,29.970,MC,BAL,0.0,pound,Behavior,stand,None,overhead,,POINT,43.043,43.043,NA,Y:/capuchin_coiba/archive/rawdata/camera_trap_images/renamed_data/R11/CEBUS-02-R11/CEBUS-02-R11__2022-02-05__14-27-16.MP4,1290,1290,,,,
CEBUS-02-R11__2022-02-05__14-27-16,2025-08-27 21:24:32,corrected by LR,Media file,player #1:Y:/capuchin_coiba/archive/rawdata/camera_trap_images/renamed_data/R11/CEBUS-02-R11/CEBUS-02-R11__2022-02-05__14-27-16.MP4,0.0,53.787,60.861,29.970,MC,BAL,0.0,reposit,Behavior,item,,,,POINT,45.913,45.913,NA,Y:/capuchin_coiba/archive/rawdata/camera_trap_images/renamed_data/R11/CEBUS-02-R11/CEBUS-02-R11__2022-02-05__14-27-16.MP4,1376,1376,,,,
CEBUS-02-R11__2022-02-05__14-27-16,2025-08-27 21:24:32,corrected by LR,Media file,player #1:Y:/capuchin_coiba/archive/rawdata/camera_trap_images/renamed_data/R11/CEBUS-02-R11/CEBUS-02-R11__2022-02-05__14-27-16.MP4,0.0,53.787,60.861,29.970,MC,BAL,0.0,reposit,Behavior,hammer,,,,POINT,48.515,48.515,NA,Y:/capuchin_coiba/archive/rawdata/camera_trap_images/renamed_data/R11/CEBUS-02-R11/CEBUS-02-R11__2022-02-05__14-27-16.MP4,1454,1454,,,,
CEBUS-02-R11__2022-02-05__14-27-16,2025-08-27 21:24:32,corrected by LR,Media file,player #1:Y:/capuchin_coiba/archive/rawdata/camera_trap_images/renamed_data/R11/CEBUS-02-R11/CEBUS-02-R11__2022-02-05__14-27-16.MP4,0.0,53.787,60.861,29.970,MC,BAL,0.0,pound,Behavior,stand,tailsupport,None,,POINT,49.082,49.082,NA,Y:/capuchin_coiba/archive/rawdata/camera_trap_images/renamed_data/R11/CEBUS-02-R11/CEBUS-02-R11__2022-02-05__14-27-16.MP4,1471,1471,,,,
CEBUS-02-R11__2022-02-05__14-27-16,2025-08-27 21:24:32,corrected by LR,Media file,player #1:Y:/capuchin_coiba/archive/rawdata/camera_trap_images/renamed_data/R11/CEBUS-02-R11/CEBUS-02-R11__2022-02-05__14-27-16.MP4,0.0,53.787,60.861,29.970,MC,BAL,0.0,pound,Behavior,stand,1foot,overhead,,POINT,50.951,50.951,NA,Y:/capuchin_coiba/archive/rawdata/camera_trap_images/renamed_data/R11/CEBUS-02-R11/CEBUS-02-R11__2022-02-05__14-27-16.MP4,1527,1527,,,,
CEBUS-02-R11__2022-02-05__14-27-16,2025-08-27 21:24:32,corrected by LR,Media file,player #1:Y:/capuchin_coiba/archive/rawdata/camera_trap_images/renamed_data/R11/CEBUS-02-R11/CEBUS-02-R11__2022-02-05__14-27-16.MP4,0.0,53.787,60.861,29.970,MC,BAL,0.0,seqend,Sequence info,opened,None,None,None,POINT,55.489,55.489,NA,Y:/capuchin_coiba/archive/rawdata/camera_trap_images/renamed_data/R11/CEBUS-02-R11/CEBUS-02-R11__2022-02-05__14-27-16.MP4,1663,1663,,,,
CEBUS-02-R11__2022-02-06__17-57-49,2025-08-27 21:26:28,corrected by LR,Media file,player #1:Y:/capuchin_coiba/archive/rawdata/camera_trap_images/renamed_data/R11/CEBUS-02-R11/CEBUS-02-R11__2022-02-06__17-57-49.MP4,0.0,30.397,60.894,29.970,MC,MIC,0.0,seqstart,Sequence info,almendrabrown,,,,POINT,0.000,0.000,NA,Y:/capuchin_coiba/archive/rawdata/camera_trap_images/renamed_data/R11/CEBUS-02-R11/CEBUS-02-R11__2022-02-06__17-57-49.MP4,0,0,,,,
CEBUS-02-R11__2022-02-06__17-57-49,2025-08-27 21:26:28,corrected by LR,Media file,player #1:Y:/capuchin_coiba/archive/rawdata/camera_trap_images/renamed_data/R11/CEBUS-02-R11/CEBUS-02-R11__2022-02-06__17-57-49.MP4,0.0,30.397,60.894,29.970,MC,MIC,0.0,hammerstone,Sequence info,offanvilreach,unmarked,e_onanvil,,POINT,0.234,0.234,NA,Y:/capuchin_coiba/archive/rawdata/camera_trap_images/renamed_data/R11/CEBUS-02-R11/CEBUS-02-R11__2022-02-06__17-57-49.MP4,7,7,,,"grey, square and blocky",
CEBUS-02-R11__2022-02-06__17-57-49,2025-08-27 21:26:28,corrected by LR,Media file,player #1:Y:/capuchin_coiba/archive/rawdata/camera_trap_images/renamed_data/R11/CEBUS-02-R11/CEBUS-02-R11__2022-02-06__17-57-49.MP4,0.0,30.397,60.894,29.970,MC,MIC,0.0,pound,Behavior,stand,None,None,,POINT,1.502,1.502,NA,Y:/capuchin_coiba/archive/rawdata/camera_trap_images/renamed_data/R11/CEBUS-02-R11/CEBUS-02-R11__2022-02-06__17-57-49.MP4,45,45,,,,
CEBUS-02-R11__2022-02-06__17-57-49,2025-08-27 21:26:28,corrected by LR,Media file,player #1:Y:/capuchin_coiba/archive/rawdata/camera_trap_images/renamed_data/R11/CEBUS-02-R11/CEBUS-02-R11__2022-02-06__17-57-49.MP4,0.0,30.397,60.894,29.970,MC,MIC,0.0,reposit,Behavior,item,,,,POINT,3.737,3.737,NA,Y:/capuchin_coiba/archive/rawdata/camera_trap_images/renamed_data/R11/CEBUS-02-R11/CEBUS-02-R11__2022-02-06__17-57-49.MP4,112,112,,,,
CEBUS-02-R11__2022-02-06__17-57-49,2025-08-27 21:26:28,corrected by LR,Media file,player #1:Y:/capuchin_coiba/archive/rawdata/camera_trap_images/renamed_data/R11/CEBUS-02-R11/CEBUS-02-R11__2022-02-06__17-57-49.MP4,0.0,30.397,60.894,29.970,MC,MIC,0.0,pound,Behavior,stand,None,None,,POINT,5.172,5.172,NA,Y:/capuchin_coiba/archive/rawdata/camera_trap_images/renamed_data/R11/CEBUS-02-R11/CEBUS-02-R11__2022-02-06__17-57-49.MP4,155,155,,,,
CEBUS-02-R11__2022-02-06__17-57-49,2025-08-27 21:26:28,corrected by LR,Media file,player #1:Y:/capuchin_coiba/archive/rawdata/camera_trap_images/renamed_data/R11/CEBUS-02-R11/CEBUS-02-R11__2022-02-06__17-57-49.MP4,0.0,30.397,60.894,29.970,MC,MIC,0.0,reposit,Behavior,item,,,,POINT,6.139,6.139,NA,Y:/capuchin_coiba/archive/rawdata/camera_trap_images/renamed_data/R11/CEBUS-02-R11/CEBUS-02-R11__2022-02-06__17-57-49.MP4,184,184,,,,
CEBUS-02-R11__2022-02-06__17-57-49,2025-08-27 21:26:28,corrected by LR,Media file,player #1:Y:/capuchin_coiba/archive/rawdata/camera_trap_images/renamed_data/R11/CEBUS-02-R11/CEBUS-02-R11__2022-02-06__17-57-49.MP4,0.0,30.397,60.894,29.970,MC,MIC,0.0,pound,Behavior,stand,None,None,,POINT,7.040,7.040,NA,Y:/capuchin_coiba/archive/rawdata/camera_trap_images/renamed_data/R11/CEBUS-02-R11/CEBUS-02-R11__2022-02-06__17-57-49.MP4,211,211,,,,
CEBUS-02-R11__2022-02-06__17-57-49,2025-08-27 21:26:28,corrected by LR,Media file,player #1:Y:/capuchin_coiba/archive/rawdata/camera_trap_images/renamed_data/R11/CEBUS-02-R11/CEBUS-02-R11__2022-02-06__17-57-49.MP4,0.0,30.397,60.894,29.970,MC,MIC,0.0,reposit,Behavior,None,,,,POINT,9.576,9.576,NA,Y:/capuchin_coiba/archive/rawdata/camera_trap_images/renamed_data/R11/CEBUS-02-R11/CEBUS-02-R11__2022-02-06__17-57-49.MP4,287,287,,,move FRE out of the way,
CEBUS-02-R11__2022-02-06__17-57-49,2025-08-27 21:26:28,corrected by LR,Media file,player #1:Y:/capuchin_coiba/archive/rawdata/camera_trap_images/renamed_data/R11/CEBUS-02-R11/CEBUS-02-R11__2022-02-06__17-57-49.MP4,0.0,30.397,60.894,29.970,MC,MIC,0.0,pound,Behavior,jump,None,None,,POINT,10.577,10.577,NA,Y:/capuchin_coiba/archive/rawdata/camera_trap_images/renamed_data/R11/CEBUS-02-R11/CEBUS-02-R11__2022-02-06__17-57-49.MP4,317,317,,,,
CEBUS-02-R11__2022-02-06__17-57-49,2025-08-27 21:26:28,corrected by LR,Media file,player #1:Y:/capuchin_coiba/archive/rawdata/camera_trap_images/renamed_data/R11/CEBUS-02-R11/CEBUS-02-R11__2022-02-06__17-57-49.MP4,0.0,30.397,60.894,29.970,MC,MIC,0.0,pound,Behavior,stand,None,None,,POINT,12.112,12.112,NA,Y:/capuchin_coiba/archive/rawdata/camera_trap_images/renamed_data/R11/CEBUS-02-R11/CEBUS-02-R11__2022-02-06__17-57-49.MP4,363,363,,,,
CEBUS-02-R11__2022-02-06__17-57-49,2025-08-27 21:26:28,corrected by LR,Media file,player #1:Y:/capuchin_coiba/archive/rawdata/camera_trap_images/renamed_data/R11/CEBUS-02-R11/CEBUS-02-R11__2022-02-06__17-57-49.MP4,0.0,30.397,60.894,29.970,MC,MIC,0.0,pound,Behavior,stand,None,None,,POINT,13.247,13.247,NA,Y:/capuchin_coiba/archive/rawdata/camera_trap_images/renamed_data/R11/CEBUS-02-R11/CEBUS-02-R11__2022-02-06__17-57-49.MP4,397,397,,,,
CEBUS-02-R11__2022-02-06__17-57-49,2025-08-27 21:26:28,corrected by LR,Media file,player #1:Y:/capuchin_coiba/archive/rawdata/camera_trap_images/renamed_data/R11/CEBUS-02-R11/CEBUS-02-R11__2022-02-06__17-57-49.MP4,0.0,30.397,60.894,29.970,MC,MIC,0.0,misstrike,Behavior,hammerbreak,,,,POINT,13.280,13.280,NA,Y:/capuchin_coiba/archive/rawdata/camera_trap_images/renamed_data/R11/CEBUS-02-R11/CEBUS-02-R11__2022-02-06__17-57-49.MP4,398,398,,,,
CEBUS-02-R11__2022-02-06__17-57-49,2025-08-27 21:26:28,corrected by LR,Media file,player #1:Y:/capuchin_coiba/archive/rawdata/camera_trap_images/renamed_data/R11/CEBUS-02-R11/CEBUS-02-R11__2022-02-06__17-57-49.MP4,0.0,30.397,60.894,29.970,MC,MIC,0.0,pound,Behavior,stand,1foot,None,,POINT,14.414,14.414,NA,Y:/capuchin_coiba/archive/rawdata/camera_trap_images/renamed_data/R11/CEBUS-02-R11/CEBUS-02-R11__2022-02-06__17-57-49.MP4,432,432,,,,
CEBUS-02-R11__2022-02-06__17-57-49,2025-08-27 21:26:28,corrected by LR,Media file,player #1:Y:/capuchin_coiba/archive/rawdata/camera_trap_images/renamed_data/R11/CEBUS-02-R11/CEBUS-02-R11__2022-02-06__17-57-49.MP4,0.0,30.397,60.894,29.970,MC,MIC,0.0,misstrike,Behavior,hammerbreak,,,,POINT,14.548,14.548,NA,Y:/capuchin_coiba/archive/rawdata/camera_trap_images/renamed_data/R11/CEBUS-02-R11/CEBUS-02-R11__2022-02-06__17-57-49.MP4,436,436,,,,
CEBUS-02-R11__2022-02-06__17-57-49,2025-08-27 21:26:28,corrected by LR,Media file,player #1:Y:/capuchin_coiba/archive/rawdata/camera_trap_images/renamed_data/R11/CEBUS-02-R11/CEBUS-02-R11__2022-02-06__17-57-49.MP4,0.0,30.397,60.894,29.970,MC,MIC,0.0,pound,Behavior,stand,None,None,,POINT,15.516,15.516,NA,Y:/capuchin_coiba/archive/rawdata/camera_trap_images/renamed_data/R11/CEBUS-02-R11/CEBUS-02-R11__2022-02-06__17-57-49.MP4,465,465,,,,
CEBUS-02-R11__2022-02-06__17-57-49,2025-08-27 21:26:28,corrected by LR,Media file,player #1:Y:/capuchin_coiba/archive/rawdata/camera_trap_images/renamed_data/R11/CEBUS-02-R11/CEBUS-02-R11__2022-02-06__17-57-49.MP4,0.0,30.397,60.894,29.970,MC,MIC,0.0,reposit,Behavior,peel,,,,POINT,16.817,16.817,NA,Y:/capuchin_coiba/archive/rawdata/camera_trap_images/renamed_data/R11/CEBUS-02-R11/CEBUS-02-R11__2022-02-06__17-57-49.MP4,504,504,,,,
CEBUS-02-R11__2022-02-06__17-57-49,2025-08-27 21:26:28,corrected by LR,Media file,player #1:Y:/capuchin_coiba/archive/rawdata/camera_trap_images/renamed_data/R11/CEBUS-02-R11/CEBUS-02-R11__2022-02-06__17-57-49.MP4,0.0,30.397,60.894,29.970,MC,MIC,0.0,pound,Behavior,stand,None,None,,POINT,24.024,24.024,NA,Y:/capuchin_coiba/archive/rawdata/camera_trap_images/renamed_data/R11/CEBUS-02-R11/CEBUS-02-R11__2022-02-06__17-57-49.MP4,720,720,,,,
CEBUS-02-R11__2022-02-06__17-57-49,2025-08-27 21:26:28,corrected by LR,Media file,player #1:Y:/capuchin_coiba/archive/rawdata/camera_trap_images/renamed_data/R11/CEBUS-02-R11/CEBUS-02-R11__2022-02-06__17-57-49.MP4,0.0,30.397,60.894,29.970,MC,MIC,0.0,pound,Behavior,stand,None,None,,POINT,25.158,25.158,NA,Y:/capuchin_coiba/archive/rawdata/camera_trap_images/renamed_data/R11/CEBUS-02-R11/CEBUS-02-R11__2022-02-06__17-57-49.MP4,754,754,,,,
CEBUS-02-R11__2022-02-06__17-57-49,2025-08-27 21:26:28,corrected by LR,Media file,player #1:Y:/capuchin_coiba/archive/rawdata/camera_trap_images/renamed_data/R11/CEBUS-02-R11/CEBUS-02-R11__2022-02-06__17-57-49.MP4,0.0,30.397,60.894,29.970,MC,MIC,0.0,pound,Behavior,stand,None,None,,POINT,26.093,26.093,NA,Y:/capuchin_coiba/archive/rawdata/camera_trap_images/renamed_data/R11/CEBUS-02-R11/CEBUS-02-R11__2022-02-06__17-57-49.MP4,782,782,,,,
CEBUS-02-R11__2022-02-06__17-57-49,2025-08-27 21:26:28,corrected by LR,Media file,player #1:Y:/capuchin_coiba/archive/rawdata/camera_trap_images/renamed_data/R11/CEBUS-02-R11/CEBUS-02-R11__2022-02-06__17-57-49.MP4,0.0,30.397,60.894,29.970,MC,MIC,0.0,misstrike,Behavior,hammerbreak,,,,POINT,26.126,26.126,NA,Y:/capuchin_coiba/archive/rawdata/camera_trap_images/renamed_data/R11/CEBUS-02-R11/CEBUS-02-R11__2022-02-06__17-57-49.MP4,783,783,,,,
CEBUS-02-R11__2022-02-06__17-57-49,2025-08-27 21:26:28,corrected by LR,Media file,player #1:Y:/capuchin_coiba/archive/rawdata/camera_trap_images/renamed_data/R11/CEBUS-02-R11/CEBUS-02-R11__2022-02-06__17-57-49.MP4,0.0,30.397,60.894,29.970,MC,MIC,0.0,pound,Behavior,stand,None,None,,POINT,27.494,27.494,NA,Y:/capuchin_coiba/archive/rawdata/camera_trap_images/renamed_data/R11/CEBUS-02-R11/CEBUS-02-R11__2022-02-06__17-57-49.MP4,824,824,,,,
CEBUS-02-R11__2022-02-06__17-57-49,2025-08-27 21:26:28,corrected by LR,Media file,player #1:Y:/capuchin_coiba/archive/rawdata/camera_trap_images/renamed_data/R11/CEBUS-02-R11/CEBUS-02-R11__2022-02-06__17-57-49.MP4,0.0,30.397,60.894,29.970,MC,MIC,0.0,seqend,Sequence info,abandoned,noscrounging,nodisplacement,noattention,POINT,30.397,30.397,NA,Y:/capuchin_coiba/archive/rawdata/camera_trap_images/renamed_data/R11/CEBUS-02-R11/CEBUS-02-R11__2022-02-06__17-57-49.MP4,911,911,,,,
CEBUS-02-R11__2022-02-08__17-00-59,2025-08-27 21:28:51,corrected by LR,Media file,player #1:Y:/capuchin_coiba/archive/rawdata/camera_trap_images/renamed_data/R11/CEBUS-02-R11/CEBUS-02-R11__2022-02-08__17-00-59.MP4,0.0,4.171,60.894,29.970,MC,SPT,0.0,seqstart,Sequence info,almendraunknown,,,,POINT,0.000,0.000,NA,Y:/capuchin_coiba/archive/rawdata/camera_trap_images/renamed_data/R11/CEBUS-02-R11/CEBUS-02-R11__2022-02-08__17-00-59.MP4,NA,NA,,,"grey, shape like a mammal skull",
CEBUS-02-R11__2022-02-08__17-00-59,2025-08-27 21:28:51,corrected by LR,Media file,player #1:Y:/capuchin_coiba/archive/rawdata/camera_trap_images/renamed_data/R11/CEBUS-02-R11/CEBUS-02-R11__2022-02-08__17-00-59.MP4,0.0,4.171,60.894,29.970,MC,SPT,0.0,hammerstone,Sequence info,inhand,unmarked,e_onanvil,,POINT,0.267,0.267,NA,Y:/capuchin_coiba/archive/rawdata/camera_trap_images/renamed_data/R11/CEBUS-02-R11/CEBUS-02-R11__2022-02-08__17-00-59.MP4,8,8,,,,
CEBUS-02-R11__2022-02-08__17-00-59,2025-08-27 21:28:51,corrected by LR,Media file,player #1:Y:/capuchin_coiba/archive/rawdata/camera_trap_images/renamed_data/R11/CEBUS-02-R11/CEBUS-02-R11__2022-02-08__17-00-59.MP4,0.0,4.171,60.894,29.970,MC,SPT,0.0,pound,Behavior,crouch,None,None,,POINT,0.834,0.834,NA,Y:/capuchin_coiba/archive/rawdata/camera_trap_images/renamed_data/R11/CEBUS-02-R11/CEBUS-02-R11__2022-02-08__17-00-59.MP4,25,25,,,,
CEBUS-02-R11__2022-02-08__17-00-59,2025-08-27 21:28:51,corrected by LR,Media file,player #1:Y:/capuchin_coiba/archive/rawdata/camera_trap_images/renamed_data/R11/CEBUS-02-R11/CEBUS-02-R11__2022-02-08__17-00-59.MP4,0.0,4.171,60.894,29.970,MC,SPT,0.0,pound,Behavior,crouch,None,None,,POINT,1.802,1.802,NA,Y:/capuchin_coiba/archive/rawdata/camera_trap_images/renamed_data/R11/CEBUS-02-R11/CEBUS-02-R11__2022-02-08__17-00-59.MP4,54,54,,,,
CEBUS-02-R11__2022-02-08__17-00-59,2025-08-27 21:28:51,corrected by LR,Media file,player #1:Y:/capuchin_coiba/archive/rawdata/camera_trap_images/renamed_data/R11/CEBUS-02-R11/CEBUS-02-R11__2022-02-08__17-00-59.MP4,0.0,4.171,60.894,29.970,MC,SPT,0.0,pound,Behavior,crouch,None,None,,POINT,2.870,2.870,NA,Y:/capuchin_coiba/archive/rawdata/camera_trap_images/renamed_data/R11/CEBUS-02-R11/CEBUS-02-R11__2022-02-08__17-00-59.MP4,86,86,,,,
CEBUS-02-R11__2022-02-08__17-00-59,2025-08-27 21:28:51,corrected by LR,Media file,player #1:Y:/capuchin_coiba/archive/rawdata/camera_trap_images/renamed_data/R11/CEBUS-02-R11/CEBUS-02-R11__2022-02-08__17-00-59.MP4,0.0,4.171,60.894,29.970,MC,SPT,0.0,seqend,Sequence info,opened,None,None,None,POINT,4.171,4.171,NA,Y:/capuchin_coiba/archive/rawdata/camera_trap_images/renamed_data/R11/CEBUS-02-R11/CEBUS-02-R11__2022-02-08__17-00-59.MP4,125,125,,,,
CEBUS-02-R11__2022-02-08__17-05-08,2025-08-27 21:30:10,corrected by LR,Media file,player #1:Y:/capuchin_coiba/archive/rawdata/camera_trap_images/renamed_data/R11/CEBUS-02-R11/CEBUS-02-R11__2022-02-08__17-05-08.MP4,0.0,13.180,60.861,29.970,MC,SPT,0.0,seqstart,Sequence info,almendrabrown,,,,POINT,0.000,0.000,NA,Y:/capuchin_coiba/archive/rawdata/camera_trap_images/renamed_data/R11/CEBUS-02-R11/CEBUS-02-R11__2022-02-08__17-05-08.MP4,0,0,,,,
CEBUS-02-R11__2022-02-08__17-05-08,2025-08-27 21:30:10,corrected by LR,Media file,player #1:Y:/capuchin_coiba/archive/rawdata/camera_trap_images/renamed_data/R11/CEBUS-02-R11/CEBUS-02-R11__2022-02-08__17-05-08.MP4,0.0,13.180,60.861,29.970,MC,SPT,0.0,hammerstone,Sequence info,inhand,unmarked,e_onanvil,,POINT,0.100,0.100,NA,Y:/capuchin_coiba/archive/rawdata/camera_trap_images/renamed_data/R11/CEBUS-02-R11/CEBUS-02-R11__2022-02-08__17-05-08.MP4,3,3,,,,
CEBUS-02-R11__2022-02-08__17-05-08,2025-08-27 21:30:10,corrected by LR,Media file,player #1:Y:/capuchin_coiba/archive/rawdata/camera_trap_images/renamed_data/R11/CEBUS-02-R11/CEBUS-02-R11__2022-02-08__17-05-08.MP4,0.0,13.180,60.861,29.970,MC,SPT,0.0,pound,Behavior,stand,None,None,,POINT,0.334,0.334,NA,Y:/capuchin_coiba/archive/rawdata/camera_trap_images/renamed_data/R11/CEBUS-02-R11/CEBUS-02-R11__2022-02-08__17-05-08.MP4,10,10,,,,
CEBUS-02-R11__2022-02-08__17-05-08,2025-08-27 21:30:10,corrected by LR,Media file,player #1:Y:/capuchin_coiba/archive/rawdata/camera_trap_images/renamed_data/R11/CEBUS-02-R11/CEBUS-02-R11__2022-02-08__17-05-08.MP4,0.0,13.180,60.861,29.970,MC,SPT,0.0,pound,Behavior,crouch,None,None,,POINT,2.536,2.536,NA,Y:/capuchin_coiba/archive/rawdata/camera_trap_images/renamed_data/R11/CEBUS-02-R11/CEBUS-02-R11__2022-02-08__17-05-08.MP4,76,76,,,,
CEBUS-02-R11__2022-02-08__17-05-08,2025-08-27 21:30:10,corrected by LR,Media file,player #1:Y:/capuchin_coiba/archive/rawdata/camera_trap_images/renamed_data/R11/CEBUS-02-R11/CEBUS-02-R11__2022-02-08__17-05-08.MP4,0.0,13.180,60.861,29.970,MC,SPT,0.0,pound,Behavior,crouch,None,None,,POINT,3.670,3.670,NA,Y:/capuchin_coiba/archive/rawdata/camera_trap_images/renamed_data/R11/CEBUS-02-R11/CEBUS-02-R11__2022-02-08__17-05-08.MP4,110,110,,,,
CEBUS-02-R11__2022-02-08__17-05-08,2025-08-27 21:30:10,corrected by LR,Media file,player #1:Y:/capuchin_coiba/archive/rawdata/camera_trap_images/renamed_data/R11/CEBUS-02-R11/CEBUS-02-R11__2022-02-08__17-05-08.MP4,0.0,13.180,60.861,29.970,MC,SPT,0.0,reposit,Behavior,peel,,,,POINT,5.005,5.005,NA,Y:/capuchin_coiba/archive/rawdata/camera_trap_images/renamed_data/R11/CEBUS-02-R11/CEBUS-02-R11__2022-02-08__17-05-08.MP4,150,150,,,,
CEBUS-02-R11__2022-02-08__17-05-08,2025-08-27 21:30:10,corrected by LR,Media file,player #1:Y:/capuchin_coiba/archive/rawdata/camera_trap_images/renamed_data/R11/CEBUS-02-R11/CEBUS-02-R11__2022-02-08__17-05-08.MP4,0.0,13.180,60.861,29.970,MC,SPT,0.0,pound,Behavior,crouch,None,None,,POINT,9.643,9.643,NA,Y:/capuchin_coiba/archive/rawdata/camera_trap_images/renamed_data/R11/CEBUS-02-R11/CEBUS-02-R11__2022-02-08__17-05-08.MP4,289,289,,,,
CEBUS-02-R11__2022-02-08__17-05-08,2025-08-27 21:30:10,corrected by LR,Media file,player #1:Y:/capuchin_coiba/archive/rawdata/camera_trap_images/renamed_data/R11/CEBUS-02-R11/CEBUS-02-R11__2022-02-08__17-05-08.MP4,0.0,13.180,60.861,29.970,MC,SPT,0.0,pound,Behavior,crouch,None,None,,POINT,10.878,10.878,NA,Y:/capuchin_coiba/archive/rawdata/camera_trap_images/renamed_data/R11/CEBUS-02-R11/CEBUS-02-R11__2022-02-08__17-05-08.MP4,326,326,,,,
CEBUS-02-R11__2022-02-08__17-05-08,2025-08-27 21:30:10,corrected by LR,Media file,player #1:Y:/capuchin_coiba/archive/rawdata/camera_trap_images/renamed_data/R11/CEBUS-02-R11/CEBUS-02-R11__2022-02-08__17-05-08.MP4,0.0,13.180,60.861,29.970,MC,SPT,0.0,seqend,Sequence info,opened,None,None,None,POINT,13.180,13.180,NA,Y:/capuchin_coiba/archive/rawdata/camera_trap_images/renamed_data/R11/CEBUS-02-R11/CEBUS-02-R11__2022-02-08__17-05-08.MP4,395,395,,,vocalizations from other side of camera,
CEBUS-02-R11__2022-02-10__16-08-44,2025-08-27 21:31:12,corrected by LR,Media file,player #1:Y:/capuchin_coiba/archive/rawdata/camera_trap_images/renamed_data/R11/CEBUS-02-R11/CEBUS-02-R11__2022-02-10__16-08-44.MP4,0.0,34.968,60.894,29.970,MC,TOM,0.0,seqstart,Sequence info,almendrabrown,,,,POINT,0.000,0.000,NA,Y:/capuchin_coiba/archive/rawdata/camera_trap_images/renamed_data/R11/CEBUS-02-R11/CEBUS-02-R11__2022-02-10__16-08-44.MP4,0,0,,,,
CEBUS-02-R11__2022-02-10__16-08-44,2025-08-27 21:31:12,corrected by LR,Media file,player #1:Y:/capuchin_coiba/archive/rawdata/camera_trap_images/renamed_data/R11/CEBUS-02-R11/CEBUS-02-R11__2022-02-10__16-08-44.MP4,0.0,34.968,60.894,29.970,MC,TOM,0.0,hammerstone,Sequence info,inhand,unmarked,e_onanvil,,POINT,0.133,0.133,NA,Y:/capuchin_coiba/archive/rawdata/camera_trap_images/renamed_data/R11/CEBUS-02-R11/CEBUS-02-R11__2022-02-10__16-08-44.MP4,4,4,,,grey hammer that is shaped like skull,
CEBUS-02-R11__2022-02-10__16-08-44,2025-08-27 21:31:12,corrected by LR,Media file,player #1:Y:/capuchin_coiba/archive/rawdata/camera_trap_images/renamed_data/R11/CEBUS-02-R11/CEBUS-02-R11__2022-02-10__16-08-44.MP4,0.0,34.968,60.894,29.970,MC,TOM,0.0,pound,Behavior,stand,None,None,,POINT,0.267,0.267,NA,Y:/capuchin_coiba/archive/rawdata/camera_trap_images/renamed_data/R11/CEBUS-02-R11/CEBUS-02-R11__2022-02-10__16-08-44.MP4,8,8,,,,
CEBUS-02-R11__2022-02-10__16-08-44,2025-08-27 21:31:12,corrected by LR,Media file,player #1:Y:/capuchin_coiba/archive/rawdata/camera_trap_images/renamed_data/R11/CEBUS-02-R11/CEBUS-02-R11__2022-02-10__16-08-44.MP4,0.0,34.968,60.894,29.970,MC,TOM,0.0,pound,Behavior,crouch,None,None,,POINT,1.401,1.401,NA,Y:/capuchin_coiba/archive/rawdata/camera_trap_images/renamed_data/R11/CEBUS-02-R11/CEBUS-02-R11__2022-02-10__16-08-44.MP4,42,42,,,,
CEBUS-02-R11__2022-02-10__16-08-44,2025-08-27 21:31:12,corrected by LR,Media file,player #1:Y:/capuchin_coiba/archive/rawdata/camera_trap_images/renamed_data/R11/CEBUS-02-R11/CEBUS-02-R11__2022-02-10__16-08-44.MP4,0.0,34.968,60.894,29.970,MC,TOM,0.0,reposit,Behavior,hammer,,,,POINT,1.802,1.802,NA,Y:/capuchin_coiba/archive/rawdata/camera_trap_images/renamed_data/R11/CEBUS-02-R11/CEBUS-02-R11__2022-02-10__16-08-44.MP4,54,54,,,,
CEBUS-02-R11__2022-02-10__16-08-44,2025-08-27 21:31:12,corrected by LR,Media file,player #1:Y:/capuchin_coiba/archive/rawdata/camera_trap_images/renamed_data/R11/CEBUS-02-R11/CEBUS-02-R11__2022-02-10__16-08-44.MP4,0.0,34.968,60.894,29.970,MC,TOM,0.0,pound,Behavior,crouch,None,None,,POINT,4.171,4.171,NA,Y:/capuchin_coiba/archive/rawdata/camera_trap_images/renamed_data/R11/CEBUS-02-R11/CEBUS-02-R11__2022-02-10__16-08-44.MP4,125,125,,,,
CEBUS-02-R11__2022-02-10__16-08-44,2025-08-27 21:31:12,corrected by LR,Media file,player #1:Y:/capuchin_coiba/archive/rawdata/camera_trap_images/renamed_data/R11/CEBUS-02-R11/CEBUS-02-R11__2022-02-10__16-08-44.MP4,0.0,34.968,60.894,29.970,MC,TOM,0.0,misstrike,Behavior,None,,,,POINT,4.972,4.972,NA,Y:/capuchin_coiba/archive/rawdata/camera_trap_images/renamed_data/R11/CEBUS-02-R11/CEBUS-02-R11__2022-02-10__16-08-44.MP4,149,149,,,item rolls over to the left,
CEBUS-02-R11__2022-02-10__16-08-44,2025-08-27 21:31:12,corrected by LR,Media file,player #1:Y:/capuchin_coiba/archive/rawdata/camera_trap_images/renamed_data/R11/CEBUS-02-R11/CEBUS-02-R11__2022-02-10__16-08-44.MP4,0.0,34.968,60.894,29.970,MC,TOM,0.0,misstrike,Behavior,None,,,,POINT,5.372,5.372,NA,Y:/capuchin_coiba/archive/rawdata/camera_trap_images/renamed_data/R11/CEBUS-02-R11/CEBUS-02-R11__2022-02-10__16-08-44.MP4,161,161,,,TOM puts down hammer and grabs item,
CEBUS-02-R11__2022-02-10__16-08-44,2025-08-27 21:31:12,corrected by LR,Media file,player #1:Y:/capuchin_coiba/archive/rawdata/camera_trap_images/renamed_data/R11/CEBUS-02-R11/CEBUS-02-R11__2022-02-10__16-08-44.MP4,0.0,34.968,60.894,29.970,MC,TOM,0.0,reposit,Behavior,item,,,,POINT,5.706,5.706,NA,Y:/capuchin_coiba/archive/rawdata/camera_trap_images/renamed_data/R11/CEBUS-02-R11/CEBUS-02-R11__2022-02-10__16-08-44.MP4,171,171,,,,
CEBUS-02-R11__2022-02-10__16-08-44,2025-08-27 21:31:12,corrected by LR,Media file,player #1:Y:/capuchin_coiba/archive/rawdata/camera_trap_images/renamed_data/R11/CEBUS-02-R11/CEBUS-02-R11__2022-02-10__16-08-44.MP4,0.0,34.968,60.894,29.970,MC,TOM,0.0,pound,Behavior,crouch,None,None,,POINT,9.176,9.176,NA,Y:/capuchin_coiba/archive/rawdata/camera_trap_images/renamed_data/R11/CEBUS-02-R11/CEBUS-02-R11__2022-02-10__16-08-44.MP4,275,275,,,,
CEBUS-02-R11__2022-02-10__16-08-44,2025-08-27 21:31:12,corrected by LR,Media file,player #1:Y:/capuchin_coiba/archive/rawdata/camera_trap_images/renamed_data/R11/CEBUS-02-R11/CEBUS-02-R11__2022-02-10__16-08-44.MP4,0.0,34.968,60.894,29.970,MC,TOM,0.0,pound,Behavior,stand,None,None,,POINT,10.077,10.077,NA,Y:/capuchin_coiba/archive/rawdata/camera_trap_images/renamed_data/R11/CEBUS-02-R11/CEBUS-02-R11__2022-02-10__16-08-44.MP4,302,302,,,,
CEBUS-02-R11__2022-02-10__16-08-44,2025-08-27 21:31:12,corrected by LR,Media file,player #1:Y:/capuchin_coiba/archive/rawdata/camera_trap_images/renamed_data/R11/CEBUS-02-R11/CEBUS-02-R11__2022-02-10__16-08-44.MP4,0.0,34.968,60.894,29.970,MC,TOM,0.0,pound,Behavior,stand,None,None,,POINT,11.178,11.178,NA,Y:/capuchin_coiba/archive/rawdata/camera_trap_images/renamed_data/R11/CEBUS-02-R11/CEBUS-02-R11__2022-02-10__16-08-44.MP4,335,335,,,,
CEBUS-02-R11__2022-02-10__16-08-44,2025-08-27 21:31:12,corrected by LR,Media file,player #1:Y:/capuchin_coiba/archive/rawdata/camera_trap_images/renamed_data/R11/CEBUS-02-R11/CEBUS-02-R11__2022-02-10__16-08-44.MP4,0.0,34.968,60.894,29.970,MC,TOM,0.0,reposit,Behavior,hammer,,,,POINT,12.546,12.546,NA,Y:/capuchin_coiba/archive/rawdata/camera_trap_images/renamed_data/R11/CEBUS-02-R11/CEBUS-02-R11__2022-02-10__16-08-44.MP4,376,376,,,,
CEBUS-02-R11__2022-02-10__16-08-44,2025-08-27 21:31:12,corrected by LR,Media file,player #1:Y:/capuchin_coiba/archive/rawdata/camera_trap_images/renamed_data/R11/CEBUS-02-R11/CEBUS-02-R11__2022-02-10__16-08-44.MP4,0.0,34.968,60.894,29.970,MC,TOM,0.0,pound,Behavior,crouch,None,None,,POINT,13.547,13.547,NA,Y:/capuchin_coiba/archive/rawdata/camera_trap_images/renamed_data/R11/CEBUS-02-R11/CEBUS-02-R11__2022-02-10__16-08-44.MP4,406,406,,,,
CEBUS-02-R11__2022-02-10__16-08-44,2025-08-27 21:31:12,corrected by LR,Media file,player #1:Y:/capuchin_coiba/archive/rawdata/camera_trap_images/renamed_data/R11/CEBUS-02-R11/CEBUS-02-R11__2022-02-10__16-08-44.MP4,0.0,34.968,60.894,29.970,MC,TOM,0.0,pound,Behavior,stand,None,None,,POINT,14.781,14.781,NA,Y:/capuchin_coiba/archive/rawdata/camera_trap_images/renamed_data/R11/CEBUS-02-R11/CEBUS-02-R11__2022-02-10__16-08-44.MP4,443,443,,,,
CEBUS-02-R11__2022-02-10__16-08-44,2025-08-27 21:31:12,corrected by LR,Media file,player #1:Y:/capuchin_coiba/archive/rawdata/camera_trap_images/renamed_data/R11/CEBUS-02-R11/CEBUS-02-R11__2022-02-10__16-08-44.MP4,0.0,34.968,60.894,29.970,MC,TOM,0.0,pound,Behavior,stand,None,overhead,,POINT,15.883,15.883,NA,Y:/capuchin_coiba/archive/rawdata/camera_trap_images/renamed_data/R11/CEBUS-02-R11/CEBUS-02-R11__2022-02-10__16-08-44.MP4,476,476,,,,
CEBUS-02-R11__2022-02-10__16-08-44,2025-08-27 21:31:12,corrected by LR,Media file,player #1:Y:/capuchin_coiba/archive/rawdata/camera_trap_images/renamed_data/R11/CEBUS-02-R11/CEBUS-02-R11__2022-02-10__16-08-44.MP4,0.0,34.968,60.894,29.970,MC,TOM,0.0,pound,Behavior,crouch,None,None,,POINT,16.683,16.683,NA,Y:/capuchin_coiba/archive/rawdata/camera_trap_images/renamed_data/R11/CEBUS-02-R11/CEBUS-02-R11__2022-02-10__16-08-44.MP4,500,500,,,,
CEBUS-02-R11__2022-02-10__16-08-44,2025-08-27 21:31:12,corrected by LR,Media file,player #1:Y:/capuchin_coiba/archive/rawdata/camera_trap_images/renamed_data/R11/CEBUS-02-R11/CEBUS-02-R11__2022-02-10__16-08-44.MP4,0.0,34.968,60.894,29.970,MC,TOM,0.0,pound,Behavior,crouch,None,None,,POINT,18.051,18.051,NA,Y:/capuchin_coiba/archive/rawdata/camera_trap_images/renamed_data/R11/CEBUS-02-R11/CEBUS-02-R11__2022-02-10__16-08-44.MP4,541,541,,,,
CEBUS-02-R11__2022-02-10__16-08-44,2025-08-27 21:31:12,corrected by LR,Media file,player #1:Y:/capuchin_coiba/archive/rawdata/camera_trap_images/renamed_data/R11/CEBUS-02-R11/CEBUS-02-R11__2022-02-10__16-08-44.MP4,0.0,34.968,60.894,29.970,MC,TOM,0.0,reposit,Behavior,peel,,,,POINT,20.254,20.254,NA,Y:/capuchin_coiba/archive/rawdata/camera_trap_images/renamed_data/R11/CEBUS-02-R11/CEBUS-02-R11__2022-02-10__16-08-44.MP4,607,607,,,,
CEBUS-02-R11__2022-02-10__16-08-44,2025-08-27 21:31:12,corrected by LR,Media file,player #1:Y:/capuchin_coiba/archive/rawdata/camera_trap_images/renamed_data/R11/CEBUS-02-R11/CEBUS-02-R11__2022-02-10__16-08-44.MP4,0.0,34.968,60.894,29.970,MC,TOM,0.0,pound,Behavior,crouch,None,None,,POINT,31.431,31.431,NA,Y:/capuchin_coiba/archive/rawdata/camera_trap_images/renamed_data/R11/CEBUS-02-R11/CEBUS-02-R11__2022-02-10__16-08-44.MP4,942,942,,,,
CEBUS-02-R11__2022-02-10__16-08-44,2025-08-27 21:31:12,corrected by LR,Media file,player #1:Y:/capuchin_coiba/archive/rawdata/camera_trap_images/renamed_data/R11/CEBUS-02-R11/CEBUS-02-R11__2022-02-10__16-08-44.MP4,0.0,34.968,60.894,29.970,MC,TOM,0.0,pound,Behavior,crouch,None,None,,POINT,32.332,32.332,NA,Y:/capuchin_coiba/archive/rawdata/camera_trap_images/renamed_data/R11/CEBUS-02-R11/CEBUS-02-R11__2022-02-10__16-08-44.MP4,969,969,,,,
CEBUS-02-R11__2022-02-10__16-08-44,2025-08-27 21:31:12,corrected by LR,Media file,player #1:Y:/capuchin_coiba/archive/rawdata/camera_trap_images/renamed_data/R11/CEBUS-02-R11/CEBUS-02-R11__2022-02-10__16-08-44.MP4,0.0,34.968,60.894,29.970,MC,TOM,0.0,seqend,Sequence info,opened,None,None,None,POINT,34.968,34.968,NA,Y:/capuchin_coiba/archive/rawdata/camera_trap_images/renamed_data/R11/CEBUS-02-R11/CEBUS-02-R11__2022-02-10__16-08-44.MP4,1048,1048,,,vocalizations in the background and he runs out,
CEBUS-02-R11__2022-02-11__17-36-33,2025-08-27 21:34:38,corrected by LR,Media file,player #1:Y:/capuchin_coiba/archive/rawdata/camera_trap_images/renamed_data/R11/CEBUS-02-R11/CEBUS-02-R11__2022-02-11__17-36-33.MP4,0.0,58.992,60.894,29.970,MC,BAL,0.0,seqstart,Sequence info,almendrabrown,,,,POINT,1.869,1.869,NA,Y:/capuchin_coiba/archive/rawdata/camera_trap_images/renamed_data/R11/CEBUS-02-R11/CEBUS-02-R11__2022-02-11__17-36-33.MP4,56,56,,,,
CEBUS-02-R11__2022-02-11__17-36-33,2025-08-27 21:34:38,corrected by LR,Media file,player #1:Y:/capuchin_coiba/archive/rawdata/camera_trap_images/renamed_data/R11/CEBUS-02-R11/CEBUS-02-R11__2022-02-11__17-36-33.MP4,0.0,58.992,60.894,29.970,MC,BAL,0.0,hammerstone,Sequence info,offanvilwalk,None,e_onanvil,,POINT,6.240,6.240,NA,Y:/capuchin_coiba/archive/rawdata/camera_trap_images/renamed_data/R11/CEBUS-02-R11/CEBUS-02-R11__2022-02-11__17-36-33.MP4,187,187,,,FRE,
CEBUS-02-R11__2022-02-11__17-36-33,2025-08-27 21:34:38,corrected by LR,Media file,player #1:Y:/capuchin_coiba/archive/rawdata/camera_trap_images/renamed_data/R11/CEBUS-02-R11/CEBUS-02-R11__2022-02-11__17-36-33.MP4,0.0,58.992,60.894,29.970,MC,BAL,0.0,pound,Behavior,stand,None,None,,POINT,8.909,8.909,NA,Y:/capuchin_coiba/archive/rawdata/camera_trap_images/renamed_data/R11/CEBUS-02-R11/CEBUS-02-R11__2022-02-11__17-36-33.MP4,267,267,,,,
CEBUS-02-R11__2022-02-11__17-36-33,2025-08-27 21:34:38,corrected by LR,Media file,player #1:Y:/capuchin_coiba/archive/rawdata/camera_trap_images/renamed_data/R11/CEBUS-02-R11/CEBUS-02-R11__2022-02-11__17-36-33.MP4,0.0,58.992,60.894,29.970,MC,BAL,0.0,misstrike,Behavior,other,,,,POINT,8.976,8.976,NA,Y:/capuchin_coiba/archive/rawdata/camera_trap_images/renamed_data/R11/CEBUS-02-R11/CEBUS-02-R11__2022-02-11__17-36-33.MP4,269,269,,,hits other hammerstone,
CEBUS-02-R11__2022-02-11__17-36-33,2025-08-27 21:34:38,corrected by LR,Media file,player #1:Y:/capuchin_coiba/archive/rawdata/camera_trap_images/renamed_data/R11/CEBUS-02-R11/CEBUS-02-R11__2022-02-11__17-36-33.MP4,0.0,58.992,60.894,29.970,MC,BAL,0.0,pound,Behavior,stand,None,None,,POINT,12.112,12.112,NA,Y:/capuchin_coiba/archive/rawdata/camera_trap_images/renamed_data/R11/CEBUS-02-R11/CEBUS-02-R11__2022-02-11__17-36-33.MP4,363,363,,,,
CEBUS-02-R11__2022-02-11__17-36-33,2025-08-27 21:34:38,corrected by LR,Media file,player #1:Y:/capuchin_coiba/archive/rawdata/camera_trap_images/renamed_data/R11/CEBUS-02-R11/CEBUS-02-R11__2022-02-11__17-36-33.MP4,0.0,58.992,60.894,29.970,MC,BAL,0.0,pound,Behavior,stand,None,overhead,,POINT,13.914,13.914,NA,Y:/capuchin_coiba/archive/rawdata/camera_trap_images/renamed_data/R11/CEBUS-02-R11/CEBUS-02-R11__2022-02-11__17-36-33.MP4,417,417,,,,
CEBUS-02-R11__2022-02-11__17-36-33,2025-08-27 21:34:38,corrected by LR,Media file,player #1:Y:/capuchin_coiba/archive/rawdata/camera_trap_images/renamed_data/R11/CEBUS-02-R11/CEBUS-02-R11__2022-02-11__17-36-33.MP4,0.0,58.992,60.894,29.970,MC,BAL,0.0,reposit,Behavior,peel,,,,POINT,15.449,15.449,NA,Y:/capuchin_coiba/archive/rawdata/camera_trap_images/renamed_data/R11/CEBUS-02-R11/CEBUS-02-R11__2022-02-11__17-36-33.MP4,463,463,,,,
CEBUS-02-R11__2022-02-11__17-36-33,2025-08-27 21:34:38,corrected by LR,Media file,player #1:Y:/capuchin_coiba/archive/rawdata/camera_trap_images/renamed_data/R11/CEBUS-02-R11/CEBUS-02-R11__2022-02-11__17-36-33.MP4,0.0,58.992,60.894,29.970,MC,BAL,0.0,seqend,Sequence info,relocated,noscrounging,fulldisp,noattention,POINT,23.090,23.090,NA,Y:/capuchin_coiba/archive/rawdata/camera_trap_images/renamed_data/R11/CEBUS-02-R11/CEBUS-02-R11__2022-02-11__17-36-33.MP4,692,692,,,BAL displaced by SPT,
CEBUS-02-R11__2022-02-11__17-36-33,2025-08-27 21:34:38,corrected by LR,Media file,player #1:Y:/capuchin_coiba/archive/rawdata/camera_trap_images/renamed_data/R11/CEBUS-02-R11/CEBUS-02-R11__2022-02-11__17-36-33.MP4,0.0,58.992,60.894,29.970,MC,SPT,0.0,seqstart,Sequence info,almendrabrown,,,,POINT,29.096,29.096,NA,Y:/capuchin_coiba/archive/rawdata/camera_trap_images/renamed_data/R11/CEBUS-02-R11/CEBUS-02-R11__2022-02-11__17-36-33.MP4,872,872,,,,
CEBUS-02-R11__2022-02-11__17-36-33,2025-08-27 21:34:38,corrected by LR,Media file,player #1:Y:/capuchin_coiba/archive/rawdata/camera_trap_images/renamed_data/R11/CEBUS-02-R11/CEBUS-02-R11__2022-02-11__17-36-33.MP4,0.0,58.992,60.894,29.970,MC,SPT,0.0,hammerstone,Sequence info,onanvil,None,e_onanvil,,POINT,29.263,29.263,NA,Y:/capuchin_coiba/archive/rawdata/camera_trap_images/renamed_data/R11/CEBUS-02-R11/CEBUS-02-R11__2022-02-11__17-36-33.MP4,877,877,,,FRE,
CEBUS-02-R11__2022-02-11__17-36-33,2025-08-27 21:34:38,corrected by LR,Media file,player #1:Y:/capuchin_coiba/archive/rawdata/camera_trap_images/renamed_data/R11/CEBUS-02-R11/CEBUS-02-R11__2022-02-11__17-36-33.MP4,0.0,58.992,60.894,29.970,MC,SPT,0.0,pound,Behavior,stand,None,None,,POINT,31.431,31.431,NA,Y:/capuchin_coiba/archive/rawdata/camera_trap_images/renamed_data/R11/CEBUS-02-R11/CEBUS-02-R11__2022-02-11__17-36-33.MP4,942,942,,,,
CEBUS-02-R11__2022-02-11__17-36-33,2025-08-27 21:34:38,corrected by LR,Media file,player #1:Y:/capuchin_coiba/archive/rawdata/camera_trap_images/renamed_data/R11/CEBUS-02-R11/CEBUS-02-R11__2022-02-11__17-36-33.MP4,0.0,58.992,60.894,29.970,MC,SPT,0.0,pound,Behavior,stand,None,overhead,,POINT,32.833,32.833,NA,Y:/capuchin_coiba/archive/rawdata/camera_trap_images/renamed_data/R11/CEBUS-02-R11/CEBUS-02-R11__2022-02-11__17-36-33.MP4,984,984,,,,
CEBUS-02-R11__2022-02-11__17-36-33,2025-08-27 21:34:38,corrected by LR,Media file,player #1:Y:/capuchin_coiba/archive/rawdata/camera_trap_images/renamed_data/R11/CEBUS-02-R11/CEBUS-02-R11__2022-02-11__17-36-33.MP4,0.0,58.992,60.894,29.970,MC,SPT,0.0,pound,Behavior,crouch,None,None,,POINT,34.101,34.101,NA,Y:/capuchin_coiba/archive/rawdata/camera_trap_images/renamed_data/R11/CEBUS-02-R11/CEBUS-02-R11__2022-02-11__17-36-33.MP4,1022,1022,,,,
CEBUS-02-R11__2022-02-11__17-36-33,2025-08-27 21:34:38,corrected by LR,Media file,player #1:Y:/capuchin_coiba/archive/rawdata/camera_trap_images/renamed_data/R11/CEBUS-02-R11/CEBUS-02-R11__2022-02-11__17-36-33.MP4,0.0,58.992,60.894,29.970,MC,SPT,0.0,seqend,Sequence info,opened,noscrounging,nodisplacement,noattention,POINT,38.672,38.672,NA,Y:/capuchin_coiba/archive/rawdata/camera_trap_images/renamed_data/R11/CEBUS-02-R11/CEBUS-02-R11__2022-02-11__17-36-33.MP4,1159,1159,,,,
CEBUS-02-R11__2022-02-11__17-36-33,2025-08-27 21:34:38,corrected by LR,Media file,player #1:Y:/capuchin_coiba/archive/rawdata/camera_trap_images/renamed_data/R11/CEBUS-02-R11/CEBUS-02-R11__2022-02-11__17-36-33.MP4,0.0,58.992,60.894,29.970,MC,SPT,0.0,seqstart,Sequence info,almendrabrown,,,,POINT,58.158,58.158,NA,Y:/capuchin_coiba/archive/rawdata/camera_trap_images/renamed_data/R11/CEBUS-02-R11/CEBUS-02-R11__2022-02-11__17-36-33.MP4,1743,1743,,,,
CEBUS-02-R11__2022-02-11__17-36-33,2025-08-27 21:34:38,corrected by LR,Media file,player #1:Y:/capuchin_coiba/archive/rawdata/camera_trap_images/renamed_data/R11/CEBUS-02-R11/CEBUS-02-R11__2022-02-11__17-36-33.MP4,0.0,58.992,60.894,29.970,MC,SPT,0.0,hammerstone,Sequence info,onanvil,None,e_onanvil,,POINT,58.358,58.358,NA,Y:/capuchin_coiba/archive/rawdata/camera_trap_images/renamed_data/R11/CEBUS-02-R11/CEBUS-02-R11__2022-02-11__17-36-33.MP4,1749,1749,,,FRE,
CEBUS-02-R11__2022-02-11__17-36-33,2025-08-27 21:34:38,corrected by LR,Media file,player #1:Y:/capuchin_coiba/archive/rawdata/camera_trap_images/renamed_data/R11/CEBUS-02-R11/CEBUS-02-R11__2022-02-11__17-36-33.MP4,0.0,58.992,60.894,29.970,MC,SPT,0.0,pound,Behavior,stand,None,None,,POINT,59.293,59.293,NA,Y:/capuchin_coiba/archive/rawdata/camera_trap_images/renamed_data/R11/CEBUS-02-R11/CEBUS-02-R11__2022-02-11__17-36-33.MP4,1777,1777,,,,
CEBUS-02-R11__2022-02-11__17-36-33,2025-08-27 21:34:38,corrected by LR,Media file,player #1:Y:/capuchin_coiba/archive/rawdata/camera_trap_images/renamed_data/R11/CEBUS-02-R11/CEBUS-02-R11__2022-02-11__17-36-33.MP4,0.0,58.992,60.894,29.970,MC,SPT,0.0,pound,Behavior,stand,None,None,,POINT,60.694,60.694,NA,Y:/capuchin_coiba/archive/rawdata/camera_trap_images/renamed_data/R11/CEBUS-02-R11/CEBUS-02-R11__2022-02-11__17-36-33.MP4,1819,1819,,,,
CEBUS-02-R11__2022-02-11__17-36-33,2025-08-27 21:34:38,corrected by LR,Media file,player #1:Y:/capuchin_coiba/archive/rawdata/camera_trap_images/renamed_data/R11/CEBUS-02-R11/CEBUS-02-R11__2022-02-11__17-36-33.MP4,0.0,58.992,60.894,29.970,MC,SPT,0.0,seqend,Sequence info,None,noscrounging,nodisplacement,noattention,POINT,60.861,60.861,NA,Y:/capuchin_coiba/archive/rawdata/camera_trap_images/renamed_data/R11/CEBUS-02-R11/CEBUS-02-R11__2022-02-11__17-36-33.MP4,1824,1824,,,ending missed but Almendra cracked,
CEBUS-02-R11__2022-02-11__17-37-41,2025-08-27 21:37:56,corrected by LR,Media file,player #1:Y:/capuchin_coiba/archive/rawdata/camera_trap_images/renamed_data/R11/CEBUS-02-R11/CEBUS-02-R11__2022-02-11__17-37-41.MP4,0.0,60.160,60.894,29.970,MC,SPT,0.0,seqstart,Sequence info,almendrabrown,,,,POINT,0.000,0.000,NA,Y:/capuchin_coiba/archive/rawdata/camera_trap_images/renamed_data/R11/CEBUS-02-R11/CEBUS-02-R11__2022-02-11__17-37-41.MP4,0,0,,,,
CEBUS-02-R11__2022-02-11__17-37-41,2025-08-27 21:37:56,corrected by LR,Media file,player #1:Y:/capuchin_coiba/archive/rawdata/camera_trap_images/renamed_data/R11/CEBUS-02-R11/CEBUS-02-R11__2022-02-11__17-37-41.MP4,0.0,60.160,60.894,29.970,MC,SPT,0.0,hammerstone,Sequence info,inhand,None,e_onanvil,,POINT,0.133,0.133,NA,Y:/capuchin_coiba/archive/rawdata/camera_trap_images/renamed_data/R11/CEBUS-02-R11/CEBUS-02-R11__2022-02-11__17-37-41.MP4,4,4,,,FRE,
CEBUS-02-R11__2022-02-11__17-37-41,2025-08-27 21:37:56,corrected by LR,Media file,player #1:Y:/capuchin_coiba/archive/rawdata/camera_trap_images/renamed_data/R11/CEBUS-02-R11/CEBUS-02-R11__2022-02-11__17-37-41.MP4,0.0,60.160,60.894,29.970,MC,SPT,0.0,pound,Behavior,stand,None,overhead,,POINT,1.502,1.502,NA,Y:/capuchin_coiba/archive/rawdata/camera_trap_images/renamed_data/R11/CEBUS-02-R11/CEBUS-02-R11__2022-02-11__17-37-41.MP4,45,45,,,,
CEBUS-02-R11__2022-02-11__17-37-41,2025-08-27 21:37:56,corrected by LR,Media file,player #1:Y:/capuchin_coiba/archive/rawdata/camera_trap_images/renamed_data/R11/CEBUS-02-R11/CEBUS-02-R11__2022-02-11__17-37-41.MP4,0.0,60.160,60.894,29.970,MC,SPT,0.0,seqend,Sequence info,opened,noscrounging,nodisplacement,socialattention,POINT,5.739,5.739,NA,Y:/capuchin_coiba/archive/rawdata/camera_trap_images/renamed_data/R11/CEBUS-02-R11/CEBUS-02-R11__2022-02-11__17-37-41.MP4,172,172,,,,
CEBUS-02-R11__2022-02-11__17-37-41,2025-08-27 21:37:56,corrected by LR,Media file,player #1:Y:/capuchin_coiba/archive/rawdata/camera_trap_images/renamed_data/R11/CEBUS-02-R11/CEBUS-02-R11__2022-02-11__17-37-41.MP4,0.0,60.160,60.894,29.970,MC,SPT,0.0,seqstart,Sequence info,almendrabrown,,,,POINT,19.486,19.486,NA,Y:/capuchin_coiba/archive/rawdata/camera_trap_images/renamed_data/R11/CEBUS-02-R11/CEBUS-02-R11__2022-02-11__17-37-41.MP4,584,584,,,,
CEBUS-02-R11__2022-02-11__17-37-41,2025-08-27 21:37:56,corrected by LR,Media file,player #1:Y:/capuchin_coiba/archive/rawdata/camera_trap_images/renamed_data/R11/CEBUS-02-R11/CEBUS-02-R11__2022-02-11__17-37-41.MP4,0.0,60.160,60.894,29.970,MC,SPT,0.0,hammerstone,Sequence info,onanvil,None,e_onanvil,,POINT,19.853,19.853,NA,Y:/capuchin_coiba/archive/rawdata/camera_trap_images/renamed_data/R11/CEBUS-02-R11/CEBUS-02-R11__2022-02-11__17-37-41.MP4,595,595,,,FRE,
CEBUS-02-R11__2022-02-11__17-37-41,2025-08-27 21:37:56,corrected by LR,Media file,player #1:Y:/capuchin_coiba/archive/rawdata/camera_trap_images/renamed_data/R11/CEBUS-02-R11/CEBUS-02-R11__2022-02-11__17-37-41.MP4,0.0,60.160,60.894,29.970,MC,SPT,0.0,pound,Behavior,stand,None,overhead,,POINT,22.022,22.022,NA,Y:/capuchin_coiba/archive/rawdata/camera_trap_images/renamed_data/R11/CEBUS-02-R11/CEBUS-02-R11__2022-02-11__17-37-41.MP4,660,660,,,,
CEBUS-02-R11__2022-02-11__17-37-41,2025-08-27 21:37:56,corrected by LR,Media file,player #1:Y:/capuchin_coiba/archive/rawdata/camera_trap_images/renamed_data/R11/CEBUS-02-R11/CEBUS-02-R11__2022-02-11__17-37-41.MP4,0.0,60.160,60.894,29.970,MC,SPT,0.0,pound,Behavior,stand,None,overhead,,POINT,23.524,23.524,NA,Y:/capuchin_coiba/archive/rawdata/camera_trap_images/renamed_data/R11/CEBUS-02-R11/CEBUS-02-R11__2022-02-11__17-37-41.MP4,705,705,,,,
CEBUS-02-R11__2022-02-11__17-37-41,2025-08-27 21:37:56,corrected by LR,Media file,player #1:Y:/capuchin_coiba/archive/rawdata/camera_trap_images/renamed_data/R11/CEBUS-02-R11/CEBUS-02-R11__2022-02-11__17-37-41.MP4,0.0,60.160,60.894,29.970,MC,SPT,0.0,reposit,Behavior,peel,,,,POINT,24.791,24.791,NA,Y:/capuchin_coiba/archive/rawdata/camera_trap_images/renamed_data/R11/CEBUS-02-R11/CEBUS-02-R11__2022-02-11__17-37-41.MP4,743,743,,,,
CEBUS-02-R11__2022-02-11__17-37-41,2025-08-27 21:37:56,corrected by LR,Media file,player #1:Y:/capuchin_coiba/archive/rawdata/camera_trap_images/renamed_data/R11/CEBUS-02-R11/CEBUS-02-R11__2022-02-11__17-37-41.MP4,0.0,60.160,60.894,29.970,MC,SPT,0.0,pound,Behavior,crouch,None,None,,POINT,39.506,39.506,NA,Y:/capuchin_coiba/archive/rawdata/camera_trap_images/renamed_data/R11/CEBUS-02-R11/CEBUS-02-R11__2022-02-11__17-37-41.MP4,1184,1184,,,,
CEBUS-02-R11__2022-02-11__17-37-41,2025-08-27 21:37:56,corrected by LR,Media file,player #1:Y:/capuchin_coiba/archive/rawdata/camera_trap_images/renamed_data/R11/CEBUS-02-R11/CEBUS-02-R11__2022-02-11__17-37-41.MP4,0.0,60.160,60.894,29.970,MC,SPT,0.0,seqend,Sequence info,opened,noscrounging,nodisplacement,noattention,POINT,42.543,42.543,NA,Y:/capuchin_coiba/archive/rawdata/camera_trap_images/renamed_data/R11/CEBUS-02-R11/CEBUS-02-R11__2022-02-11__17-37-41.MP4,1275,1275,,,,
CEBUS-02-R11__2022-02-11__17-37-41,2025-08-27 21:37:56,corrected by LR,Media file,player #1:Y:/capuchin_coiba/archive/rawdata/camera_trap_images/renamed_data/R11/CEBUS-02-R11/CEBUS-02-R11__2022-02-11__17-37-41.MP4,0.0,60.160,60.894,29.970,MC,SPT,0.0,seqstart,Sequence info,almendrabrown,,,,POINT,45.612,45.612,NA,Y:/capuchin_coiba/archive/rawdata/camera_trap_images/renamed_data/R11/CEBUS-02-R11/CEBUS-02-R11__2022-02-11__17-37-41.MP4,1367,1367,,,,
CEBUS-02-R11__2022-02-11__17-37-41,2025-08-27 21:37:56,corrected by LR,Media file,player #1:Y:/capuchin_coiba/archive/rawdata/camera_trap_images/renamed_data/R11/CEBUS-02-R11/CEBUS-02-R11__2022-02-11__17-37-41.MP4,0.0,60.160,60.894,29.970,MC,SPT,0.0,hammerstone,Sequence info,onanvil,None,e_onanvil,,POINT,46.179,46.179,NA,Y:/capuchin_coiba/archive/rawdata/camera_trap_images/renamed_data/R11/CEBUS-02-R11/CEBUS-02-R11__2022-02-11__17-37-41.MP4,1384,1384,,,FRE,
CEBUS-02-R11__2022-02-11__17-37-41,2025-08-27 21:37:56,corrected by LR,Media file,player #1:Y:/capuchin_coiba/archive/rawdata/camera_trap_images/renamed_data/R11/CEBUS-02-R11/CEBUS-02-R11__2022-02-11__17-37-41.MP4,0.0,60.160,60.894,29.970,MC,SPT,0.0,pound,Behavior,stand,None,overhead,,POINT,47.047,47.047,NA,Y:/capuchin_coiba/archive/rawdata/camera_trap_images/renamed_data/R11/CEBUS-02-R11/CEBUS-02-R11__2022-02-11__17-37-41.MP4,1410,1410,,,,
CEBUS-02-R11__2022-02-11__17-37-41,2025-08-27 21:37:56,corrected by LR,Media file,player #1:Y:/capuchin_coiba/archive/rawdata/camera_trap_images/renamed_data/R11/CEBUS-02-R11/CEBUS-02-R11__2022-02-11__17-37-41.MP4,0.0,60.160,60.894,29.970,MC,SPT,0.0,pound,Behavior,stand,None,None,,POINT,48.382,48.382,NA,Y:/capuchin_coiba/archive/rawdata/camera_trap_images/renamed_data/R11/CEBUS-02-R11/CEBUS-02-R11__2022-02-11__17-37-41.MP4,1450,1450,,,,
CEBUS-02-R11__2022-02-11__17-37-41,2025-08-27 21:37:56,corrected by LR,Media file,player #1:Y:/capuchin_coiba/archive/rawdata/camera_trap_images/renamed_data/R11/CEBUS-02-R11/CEBUS-02-R11__2022-02-11__17-37-41.MP4,0.0,60.160,60.894,29.970,MC,SPT,0.0,pound,Behavior,stand,None,overhead,,POINT,50.250,50.250,NA,Y:/capuchin_coiba/archive/rawdata/camera_trap_images/renamed_data/R11/CEBUS-02-R11/CEBUS-02-R11__2022-02-11__17-37-41.MP4,1506,1506,,,,
CEBUS-02-R11__2022-02-11__17-37-41,2025-08-27 21:37:56,corrected by LR,Media file,player #1:Y:/capuchin_coiba/archive/rawdata/camera_trap_images/renamed_data/R11/CEBUS-02-R11/CEBUS-02-R11__2022-02-11__17-37-41.MP4,0.0,60.160,60.894,29.970,MC,SPT,0.0,seqend,Sequence info,opened,noscrounging,nodisplacement,noattention,POINT,60.160,60.160,NA,Y:/capuchin_coiba/archive/rawdata/camera_trap_images/renamed_data/R11/CEBUS-02-R11/CEBUS-02-R11__2022-02-11__17-37-41.MP4,1803,1803,,,,
CEBUS-02-R11__2022-02-11__17-40-50,2025-08-27 21:39:40,corrected by LR,Media file,player #1:Y:/capuchin_coiba/archive/rawdata/camera_trap_images/renamed_data/R11/CEBUS-02-R11/CEBUS-02-R11__2022-02-11__17-40-50.MP4,0.0,4.905,60.861,29.970,MC,SPT,0.0,seqstart,Sequence info,almendrabrown,,,,POINT,0.000,0.000,NA,Y:/capuchin_coiba/archive/rawdata/camera_trap_images/renamed_data/R11/CEBUS-02-R11/CEBUS-02-R11__2022-02-11__17-40-50.MP4,0,0,,,,
CEBUS-02-R11__2022-02-11__17-40-50,2025-08-27 21:39:40,corrected by LR,Media file,player #1:Y:/capuchin_coiba/archive/rawdata/camera_trap_images/renamed_data/R11/CEBUS-02-R11/CEBUS-02-R11__2022-02-11__17-40-50.MP4,0.0,4.905,60.861,29.970,MC,SPT,0.0,hammerstone,Sequence info,inhand,None,e_onanvil,,POINT,0.567,0.567,NA,Y:/capuchin_coiba/archive/rawdata/camera_trap_images/renamed_data/R11/CEBUS-02-R11/CEBUS-02-R11__2022-02-11__17-40-50.MP4,17,17,,,FRE,
CEBUS-02-R11__2022-02-11__17-40-50,2025-08-27 21:39:40,corrected by LR,Media file,player #1:Y:/capuchin_coiba/archive/rawdata/camera_trap_images/renamed_data/R11/CEBUS-02-R11/CEBUS-02-R11__2022-02-11__17-40-50.MP4,0.0,4.905,60.861,29.970,MC,SPT,0.0,pound,Behavior,stand,tailsupport,None,,POINT,1.134,1.134,NA,Y:/capuchin_coiba/archive/rawdata/camera_trap_images/renamed_data/R11/CEBUS-02-R11/CEBUS-02-R11__2022-02-11__17-40-50.MP4,34,34,,,,
CEBUS-02-R11__2022-02-11__17-40-50,2025-08-27 21:39:40,corrected by LR,Media file,player #1:Y:/capuchin_coiba/archive/rawdata/camera_trap_images/renamed_data/R11/CEBUS-02-R11/CEBUS-02-R11__2022-02-11__17-40-50.MP4,0.0,4.905,60.861,29.970,MC,SPT,0.0,seqend,Sequence info,opened,scrounging,nodisplacement,noattention,POINT,4.905,4.905,NA,Y:/capuchin_coiba/archive/rawdata/camera_trap_images/renamed_data/R11/CEBUS-02-R11/CEBUS-02-R11__2022-02-11__17-40-50.MP4,147,147,,,scrounging by adult female and juvenile,
CEBUS-02-R11__2022-02-11__17-44-46,2025-08-27 21:40:14,corrected by LR,Media file,player #1:Y:/capuchin_coiba/archive/rawdata/camera_trap_images/renamed_data/R11/CEBUS-02-R11/CEBUS-02-R11__2022-02-11__17-44-46.MP4,0.0,21.604,60.861,29.970,MC,BAL,0.0,seqstart,Sequence info,almendrabrown,,,,POINT,39.239,39.239,NA,Y:/capuchin_coiba/archive/rawdata/camera_trap_images/renamed_data/R11/CEBUS-02-R11/CEBUS-02-R11__2022-02-11__17-44-46.MP4,1176,1176,,,,
CEBUS-02-R11__2022-02-11__17-44-46,2025-08-27 21:40:14,corrected by LR,Media file,player #1:Y:/capuchin_coiba/archive/rawdata/camera_trap_images/renamed_data/R11/CEBUS-02-R11/CEBUS-02-R11__2022-02-11__17-44-46.MP4,0.0,21.604,60.861,29.970,MC,BAL,0.0,hammerstone,Sequence info,offanvilreach,None,e_onanvil,,POINT,39.373,39.373,NA,Y:/capuchin_coiba/archive/rawdata/camera_trap_images/renamed_data/R11/CEBUS-02-R11/CEBUS-02-R11__2022-02-11__17-44-46.MP4,1180,1180,,,FRE,
CEBUS-02-R11__2022-02-11__17-44-46,2025-08-27 21:40:14,corrected by LR,Media file,player #1:Y:/capuchin_coiba/archive/rawdata/camera_trap_images/renamed_data/R11/CEBUS-02-R11/CEBUS-02-R11__2022-02-11__17-44-46.MP4,0.0,21.604,60.861,29.970,MC,BAL,0.0,pound,Behavior,stand,None,None,,POINT,41.141,41.141,NA,Y:/capuchin_coiba/archive/rawdata/camera_trap_images/renamed_data/R11/CEBUS-02-R11/CEBUS-02-R11__2022-02-11__17-44-46.MP4,1233,1233,,,,
CEBUS-02-R11__2022-02-11__17-44-46,2025-08-27 21:40:14,corrected by LR,Media file,player #1:Y:/capuchin_coiba/archive/rawdata/camera_trap_images/renamed_data/R11/CEBUS-02-R11/CEBUS-02-R11__2022-02-11__17-44-46.MP4,0.0,21.604,60.861,29.970,MC,BAL,0.0,pound,Behavior,stand,None,None,,POINT,43.744,43.744,NA,Y:/capuchin_coiba/archive/rawdata/camera_trap_images/renamed_data/R11/CEBUS-02-R11/CEBUS-02-R11__2022-02-11__17-44-46.MP4,1311,1311,,,,
CEBUS-02-R11__2022-02-11__17-44-46,2025-08-27 21:40:14,corrected by LR,Media file,player #1:Y:/capuchin_coiba/archive/rawdata/camera_trap_images/renamed_data/R11/CEBUS-02-R11/CEBUS-02-R11__2022-02-11__17-44-46.MP4,0.0,21.604,60.861,29.970,MC,BAL,0.0,reposit,Behavior,peel,,,,POINT,46.547,46.547,NA,Y:/capuchin_coiba/archive/rawdata/camera_trap_images/renamed_data/R11/CEBUS-02-R11/CEBUS-02-R11__2022-02-11__17-44-46.MP4,1395,1395,,,,
CEBUS-02-R11__2022-02-11__17-44-46,2025-08-27 21:40:14,corrected by LR,Media file,player #1:Y:/capuchin_coiba/archive/rawdata/camera_trap_images/renamed_data/R11/CEBUS-02-R11/CEBUS-02-R11__2022-02-11__17-44-46.MP4,0.0,21.604,60.861,29.970,MC,BAL,0.0,misstrike,Behavior,None,,,,POINT,56.390,56.390,NA,Y:/capuchin_coiba/archive/rawdata/camera_trap_images/renamed_data/R11/CEBUS-02-R11/CEBUS-02-R11__2022-02-11__17-44-46.MP4,1690,1690,,,"juvenile takes Almendra, BAL follows it with hammer but hits juveniles foot and hand",
CEBUS-02-R11__2022-02-11__17-44-46,2025-08-27 21:40:14,corrected by LR,Media file,player #1:Y:/capuchin_coiba/archive/rawdata/camera_trap_images/renamed_data/R11/CEBUS-02-R11/CEBUS-02-R11__2022-02-11__17-44-46.MP4,0.0,21.604,60.861,29.970,MC,BAL,0.0,misstrike,Behavior,other,,,,POINT,56.556,56.556,NA,Y:/capuchin_coiba/archive/rawdata/camera_trap_images/renamed_data/R11/CEBUS-02-R11/CEBUS-02-R11__2022-02-11__17-44-46.MP4,1695,1695,,,hammer lands on foot of juvenile scrounging,
CEBUS-02-R11__2022-02-11__17-44-46,2025-08-27 21:40:14,corrected by LR,Media file,player #1:Y:/capuchin_coiba/archive/rawdata/camera_trap_images/renamed_data/R11/CEBUS-02-R11/CEBUS-02-R11__2022-02-11__17-44-46.MP4,0.0,21.604,60.861,29.970,MC,BAL,0.0,reposit,Behavior,item,,,,POINT,57.791,57.791,NA,Y:/capuchin_coiba/archive/rawdata/camera_trap_images/renamed_data/R11/CEBUS-02-R11/CEBUS-02-R11__2022-02-11__17-44-46.MP4,1732,1732,,,,
CEBUS-02-R11__2022-02-11__17-44-46,2025-08-27 21:40:14,corrected by LR,Media file,player #1:Y:/capuchin_coiba/archive/rawdata/camera_trap_images/renamed_data/R11/CEBUS-02-R11/CEBUS-02-R11__2022-02-11__17-44-46.MP4,0.0,21.604,60.861,29.970,MC,BAL,0.0,seqend,Sequence info,seqcont,scrounging,nodisplacement,socialattention,POINT,60.843,60.843,NA,Y:/capuchin_coiba/archive/rawdata/camera_trap_images/renamed_data/R11/CEBUS-02-R11/CEBUS-02-R11__2022-02-11__17-44-46.MP4,1823,1823,,,,
CEBUS-02-R11__2022-02-11__17-45-52,2025-08-27 21:44:18,corrected by LR,Media file,player #1:Y:/capuchin_coiba/archive/rawdata/camera_trap_images/renamed_data/R11/CEBUS-02-R11/CEBUS-02-R11__2022-02-11__17-45-52.MP4,0.0,25.325,60.827,29.970,MC,BAL,0.0,reposit,Behavior,item,,,,POINT,0.000,0.000,NA,Y:/capuchin_coiba/archive/rawdata/camera_trap_images/renamed_data/R11/CEBUS-02-R11/CEBUS-02-R11__2022-02-11__17-45-52.MP4,0,0,,,,
CEBUS-02-R11__2022-02-11__17-45-52,2025-08-27 21:44:18,corrected by LR,Media file,player #1:Y:/capuchin_coiba/archive/rawdata/camera_trap_images/renamed_data/R11/CEBUS-02-R11/CEBUS-02-R11__2022-02-11__17-45-52.MP4,0.0,25.325,60.827,29.970,MC,BAL,0.0,pound,Behavior,stand,tailsupport,None,,POINT,3.670,3.670,NA,Y:/capuchin_coiba/archive/rawdata/camera_trap_images/renamed_data/R11/CEBUS-02-R11/CEBUS-02-R11__2022-02-11__17-45-52.MP4,110,110,,,,
CEBUS-02-R11__2022-02-11__17-45-52,2025-08-27 21:44:18,corrected by LR,Media file,player #1:Y:/capuchin_coiba/archive/rawdata/camera_trap_images/renamed_data/R11/CEBUS-02-R11/CEBUS-02-R11__2022-02-11__17-45-52.MP4,0.0,25.325,60.827,29.970,MC,BAL,0.0,pound,Behavior,stand,None,overhead,,POINT,5.572,5.572,NA,Y:/capuchin_coiba/archive/rawdata/camera_trap_images/renamed_data/R11/CEBUS-02-R11/CEBUS-02-R11__2022-02-11__17-45-52.MP4,167,167,,,,
CEBUS-02-R11__2022-02-11__17-45-52,2025-08-27 21:44:18,corrected by LR,Media file,player #1:Y:/capuchin_coiba/archive/rawdata/camera_trap_images/renamed_data/R11/CEBUS-02-R11/CEBUS-02-R11__2022-02-11__17-45-52.MP4,0.0,25.325,60.827,29.970,MC,BAL,0.0,reposit,Behavior,peel,,,,POINT,9.877,9.877,NA,Y:/capuchin_coiba/archive/rawdata/camera_trap_images/renamed_data/R11/CEBUS-02-R11/CEBUS-02-R11__2022-02-11__17-45-52.MP4,296,296,,,,
CEBUS-02-R11__2022-02-11__17-45-52,2025-08-27 21:44:18,corrected by LR,Media file,player #1:Y:/capuchin_coiba/archive/rawdata/camera_trap_images/renamed_data/R11/CEBUS-02-R11/CEBUS-02-R11__2022-02-11__17-45-52.MP4,0.0,25.325,60.827,29.970,MC,BAL,0.0,pound,Behavior,stand,None,overhead,,POINT,13.780,13.780,NA,Y:/capuchin_coiba/archive/rawdata/camera_trap_images/renamed_data/R11/CEBUS-02-R11/CEBUS-02-R11__2022-02-11__17-45-52.MP4,413,413,,,,
CEBUS-02-R11__2022-02-11__17-45-52,2025-08-27 21:44:18,corrected by LR,Media file,player #1:Y:/capuchin_coiba/archive/rawdata/camera_trap_images/renamed_data/R11/CEBUS-02-R11/CEBUS-02-R11__2022-02-11__17-45-52.MP4,0.0,25.325,60.827,29.970,MC,BAL,0.0,reposit,Behavior,item,,,,POINT,16.250,16.250,NA,Y:/capuchin_coiba/archive/rawdata/camera_trap_images/renamed_data/R11/CEBUS-02-R11/CEBUS-02-R11__2022-02-11__17-45-52.MP4,487,487,,,,
CEBUS-02-R11__2022-02-11__17-45-52,2025-08-27 21:44:18,corrected by LR,Media file,player #1:Y:/capuchin_coiba/archive/rawdata/camera_trap_images/renamed_data/R11/CEBUS-02-R11/CEBUS-02-R11__2022-02-11__17-45-52.MP4,0.0,25.325,60.827,29.970,MC,BAL,0.0,pound,Behavior,stand,None,None,,POINT,18.085,18.085,NA,Y:/capuchin_coiba/archive/rawdata/camera_trap_images/renamed_data/R11/CEBUS-02-R11/CEBUS-02-R11__2022-02-11__17-45-52.MP4,542,542,,,,
CEBUS-02-R11__2022-02-11__17-45-52,2025-08-27 21:44:18,corrected by LR,Media file,player #1:Y:/capuchin_coiba/archive/rawdata/camera_trap_images/renamed_data/R11/CEBUS-02-R11/CEBUS-02-R11__2022-02-11__17-45-52.MP4,0.0,25.325,60.827,29.970,MC,BAL,0.0,reposit,Behavior,item,,,,POINT,21.188,21.188,NA,Y:/capuchin_coiba/archive/rawdata/camera_trap_images/renamed_data/R11/CEBUS-02-R11/CEBUS-02-R11__2022-02-11__17-45-52.MP4,635,635,,,,
CEBUS-02-R11__2022-02-11__17-45-52,2025-08-27 21:44:18,corrected by LR,Media file,player #1:Y:/capuchin_coiba/archive/rawdata/camera_trap_images/renamed_data/R11/CEBUS-02-R11/CEBUS-02-R11__2022-02-11__17-45-52.MP4,0.0,25.325,60.827,29.970,MC,BAL,0.0,pound,Behavior,stand,1foot,overhead,,POINT,22.756,22.756,NA,Y:/capuchin_coiba/archive/rawdata/camera_trap_images/renamed_data/R11/CEBUS-02-R11/CEBUS-02-R11__2022-02-11__17-45-52.MP4,682,682,,,,
CEBUS-02-R11__2022-02-11__17-45-52,2025-08-27 21:44:18,corrected by LR,Media file,player #1:Y:/capuchin_coiba/archive/rawdata/camera_trap_images/renamed_data/R11/CEBUS-02-R11/CEBUS-02-R11__2022-02-11__17-45-52.MP4,0.0,25.325,60.827,29.970,MC,BAL,0.0,seqend,Sequence info,opened,scrounging,nodisplacement,socialattention,POINT,25.325,25.325,NA,Y:/capuchin_coiba/archive/rawdata/camera_trap_images/renamed_data/R11/CEBUS-02-R11/CEBUS-02-R11__2022-02-11__17-45-52.MP4,759,759,,,,
CEBUS-02-R11__2022-02-11__17-47-19,2025-08-27 21:45:29,corrected by LR,Media file,player #1:Y:/capuchin_coiba/archive/rawdata/camera_trap_images/renamed_data/R11/CEBUS-02-R11/CEBUS-02-R11__2022-02-11__17-47-19.MP4,0.0,28.495,60.861,29.970,MC,SPT,0.0,seqstart,Sequence info,almendragreen,,,,POINT,27.294,27.294,NA,Y:/capuchin_coiba/archive/rawdata/camera_trap_images/renamed_data/R11/CEBUS-02-R11/CEBUS-02-R11__2022-02-11__17-47-19.MP4,818,818,,,,
CEBUS-02-R11__2022-02-11__17-47-19,2025-08-27 21:45:29,corrected by LR,Media file,player #1:Y:/capuchin_coiba/archive/rawdata/camera_trap_images/renamed_data/R11/CEBUS-02-R11/CEBUS-02-R11__2022-02-11__17-47-19.MP4,0.0,28.495,60.861,29.970,MC,SPT,0.0,hammerstone,Sequence info,onanvil,None,e_onanvil,,POINT,27.427,27.427,NA,Y:/capuchin_coiba/archive/rawdata/camera_trap_images/renamed_data/R11/CEBUS-02-R11/CEBUS-02-R11__2022-02-11__17-47-19.MP4,822,822,,,FRE,
CEBUS-02-R11__2022-02-11__17-47-19,2025-08-27 21:45:29,corrected by LR,Media file,player #1:Y:/capuchin_coiba/archive/rawdata/camera_trap_images/renamed_data/R11/CEBUS-02-R11/CEBUS-02-R11__2022-02-11__17-47-19.MP4,0.0,28.495,60.861,29.970,MC,SPT,0.0,pound,Behavior,stand,None,overhead,,POINT,28.829,28.829,NA,Y:/capuchin_coiba/archive/rawdata/camera_trap_images/renamed_data/R11/CEBUS-02-R11/CEBUS-02-R11__2022-02-11__17-47-19.MP4,864,864,,,,
CEBUS-02-R11__2022-02-11__17-47-19,2025-08-27 21:45:29,corrected by LR,Media file,player #1:Y:/capuchin_coiba/archive/rawdata/camera_trap_images/renamed_data/R11/CEBUS-02-R11/CEBUS-02-R11__2022-02-11__17-47-19.MP4,0.0,28.495,60.861,29.970,MC,SPT,0.0,reposit,Behavior,item,,,,POINT,30.163,30.163,NA,Y:/capuchin_coiba/archive/rawdata/camera_trap_images/renamed_data/R11/CEBUS-02-R11/CEBUS-02-R11__2022-02-11__17-47-19.MP4,904,904,,,,
CEBUS-02-R11__2022-02-11__17-47-19,2025-08-27 21:45:29,corrected by LR,Media file,player #1:Y:/capuchin_coiba/archive/rawdata/camera_trap_images/renamed_data/R11/CEBUS-02-R11/CEBUS-02-R11__2022-02-11__17-47-19.MP4,0.0,28.495,60.861,29.970,MC,SPT,0.0,pound,Behavior,stand,None,None,,POINT,31.632,31.632,NA,Y:/capuchin_coiba/archive/rawdata/camera_trap_images/renamed_data/R11/CEBUS-02-R11/CEBUS-02-R11__2022-02-11__17-47-19.MP4,948,948,,,,
CEBUS-02-R11__2022-02-11__17-47-19,2025-08-27 21:45:29,corrected by LR,Media file,player #1:Y:/capuchin_coiba/archive/rawdata/camera_trap_images/renamed_data/R11/CEBUS-02-R11/CEBUS-02-R11__2022-02-11__17-47-19.MP4,0.0,28.495,60.861,29.970,MC,SPT,0.0,pound,Behavior,stand,None,None,,POINT,32.933,32.933,NA,Y:/capuchin_coiba/archive/rawdata/camera_trap_images/renamed_data/R11/CEBUS-02-R11/CEBUS-02-R11__2022-02-11__17-47-19.MP4,987,987,,,,
CEBUS-02-R11__2022-02-11__17-47-19,2025-08-27 21:45:29,corrected by LR,Media file,player #1:Y:/capuchin_coiba/archive/rawdata/camera_trap_images/renamed_data/R11/CEBUS-02-R11/CEBUS-02-R11__2022-02-11__17-47-19.MP4,0.0,28.495,60.861,29.970,MC,SPT,0.0,seqend,Sequence info,opened,noscrounging,nodisplacement,socialattention,POINT,35.469,35.469,NA,Y:/capuchin_coiba/archive/rawdata/camera_trap_images/renamed_data/R11/CEBUS-02-R11/CEBUS-02-R11__2022-02-11__17-47-19.MP4,1063,1063,,,,
CEBUS-02-R11__2022-02-11__17-47-19,2025-08-27 21:45:29,corrected by LR,Media file,player #1:Y:/capuchin_coiba/archive/rawdata/camera_trap_images/renamed_data/R11/CEBUS-02-R11/CEBUS-02-R11__2022-02-11__17-47-19.MP4,0.0,28.495,60.861,29.970,MC,SPT,0.0,seqstart,Sequence info,almendragreen,,,,POINT,44.912,44.912,NA,Y:/capuchin_coiba/archive/rawdata/camera_trap_images/renamed_data/R11/CEBUS-02-R11/CEBUS-02-R11__2022-02-11__17-47-19.MP4,1346,1346,,,,
CEBUS-02-R11__2022-02-11__17-47-19,2025-08-27 21:45:29,corrected by LR,Media file,player #1:Y:/capuchin_coiba/archive/rawdata/camera_trap_images/renamed_data/R11/CEBUS-02-R11/CEBUS-02-R11__2022-02-11__17-47-19.MP4,0.0,28.495,60.861,29.970,MC,SPT,0.0,hammerstone,Sequence info,onanvil,None,e_onanvil,,POINT,46.113,46.113,NA,Y:/capuchin_coiba/archive/rawdata/camera_trap_images/renamed_data/R11/CEBUS-02-R11/CEBUS-02-R11__2022-02-11__17-47-19.MP4,1382,1382,,,FRE,
CEBUS-02-R11__2022-02-11__17-47-19,2025-08-27 21:45:29,corrected by LR,Media file,player #1:Y:/capuchin_coiba/archive/rawdata/camera_trap_images/renamed_data/R11/CEBUS-02-R11/CEBUS-02-R11__2022-02-11__17-47-19.MP4,0.0,28.495,60.861,29.970,MC,SPT,0.0,pound,Behavior,stand,tailsupport,None,,POINT,48.048,48.048,NA,Y:/capuchin_coiba/archive/rawdata/camera_trap_images/renamed_data/R11/CEBUS-02-R11/CEBUS-02-R11__2022-02-11__17-47-19.MP4,1440,1440,,,,
CEBUS-02-R11__2022-02-11__17-47-19,2025-08-27 21:45:29,corrected by LR,Media file,player #1:Y:/capuchin_coiba/archive/rawdata/camera_trap_images/renamed_data/R11/CEBUS-02-R11/CEBUS-02-R11__2022-02-11__17-47-19.MP4,0.0,28.495,60.861,29.970,MC,SPT,0.0,misstrike,Behavior,other,,,,POINT,49.416,49.416,NA,Y:/capuchin_coiba/archive/rawdata/camera_trap_images/renamed_data/R11/CEBUS-02-R11/CEBUS-02-R11__2022-02-11__17-47-19.MP4,1481,1481,,,dropping hammerstone a bit,
CEBUS-02-R11__2022-02-11__17-47-19,2025-08-27 21:45:29,corrected by LR,Media file,player #1:Y:/capuchin_coiba/archive/rawdata/camera_trap_images/renamed_data/R11/CEBUS-02-R11/CEBUS-02-R11__2022-02-11__17-47-19.MP4,0.0,28.495,60.861,29.970,MC,SPT,0.0,reposit,Behavior,item,,,,POINT,49.683,49.683,NA,Y:/capuchin_coiba/archive/rawdata/camera_trap_images/renamed_data/R11/CEBUS-02-R11/CEBUS-02-R11__2022-02-11__17-47-19.MP4,1489,1489,,,,
CEBUS-02-R11__2022-02-11__17-47-19,2025-08-27 21:45:29,corrected by LR,Media file,player #1:Y:/capuchin_coiba/archive/rawdata/camera_trap_images/renamed_data/R11/CEBUS-02-R11/CEBUS-02-R11__2022-02-11__17-47-19.MP4,0.0,28.495,60.861,29.970,MC,SPT,0.0,pound,Behavior,stand,tailsupport,None,,POINT,51.218,51.218,NA,Y:/capuchin_coiba/archive/rawdata/camera_trap_images/renamed_data/R11/CEBUS-02-R11/CEBUS-02-R11__2022-02-11__17-47-19.MP4,1535,1535,,,,
CEBUS-02-R11__2022-02-11__17-47-19,2025-08-27 21:45:29,corrected by LR,Media file,player #1:Y:/capuchin_coiba/archive/rawdata/camera_trap_images/renamed_data/R11/CEBUS-02-R11/CEBUS-02-R11__2022-02-11__17-47-19.MP4,0.0,28.495,60.861,29.970,MC,SPT,0.0,pound,Behavior,stand,tailsupport,overhead,,POINT,52.619,52.619,NA,Y:/capuchin_coiba/archive/rawdata/camera_trap_images/renamed_data/R11/CEBUS-02-R11/CEBUS-02-R11__2022-02-11__17-47-19.MP4,1577,1577,,,,
CEBUS-02-R11__2022-02-11__17-47-19,2025-08-27 21:45:29,corrected by LR,Media file,player #1:Y:/capuchin_coiba/archive/rawdata/camera_trap_images/renamed_data/R11/CEBUS-02-R11/CEBUS-02-R11__2022-02-11__17-47-19.MP4,0.0,28.495,60.861,29.970,MC,SPT,0.0,seqend,Sequence info,opened,scrounging,nodisplacement,socialattention,POINT,55.789,55.789,NA,Y:/capuchin_coiba/archive/rawdata/camera_trap_images/renamed_data/R11/CEBUS-02-R11/CEBUS-02-R11__2022-02-11__17-47-19.MP4,1672,1672,,,,
CEBUS-02-R11__2022-02-11__17-48-30,2025-08-27 21:47:49,corrected by LR,Media file,player #1:Y:/capuchin_coiba/archive/rawdata/camera_trap_images/renamed_data/R11/CEBUS-02-R11/CEBUS-02-R11__2022-02-11__17-48-30.MP4,0.0,12.646,60.861,29.970,MC,SPT,0.0,seqstart,Sequence info,almendragreen,,,,POINT,4.238,4.238,NA,Y:/capuchin_coiba/archive/rawdata/camera_trap_images/renamed_data/R11/CEBUS-02-R11/CEBUS-02-R11__2022-02-11__17-48-30.MP4,127,127,,,,
CEBUS-02-R11__2022-02-11__17-48-30,2025-08-27 21:47:49,corrected by LR,Media file,player #1:Y:/capuchin_coiba/archive/rawdata/camera_trap_images/renamed_data/R11/CEBUS-02-R11/CEBUS-02-R11__2022-02-11__17-48-30.MP4,0.0,12.646,60.861,29.970,MC,SPT,0.0,hammerstone,Sequence info,onanvil,None,e_onanvil,,POINT,4.738,4.738,NA,Y:/capuchin_coiba/archive/rawdata/camera_trap_images/renamed_data/R11/CEBUS-02-R11/CEBUS-02-R11__2022-02-11__17-48-30.MP4,142,142,,,FRE,
CEBUS-02-R11__2022-02-11__17-48-30,2025-08-27 21:47:49,corrected by LR,Media file,player #1:Y:/capuchin_coiba/archive/rawdata/camera_trap_images/renamed_data/R11/CEBUS-02-R11/CEBUS-02-R11__2022-02-11__17-48-30.MP4,0.0,12.646,60.861,29.970,MC,SPT,0.0,pound,Behavior,stand,tailsupport,None,,POINT,5.939,5.939,NA,Y:/capuchin_coiba/archive/rawdata/camera_trap_images/renamed_data/R11/CEBUS-02-R11/CEBUS-02-R11__2022-02-11__17-48-30.MP4,178,178,,,,
CEBUS-02-R11__2022-02-11__17-48-30,2025-08-27 21:47:49,corrected by LR,Media file,player #1:Y:/capuchin_coiba/archive/rawdata/camera_trap_images/renamed_data/R11/CEBUS-02-R11/CEBUS-02-R11__2022-02-11__17-48-30.MP4,0.0,12.646,60.861,29.970,MC,SPT,0.0,pound,Behavior,stand,tailsupport,None,,POINT,7.374,7.374,NA,Y:/capuchin_coiba/archive/rawdata/camera_trap_images/renamed_data/R11/CEBUS-02-R11/CEBUS-02-R11__2022-02-11__17-48-30.MP4,221,221,,,,
CEBUS-02-R11__2022-02-11__17-48-30,2025-08-27 21:47:49,corrected by LR,Media file,player #1:Y:/capuchin_coiba/archive/rawdata/camera_trap_images/renamed_data/R11/CEBUS-02-R11/CEBUS-02-R11__2022-02-11__17-48-30.MP4,0.0,12.646,60.861,29.970,MC,SPT,0.0,pound,Behavior,stand,tailsupport,overhead,,POINT,8.909,8.909,NA,Y:/capuchin_coiba/archive/rawdata/camera_trap_images/renamed_data/R11/CEBUS-02-R11/CEBUS-02-R11__2022-02-11__17-48-30.MP4,267,267,,,,
CEBUS-02-R11__2022-02-11__17-48-30,2025-08-27 21:47:49,corrected by LR,Media file,player #1:Y:/capuchin_coiba/archive/rawdata/camera_trap_images/renamed_data/R11/CEBUS-02-R11/CEBUS-02-R11__2022-02-11__17-48-30.MP4,0.0,12.646,60.861,29.970,MC,SPT,0.0,pound,Behavior,stand,None,None,,POINT,10.244,10.244,NA,Y:/capuchin_coiba/archive/rawdata/camera_trap_images/renamed_data/R11/CEBUS-02-R11/CEBUS-02-R11__2022-02-11__17-48-30.MP4,307,307,,,,
CEBUS-02-R11__2022-02-11__17-48-30,2025-08-27 21:47:49,corrected by LR,Media file,player #1:Y:/capuchin_coiba/archive/rawdata/camera_trap_images/renamed_data/R11/CEBUS-02-R11/CEBUS-02-R11__2022-02-11__17-48-30.MP4,0.0,12.646,60.861,29.970,MC,SPT,0.0,pound,Behavior,stand,tailsupport,None,,POINT,12.513,12.513,NA,Y:/capuchin_coiba/archive/rawdata/camera_trap_images/renamed_data/R11/CEBUS-02-R11/CEBUS-02-R11__2022-02-11__17-48-30.MP4,375,375,,,,
CEBUS-02-R11__2022-02-11__17-48-30,2025-08-27 21:47:49,corrected by LR,Media file,player #1:Y:/capuchin_coiba/archive/rawdata/camera_trap_images/renamed_data/R11/CEBUS-02-R11/CEBUS-02-R11__2022-02-11__17-48-30.MP4,0.0,12.646,60.861,29.970,MC,SPT,0.0,seqend,Sequence info,opened,noscrounging,nodisplacement,socialattention,POINT,16.884,16.884,NA,Y:/capuchin_coiba/archive/rawdata/camera_trap_images/renamed_data/R11/CEBUS-02-R11/CEBUS-02-R11__2022-02-11__17-48-30.MP4,506,506,,,,
CEBUS-02-R11__2022-02-11__17-50-42,2025-08-27 21:48:31,corrected by LR,Media file,player #1:Y:/capuchin_coiba/archive/rawdata/camera_trap_images/renamed_data/R11/CEBUS-02-R11/CEBUS-02-R11__2022-02-11__17-50-42.MP4,0.0,45.846,60.861,29.970,MC,SPT,0.0,seqstart,Sequence info,almendragreen,,,,POINT,0.067,0.067,NA,Y:/capuchin_coiba/archive/rawdata/camera_trap_images/renamed_data/R11/CEBUS-02-R11/CEBUS-02-R11__2022-02-11__17-50-42.MP4,2,2,,,,
CEBUS-02-R11__2022-02-11__17-50-42,2025-08-27 21:48:31,corrected by LR,Media file,player #1:Y:/capuchin_coiba/archive/rawdata/camera_trap_images/renamed_data/R11/CEBUS-02-R11/CEBUS-02-R11__2022-02-11__17-50-42.MP4,0.0,45.846,60.861,29.970,MC,SPT,0.0,hammerstone,Sequence info,inhand,None,e_onanvil,,POINT,0.334,0.334,NA,Y:/capuchin_coiba/archive/rawdata/camera_trap_images/renamed_data/R11/CEBUS-02-R11/CEBUS-02-R11__2022-02-11__17-50-42.MP4,10,10,,,FRE,
CEBUS-02-R11__2022-02-11__17-50-42,2025-08-27 21:48:31,corrected by LR,Media file,player #1:Y:/capuchin_coiba/archive/rawdata/camera_trap_images/renamed_data/R11/CEBUS-02-R11/CEBUS-02-R11__2022-02-11__17-50-42.MP4,0.0,45.846,60.861,29.970,MC,SPT,0.0,pound,Behavior,stand,None,None,,POINT,0.868,0.868,NA,Y:/capuchin_coiba/archive/rawdata/camera_trap_images/renamed_data/R11/CEBUS-02-R11/CEBUS-02-R11__2022-02-11__17-50-42.MP4,26,26,,,,
CEBUS-02-R11__2022-02-11__17-50-42,2025-08-27 21:48:31,corrected by LR,Media file,player #1:Y:/capuchin_coiba/archive/rawdata/camera_trap_images/renamed_data/R11/CEBUS-02-R11/CEBUS-02-R11__2022-02-11__17-50-42.MP4,0.0,45.846,60.861,29.970,MC,SPT,0.0,pound,Behavior,stand,None,None,,POINT,3.971,3.971,NA,Y:/capuchin_coiba/archive/rawdata/camera_trap_images/renamed_data/R11/CEBUS-02-R11/CEBUS-02-R11__2022-02-11__17-50-42.MP4,119,119,,,,
CEBUS-02-R11__2022-02-11__17-50-42,2025-08-27 21:48:31,corrected by LR,Media file,player #1:Y:/capuchin_coiba/archive/rawdata/camera_trap_images/renamed_data/R11/CEBUS-02-R11/CEBUS-02-R11__2022-02-11__17-50-42.MP4,0.0,45.846,60.861,29.970,MC,SPT,0.0,seqend,Sequence info,opened,None,None,None,POINT,8.008,8.008,NA,Y:/capuchin_coiba/archive/rawdata/camera_trap_images/renamed_data/R11/CEBUS-02-R11/CEBUS-02-R11__2022-02-11__17-50-42.MP4,240,240,,,,
CEBUS-02-R11__2022-02-11__17-50-42,2025-08-27 21:48:31,corrected by LR,Media file,player #1:Y:/capuchin_coiba/archive/rawdata/camera_trap_images/renamed_data/R11/CEBUS-02-R11/CEBUS-02-R11__2022-02-11__17-50-42.MP4,0.0,45.846,60.861,29.970,MC,SPT,0.0,seqstart,Sequence info,almendragreen,,,,POINT,31.932,31.932,NA,Y:/capuchin_coiba/archive/rawdata/camera_trap_images/renamed_data/R11/CEBUS-02-R11/CEBUS-02-R11__2022-02-11__17-50-42.MP4,957,957,,,,
CEBUS-02-R11__2022-02-11__17-50-42,2025-08-27 21:48:31,corrected by LR,Media file,player #1:Y:/capuchin_coiba/archive/rawdata/camera_trap_images/renamed_data/R11/CEBUS-02-R11/CEBUS-02-R11__2022-02-11__17-50-42.MP4,0.0,45.846,60.861,29.970,MC,SPT,0.0,hammerstone,Sequence info,onanvil,None,e_onanvil,,POINT,32.065,32.065,NA,Y:/capuchin_coiba/archive/rawdata/camera_trap_images/renamed_data/R11/CEBUS-02-R11/CEBUS-02-R11__2022-02-11__17-50-42.MP4,961,961,,,FRE,
CEBUS-02-R11__2022-02-11__17-50-42,2025-08-27 21:48:31,corrected by LR,Media file,player #1:Y:/capuchin_coiba/archive/rawdata/camera_trap_images/renamed_data/R11/CEBUS-02-R11/CEBUS-02-R11__2022-02-11__17-50-42.MP4,0.0,45.846,60.861,29.970,MC,SPT,0.0,pound,Behavior,stand,None,None,,POINT,33.533,33.533,NA,Y:/capuchin_coiba/archive/rawdata/camera_trap_images/renamed_data/R11/CEBUS-02-R11/CEBUS-02-R11__2022-02-11__17-50-42.MP4,1005,1005,,,,
CEBUS-02-R11__2022-02-11__17-50-42,2025-08-27 21:48:31,corrected by LR,Media file,player #1:Y:/capuchin_coiba/archive/rawdata/camera_trap_images/renamed_data/R11/CEBUS-02-R11/CEBUS-02-R11__2022-02-11__17-50-42.MP4,0.0,45.846,60.861,29.970,MC,SPT,0.0,pound,Behavior,stand,None,None,,POINT,35.736,35.736,NA,Y:/capuchin_coiba/archive/rawdata/camera_trap_images/renamed_data/R11/CEBUS-02-R11/CEBUS-02-R11__2022-02-11__17-50-42.MP4,1071,1071,,,,
CEBUS-02-R11__2022-02-11__17-50-42,2025-08-27 21:48:31,corrected by LR,Media file,player #1:Y:/capuchin_coiba/archive/rawdata/camera_trap_images/renamed_data/R11/CEBUS-02-R11/CEBUS-02-R11__2022-02-11__17-50-42.MP4,0.0,45.846,60.861,29.970,MC,SPT,0.0,pound,Behavior,stand,None,None,,POINT,37.271,37.271,NA,Y:/capuchin_coiba/archive/rawdata/camera_trap_images/renamed_data/R11/CEBUS-02-R11/CEBUS-02-R11__2022-02-11__17-50-42.MP4,1117,1117,,,,
CEBUS-02-R11__2022-02-11__17-50-42,2025-08-27 21:48:31,corrected by LR,Media file,player #1:Y:/capuchin_coiba/archive/rawdata/camera_trap_images/renamed_data/R11/CEBUS-02-R11/CEBUS-02-R11__2022-02-11__17-50-42.MP4,0.0,45.846,60.861,29.970,MC,SPT,0.0,reposit,Behavior,peel,,,,POINT,39.806,39.806,NA,Y:/capuchin_coiba/archive/rawdata/camera_trap_images/renamed_data/R11/CEBUS-02-R11/CEBUS-02-R11__2022-02-11__17-50-42.MP4,1193,1193,,,,
CEBUS-02-R11__2022-02-11__17-50-42,2025-08-27 21:48:31,corrected by LR,Media file,player #1:Y:/capuchin_coiba/archive/rawdata/camera_trap_images/renamed_data/R11/CEBUS-02-R11/CEBUS-02-R11__2022-02-11__17-50-42.MP4,0.0,45.846,60.861,29.970,MC,SPT,0.0,pound,Behavior,stand,None,None,,POINT,41.475,41.475,NA,Y:/capuchin_coiba/archive/rawdata/camera_trap_images/renamed_data/R11/CEBUS-02-R11/CEBUS-02-R11__2022-02-11__17-50-42.MP4,1243,1243,,,,
CEBUS-02-R11__2022-02-11__17-50-42,2025-08-27 21:48:31,corrected by LR,Media file,player #1:Y:/capuchin_coiba/archive/rawdata/camera_trap_images/renamed_data/R11/CEBUS-02-R11/CEBUS-02-R11__2022-02-11__17-50-42.MP4,0.0,45.846,60.861,29.970,MC,SPT,0.0,seqend,Sequence info,opened,None,None,None,POINT,45.913,45.913,NA,Y:/capuchin_coiba/archive/rawdata/camera_trap_images/renamed_data/R11/CEBUS-02-R11/CEBUS-02-R11__2022-02-11__17-50-42.MP4,1376,1376,,,vocalizations in background,
CEBUS-02-R11__2022-02-11__17-51-49,2025-08-27 21:50:03,corrected by LR,Media file,player #1:Y:/capuchin_coiba/archive/rawdata/camera_trap_images/renamed_data/R11/CEBUS-02-R11/CEBUS-02-R11__2022-02-11__17-51-49.MP4,0.0,42.342,60.827,29.970,MC,SPT,0.0,seqstart,Sequence info,almendragreen,,,,POINT,0.000,0.000,NA,Y:/capuchin_coiba/archive/rawdata/camera_trap_images/renamed_data/R11/CEBUS-02-R11/CEBUS-02-R11__2022-02-11__17-51-49.MP4,0,0,,,,
CEBUS-02-R11__2022-02-11__17-51-49,2025-08-27 21:50:03,corrected by LR,Media file,player #1:Y:/capuchin_coiba/archive/rawdata/camera_trap_images/renamed_data/R11/CEBUS-02-R11/CEBUS-02-R11__2022-02-11__17-51-49.MP4,0.0,42.342,60.827,29.970,MC,SPT,0.0,hammerstone,Sequence info,inhand,None,e_onanvil,,POINT,0.767,0.767,NA,Y:/capuchin_coiba/archive/rawdata/camera_trap_images/renamed_data/R11/CEBUS-02-R11/CEBUS-02-R11__2022-02-11__17-51-49.MP4,23,23,,,FRE,
CEBUS-02-R11__2022-02-11__17-51-49,2025-08-27 21:50:03,corrected by LR,Media file,player #1:Y:/capuchin_coiba/archive/rawdata/camera_trap_images/renamed_data/R11/CEBUS-02-R11/CEBUS-02-R11__2022-02-11__17-51-49.MP4,0.0,42.342,60.827,29.970,MC,SPT,0.0,pound,Behavior,stand,None,None,,POINT,2.269,2.269,NA,Y:/capuchin_coiba/archive/rawdata/camera_trap_images/renamed_data/R11/CEBUS-02-R11/CEBUS-02-R11__2022-02-11__17-51-49.MP4,68,68,,,,
CEBUS-02-R11__2022-02-11__17-51-49,2025-08-27 21:50:03,corrected by LR,Media file,player #1:Y:/capuchin_coiba/archive/rawdata/camera_trap_images/renamed_data/R11/CEBUS-02-R11/CEBUS-02-R11__2022-02-11__17-51-49.MP4,0.0,42.342,60.827,29.970,MC,SPT,0.0,pound,Behavior,stand,None,None,,POINT,3.737,3.737,NA,Y:/capuchin_coiba/archive/rawdata/camera_trap_images/renamed_data/R11/CEBUS-02-R11/CEBUS-02-R11__2022-02-11__17-51-49.MP4,112,112,,,,
CEBUS-02-R11__2022-02-11__17-51-49,2025-08-27 21:50:03,corrected by LR,Media file,player #1:Y:/capuchin_coiba/archive/rawdata/camera_trap_images/renamed_data/R11/CEBUS-02-R11/CEBUS-02-R11__2022-02-11__17-51-49.MP4,0.0,42.342,60.827,29.970,MC,SPT,0.0,pound,Behavior,stand,None,overhead,,POINT,5.038,5.038,NA,Y:/capuchin_coiba/archive/rawdata/camera_trap_images/renamed_data/R11/CEBUS-02-R11/CEBUS-02-R11__2022-02-11__17-51-49.MP4,151,151,,,,
CEBUS-02-R11__2022-02-11__17-51-49,2025-08-27 21:50:03,corrected by LR,Media file,player #1:Y:/capuchin_coiba/archive/rawdata/camera_trap_images/renamed_data/R11/CEBUS-02-R11/CEBUS-02-R11__2022-02-11__17-51-49.MP4,0.0,42.342,60.827,29.970,MC,SPT,0.0,seqend,Sequence info,opened,scrounging,nodisplacement,socialattention,POINT,8.275,8.275,NA,Y:/capuchin_coiba/archive/rawdata/camera_trap_images/renamed_data/R11/CEBUS-02-R11/CEBUS-02-R11__2022-02-11__17-51-49.MP4,248,248,,,,
CEBUS-02-R11__2022-02-11__17-51-49,2025-08-27 21:50:03,corrected by LR,Media file,player #1:Y:/capuchin_coiba/archive/rawdata/camera_trap_images/renamed_data/R11/CEBUS-02-R11/CEBUS-02-R11__2022-02-11__17-51-49.MP4,0.0,42.342,60.827,29.970,MC,SPT,0.0,seqstart,Sequence info,almendragreen,,,,POINT,32.065,32.065,NA,Y:/capuchin_coiba/archive/rawdata/camera_trap_images/renamed_data/R11/CEBUS-02-R11/CEBUS-02-R11__2022-02-11__17-51-49.MP4,961,961,,,,
CEBUS-02-R11__2022-02-11__17-51-49,2025-08-27 21:50:03,corrected by LR,Media file,player #1:Y:/capuchin_coiba/archive/rawdata/camera_trap_images/renamed_data/R11/CEBUS-02-R11/CEBUS-02-R11__2022-02-11__17-51-49.MP4,0.0,42.342,60.827,29.970,MC,SPT,0.0,hammerstone,Sequence info,onanvil,None,e_onanvil,,POINT,32.366,32.366,NA,Y:/capuchin_coiba/archive/rawdata/camera_trap_images/renamed_data/R11/CEBUS-02-R11/CEBUS-02-R11__2022-02-11__17-51-49.MP4,970,970,,,FRE,
CEBUS-02-R11__2022-02-11__17-51-49,2025-08-27 21:50:03,corrected by LR,Media file,player #1:Y:/capuchin_coiba/archive/rawdata/camera_trap_images/renamed_data/R11/CEBUS-02-R11/CEBUS-02-R11__2022-02-11__17-51-49.MP4,0.0,42.342,60.827,29.970,MC,SPT,0.0,pound,Behavior,stand,None,None,,POINT,32.900,32.900,NA,Y:/capuchin_coiba/archive/rawdata/camera_trap_images/renamed_data/R11/CEBUS-02-R11/CEBUS-02-R11__2022-02-11__17-51-49.MP4,986,986,,,,
CEBUS-02-R11__2022-02-11__17-51-49,2025-08-27 21:50:03,corrected by LR,Media file,player #1:Y:/capuchin_coiba/archive/rawdata/camera_trap_images/renamed_data/R11/CEBUS-02-R11/CEBUS-02-R11__2022-02-11__17-51-49.MP4,0.0,42.342,60.827,29.970,MC,SPT,0.0,pound,Behavior,stand,None,None,,POINT,34.434,34.434,NA,Y:/capuchin_coiba/archive/rawdata/camera_trap_images/renamed_data/R11/CEBUS-02-R11/CEBUS-02-R11__2022-02-11__17-51-49.MP4,1032,1032,,,,
CEBUS-02-R11__2022-02-11__17-51-49,2025-08-27 21:50:03,corrected by LR,Media file,player #1:Y:/capuchin_coiba/archive/rawdata/camera_trap_images/renamed_data/R11/CEBUS-02-R11/CEBUS-02-R11__2022-02-11__17-51-49.MP4,0.0,42.342,60.827,29.970,MC,SPT,0.0,pound,Behavior,stand,None,None,,POINT,38.438,38.438,NA,Y:/capuchin_coiba/archive/rawdata/camera_trap_images/renamed_data/R11/CEBUS-02-R11/CEBUS-02-R11__2022-02-11__17-51-49.MP4,1152,1152,,,,
CEBUS-02-R11__2022-02-11__17-51-49,2025-08-27 21:50:03,corrected by LR,Media file,player #1:Y:/capuchin_coiba/archive/rawdata/camera_trap_images/renamed_data/R11/CEBUS-02-R11/CEBUS-02-R11__2022-02-11__17-51-49.MP4,0.0,42.342,60.827,29.970,MC,SPT,0.0,pound,Behavior,stand,None,None,,POINT,40.007,40.007,NA,Y:/capuchin_coiba/archive/rawdata/camera_trap_images/renamed_data/R11/CEBUS-02-R11/CEBUS-02-R11__2022-02-11__17-51-49.MP4,1199,1199,,,,
CEBUS-02-R11__2022-02-11__17-51-49,2025-08-27 21:50:03,corrected by LR,Media file,player #1:Y:/capuchin_coiba/archive/rawdata/camera_trap_images/renamed_data/R11/CEBUS-02-R11/CEBUS-02-R11__2022-02-11__17-51-49.MP4,0.0,42.342,60.827,29.970,MC,SPT,0.0,seqend,Sequence info,opened,scrounging,nodisplacement,socialattention,POINT,42.342,42.342,NA,Y:/capuchin_coiba/archive/rawdata/camera_trap_images/renamed_data/R11/CEBUS-02-R11/CEBUS-02-R11__2022-02-11__17-51-49.MP4,1269,1269,,,,
CEBUS-02-R11__2022-02-12__18-02-31,2025-08-27 21:51:05,corrected by LR,Media file,player #1:Y:/capuchin_coiba/archive/rawdata/camera_trap_images/renamed_data/R11/CEBUS-02-R11/CEBUS-02-R11__2022-02-12__18-02-31.MP4,0.0,23.390,60.861,29.970,MC,SPT,0.0,seqstart,Sequence info,almendrabrown,,,,POINT,0.000,0.000,NA,Y:/capuchin_coiba/archive/rawdata/camera_trap_images/renamed_data/R11/CEBUS-02-R11/CEBUS-02-R11__2022-02-12__18-02-31.MP4,0,0,,,,
CEBUS-02-R11__2022-02-12__18-02-31,2025-08-27 21:51:05,corrected by LR,Media file,player #1:Y:/capuchin_coiba/archive/rawdata/camera_trap_images/renamed_data/R11/CEBUS-02-R11/CEBUS-02-R11__2022-02-12__18-02-31.MP4,0.0,23.390,60.861,29.970,MC,SPT,0.0,hammerstone,Sequence info,inhand,None,e_onanvil,,POINT,0.100,0.100,NA,Y:/capuchin_coiba/archive/rawdata/camera_trap_images/renamed_data/R11/CEBUS-02-R11/CEBUS-02-R11__2022-02-12__18-02-31.MP4,3,3,,,FRE,
CEBUS-02-R11__2022-02-12__18-02-31,2025-08-27 21:51:05,corrected by LR,Media file,player #1:Y:/capuchin_coiba/archive/rawdata/camera_trap_images/renamed_data/R11/CEBUS-02-R11/CEBUS-02-R11__2022-02-12__18-02-31.MP4,0.0,23.390,60.861,29.970,MC,SPT,0.0,pound,Behavior,stand,None,None,,POINT,1.168,1.168,NA,Y:/capuchin_coiba/archive/rawdata/camera_trap_images/renamed_data/R11/CEBUS-02-R11/CEBUS-02-R11__2022-02-12__18-02-31.MP4,35,35,,,,
CEBUS-02-R11__2022-02-12__18-02-31,2025-08-27 21:51:05,corrected by LR,Media file,player #1:Y:/capuchin_coiba/archive/rawdata/camera_trap_images/renamed_data/R11/CEBUS-02-R11/CEBUS-02-R11__2022-02-12__18-02-31.MP4,0.0,23.390,60.861,29.970,MC,SPT,0.0,seqend,Sequence info,opened,None,None,None,POINT,3.837,3.837,NA,Y:/capuchin_coiba/archive/rawdata/camera_trap_images/renamed_data/R11/CEBUS-02-R11/CEBUS-02-R11__2022-02-12__18-02-31.MP4,115,115,,,,
CEBUS-02-R11__2022-02-12__18-02-31,2025-08-27 21:51:05,corrected by LR,Media file,player #1:Y:/capuchin_coiba/archive/rawdata/camera_trap_images/renamed_data/R11/CEBUS-02-R11/CEBUS-02-R11__2022-02-12__18-02-31.MP4,0.0,23.390,60.861,29.970,MC,SPT,0.0,seqstart,Sequence info,almendrabrown,,,,POINT,17.751,17.751,NA,Y:/capuchin_coiba/archive/rawdata/camera_trap_images/renamed_data/R11/CEBUS-02-R11/CEBUS-02-R11__2022-02-12__18-02-31.MP4,532,532,,,,
CEBUS-02-R11__2022-02-12__18-02-31,2025-08-27 21:51:05,corrected by LR,Media file,player #1:Y:/capuchin_coiba/archive/rawdata/camera_trap_images/renamed_data/R11/CEBUS-02-R11/CEBUS-02-R11__2022-02-12__18-02-31.MP4,0.0,23.390,60.861,29.970,MC,SPT,0.0,hammerstone,Sequence info,onanvil,None,e_onanvil,,POINT,18.085,18.085,NA,Y:/capuchin_coiba/archive/rawdata/camera_trap_images/renamed_data/R11/CEBUS-02-R11/CEBUS-02-R11__2022-02-12__18-02-31.MP4,542,542,,,FRE,
CEBUS-02-R11__2022-02-12__18-02-31,2025-08-27 21:51:05,corrected by LR,Media file,player #1:Y:/capuchin_coiba/archive/rawdata/camera_trap_images/renamed_data/R11/CEBUS-02-R11/CEBUS-02-R11__2022-02-12__18-02-31.MP4,0.0,23.390,60.861,29.970,MC,SPT,0.0,pound,Behavior,stand,tailsupport,None,,POINT,19.887,19.887,NA,Y:/capuchin_coiba/archive/rawdata/camera_trap_images/renamed_data/R11/CEBUS-02-R11/CEBUS-02-R11__2022-02-12__18-02-31.MP4,596,596,,,,
CEBUS-02-R11__2022-02-12__18-02-31,2025-08-27 21:51:05,corrected by LR,Media file,player #1:Y:/capuchin_coiba/archive/rawdata/camera_trap_images/renamed_data/R11/CEBUS-02-R11/CEBUS-02-R11__2022-02-12__18-02-31.MP4,0.0,23.390,60.861,29.970,MC,SPT,0.0,pound,Behavior,stand,tailsupport,None,,POINT,21.922,21.922,NA,Y:/capuchin_coiba/archive/rawdata/camera_trap_images/renamed_data/R11/CEBUS-02-R11/CEBUS-02-R11__2022-02-12__18-02-31.MP4,657,657,,,,
CEBUS-02-R11__2022-02-12__18-02-31,2025-08-27 21:51:05,corrected by LR,Media file,player #1:Y:/capuchin_coiba/archive/rawdata/camera_trap_images/renamed_data/R11/CEBUS-02-R11/CEBUS-02-R11__2022-02-12__18-02-31.MP4,0.0,23.390,60.861,29.970,MC,SPT,0.0,seqend,Sequence info,opened,None,None,None,POINT,23.390,23.390,NA,Y:/capuchin_coiba/archive/rawdata/camera_trap_images/renamed_data/R11/CEBUS-02-R11/CEBUS-02-R11__2022-02-12__18-02-31.MP4,701,701,,,,
CEBUS-02-R11__2022-02-12__18-05-32,2025-08-27 21:52:16,corrected by LR,Media file,player #1:Y:/capuchin_coiba/archive/rawdata/camera_trap_images/renamed_data/R11/CEBUS-02-R11/CEBUS-02-R11__2022-02-12__18-05-32.MP4,0.0,60.843,60.861,29.970,MC,SPT,0.0,seqstart,Sequence info,almendrabrown,,,,POINT,0.000,0.000,NA,Y:/capuchin_coiba/archive/rawdata/camera_trap_images/renamed_data/R11/CEBUS-02-R11/CEBUS-02-R11__2022-02-12__18-05-32.MP4,0,0,,,,
CEBUS-02-R11__2022-02-12__18-05-32,2025-08-27 21:52:16,corrected by LR,Media file,player #1:Y:/capuchin_coiba/archive/rawdata/camera_trap_images/renamed_data/R11/CEBUS-02-R11/CEBUS-02-R11__2022-02-12__18-05-32.MP4,0.0,60.843,60.861,29.970,MC,SPT,0.0,hammerstone,Sequence info,inhand,None,e_onanvil,,POINT,0.100,0.100,NA,Y:/capuchin_coiba/archive/rawdata/camera_trap_images/renamed_data/R11/CEBUS-02-R11/CEBUS-02-R11__2022-02-12__18-05-32.MP4,3,3,,,FRE,
CEBUS-02-R11__2022-02-12__18-05-32,2025-08-27 21:52:16,corrected by LR,Media file,player #1:Y:/capuchin_coiba/archive/rawdata/camera_trap_images/renamed_data/R11/CEBUS-02-R11/CEBUS-02-R11__2022-02-12__18-05-32.MP4,0.0,60.843,60.861,29.970,MC,SPT,0.0,pound,Behavior,stand,None,None,,POINT,0.400,0.400,NA,Y:/capuchin_coiba/archive/rawdata/camera_trap_images/renamed_data/R11/CEBUS-02-R11/CEBUS-02-R11__2022-02-12__18-05-32.MP4,12,12,,,,
CEBUS-02-R11__2022-02-12__18-05-32,2025-08-27 21:52:16,corrected by LR,Media file,player #1:Y:/capuchin_coiba/archive/rawdata/camera_trap_images/renamed_data/R11/CEBUS-02-R11/CEBUS-02-R11__2022-02-12__18-05-32.MP4,0.0,60.843,60.861,29.970,MC,SPT,0.0,pound,Behavior,stand,None,None,,POINT,1.969,1.969,NA,Y:/capuchin_coiba/archive/rawdata/camera_trap_images/renamed_data/R11/CEBUS-02-R11/CEBUS-02-R11__2022-02-12__18-05-32.MP4,59,59,,,,
CEBUS-02-R11__2022-02-12__18-05-32,2025-08-27 21:52:16,corrected by LR,Media file,player #1:Y:/capuchin_coiba/archive/rawdata/camera_trap_images/renamed_data/R11/CEBUS-02-R11/CEBUS-02-R11__2022-02-12__18-05-32.MP4,0.0,60.843,60.861,29.970,MC,SPT,0.0,pound,Behavior,stand,None,None,,POINT,3.837,3.837,NA,Y:/capuchin_coiba/archive/rawdata/camera_trap_images/renamed_data/R11/CEBUS-02-R11/CEBUS-02-R11__2022-02-12__18-05-32.MP4,115,115,,,,
CEBUS-02-R11__2022-02-12__18-05-32,2025-08-27 21:52:16,corrected by LR,Media file,player #1:Y:/capuchin_coiba/archive/rawdata/camera_trap_images/renamed_data/R11/CEBUS-02-R11/CEBUS-02-R11__2022-02-12__18-05-32.MP4,0.0,60.843,60.861,29.970,MC,SPT,0.0,pound,Behavior,stand,None,None,,POINT,5.506,5.506,NA,Y:/capuchin_coiba/archive/rawdata/camera_trap_images/renamed_data/R11/CEBUS-02-R11/CEBUS-02-R11__2022-02-12__18-05-32.MP4,165,165,,,,
CEBUS-02-R11__2022-02-12__18-05-32,2025-08-27 21:52:16,corrected by LR,Media file,player #1:Y:/capuchin_coiba/archive/rawdata/camera_trap_images/renamed_data/R11/CEBUS-02-R11/CEBUS-02-R11__2022-02-12__18-05-32.MP4,0.0,60.843,60.861,29.970,MC,SPT,0.0,reposit,Behavior,peel,,,,POINT,8.342,8.342,NA,Y:/capuchin_coiba/archive/rawdata/camera_trap_images/renamed_data/R11/CEBUS-02-R11/CEBUS-02-R11__2022-02-12__18-05-32.MP4,250,250,,,,
CEBUS-02-R11__2022-02-12__18-05-32,2025-08-27 21:52:16,corrected by LR,Media file,player #1:Y:/capuchin_coiba/archive/rawdata/camera_trap_images/renamed_data/R11/CEBUS-02-R11/CEBUS-02-R11__2022-02-12__18-05-32.MP4,0.0,60.843,60.861,29.970,MC,SPT,0.0,pound,Behavior,crouch,None,None,,POINT,9.743,9.743,NA,Y:/capuchin_coiba/archive/rawdata/camera_trap_images/renamed_data/R11/CEBUS-02-R11/CEBUS-02-R11__2022-02-12__18-05-32.MP4,292,292,,,,
CEBUS-02-R11__2022-02-12__18-05-32,2025-08-27 21:52:16,corrected by LR,Media file,player #1:Y:/capuchin_coiba/archive/rawdata/camera_trap_images/renamed_data/R11/CEBUS-02-R11/CEBUS-02-R11__2022-02-12__18-05-32.MP4,0.0,60.843,60.861,29.970,MC,SPT,0.0,seqend,Sequence info,opened,noscrounging,nodisplacement,noattention,POINT,12.613,12.613,NA,Y:/capuchin_coiba/archive/rawdata/camera_trap_images/renamed_data/R11/CEBUS-02-R11/CEBUS-02-R11__2022-02-12__18-05-32.MP4,378,378,,,,
CEBUS-02-R11__2022-02-12__18-05-32,2025-08-27 21:52:16,corrected by LR,Media file,player #1:Y:/capuchin_coiba/archive/rawdata/camera_trap_images/renamed_data/R11/CEBUS-02-R11/CEBUS-02-R11__2022-02-12__18-05-32.MP4,0.0,60.843,60.861,29.970,MC,SPT,0.0,seqstart,Sequence info,almendrabrown,,,,POINT,47.915,47.915,NA,Y:/capuchin_coiba/archive/rawdata/camera_trap_images/renamed_data/R11/CEBUS-02-R11/CEBUS-02-R11__2022-02-12__18-05-32.MP4,1436,1436,,,,
CEBUS-02-R11__2022-02-12__18-05-32,2025-08-27 21:52:16,corrected by LR,Media file,player #1:Y:/capuchin_coiba/archive/rawdata/camera_trap_images/renamed_data/R11/CEBUS-02-R11/CEBUS-02-R11__2022-02-12__18-05-32.MP4,0.0,60.843,60.861,29.970,MC,SPT,0.0,hammerstone,Sequence info,onanvil,None,e_onanvil,,POINT,48.015,48.015,NA,Y:/capuchin_coiba/archive/rawdata/camera_trap_images/renamed_data/R11/CEBUS-02-R11/CEBUS-02-R11__2022-02-12__18-05-32.MP4,1439,1439,,,FRE,
CEBUS-02-R11__2022-02-12__18-05-32,2025-08-27 21:52:16,corrected by LR,Media file,player #1:Y:/capuchin_coiba/archive/rawdata/camera_trap_images/renamed_data/R11/CEBUS-02-R11/CEBUS-02-R11__2022-02-12__18-05-32.MP4,0.0,60.843,60.861,29.970,MC,SPT,0.0,pound,Behavior,stand,None,overhead,,POINT,49.082,49.082,NA,Y:/capuchin_coiba/archive/rawdata/camera_trap_images/renamed_data/R11/CEBUS-02-R11/CEBUS-02-R11__2022-02-12__18-05-32.MP4,1471,1471,,,,
CEBUS-02-R11__2022-02-12__18-05-32,2025-08-27 21:52:16,corrected by LR,Media file,player #1:Y:/capuchin_coiba/archive/rawdata/camera_trap_images/renamed_data/R11/CEBUS-02-R11/CEBUS-02-R11__2022-02-12__18-05-32.MP4,0.0,60.843,60.861,29.970,MC,SPT,0.0,pound,Behavior,stand,None,None,,POINT,50.484,50.484,NA,Y:/capuchin_coiba/archive/rawdata/camera_trap_images/renamed_data/R11/CEBUS-02-R11/CEBUS-02-R11__2022-02-12__18-05-32.MP4,1513,1513,,,,
CEBUS-02-R11__2022-02-12__18-05-32,2025-08-27 21:52:16,corrected by LR,Media file,player #1:Y:/capuchin_coiba/archive/rawdata/camera_trap_images/renamed_data/R11/CEBUS-02-R11/CEBUS-02-R11__2022-02-12__18-05-32.MP4,0.0,60.843,60.861,29.970,MC,SPT,0.0,seqend,Sequence info,opened,noscrounging,nodisplacement,noattention,POINT,53.086,53.086,NA,Y:/capuchin_coiba/archive/rawdata/camera_trap_images/renamed_data/R11/CEBUS-02-R11/CEBUS-02-R11__2022-02-12__18-05-32.MP4,1591,1591,,,,
CEBUS-02-R11__2022-02-12__18-05-32,2025-08-27 21:52:16,corrected by LR,Media file,player #1:Y:/capuchin_coiba/archive/rawdata/camera_trap_images/renamed_data/R11/CEBUS-02-R11/CEBUS-02-R11__2022-02-12__18-05-32.MP4,0.0,60.843,60.861,29.970,MC,SPT,0.0,seqstart,Sequence info,almendragreen,,,,POINT,58.759,58.759,NA,Y:/capuchin_coiba/archive/rawdata/camera_trap_images/renamed_data/R11/CEBUS-02-R11/CEBUS-02-R11__2022-02-12__18-05-32.MP4,1761,1761,,,,
CEBUS-02-R11__2022-02-12__18-05-32,2025-08-27 21:52:16,corrected by LR,Media file,player #1:Y:/capuchin_coiba/archive/rawdata/camera_trap_images/renamed_data/R11/CEBUS-02-R11/CEBUS-02-R11__2022-02-12__18-05-32.MP4,0.0,60.843,60.861,29.970,MC,SPT,0.0,hammerstone,Sequence info,onanvil,None,e_onanvil,,POINT,58.859,58.859,NA,Y:/capuchin_coiba/archive/rawdata/camera_trap_images/renamed_data/R11/CEBUS-02-R11/CEBUS-02-R11__2022-02-12__18-05-32.MP4,1764,1764,,,FRE,
CEBUS-02-R11__2022-02-12__18-05-32,2025-08-27 21:52:16,corrected by LR,Media file,player #1:Y:/capuchin_coiba/archive/rawdata/camera_trap_images/renamed_data/R11/CEBUS-02-R11/CEBUS-02-R11__2022-02-12__18-05-32.MP4,0.0,60.843,60.861,29.970,MC,SPT,0.0,pound,Behavior,stand,tailsupport,None,,POINT,59.860,59.860,NA,Y:/capuchin_coiba/archive/rawdata/camera_trap_images/renamed_data/R11/CEBUS-02-R11/CEBUS-02-R11__2022-02-12__18-05-32.MP4,1794,1794,,,,
CEBUS-02-R11__2022-02-12__18-05-32,2025-08-27 21:52:16,corrected by LR,Media file,player #1:Y:/capuchin_coiba/archive/rawdata/camera_trap_images/renamed_data/R11/CEBUS-02-R11/CEBUS-02-R11__2022-02-12__18-05-32.MP4,0.0,60.843,60.861,29.970,MC,SPT,0.0,pound,Behavior,stand,tailsupport,None,,POINT,60.761,60.761,NA,Y:/capuchin_coiba/archive/rawdata/camera_trap_images/renamed_data/R11/CEBUS-02-R11/CEBUS-02-R11__2022-02-12__18-05-32.MP4,1821,1821,,,,
CEBUS-02-R11__2022-02-12__18-05-32,2025-08-27 21:52:16,corrected by LR,Media file,player #1:Y:/capuchin_coiba/archive/rawdata/camera_trap_images/renamed_data/R11/CEBUS-02-R11/CEBUS-02-R11__2022-02-12__18-05-32.MP4,0.0,60.843,60.861,29.970,MC,SPT,0.0,seqend,Sequence info,None,noscrounging,nodisplacement,noattention,POINT,60.843,60.843,NA,Y:/capuchin_coiba/archive/rawdata/camera_trap_images/renamed_data/R11/CEBUS-02-R11/CEBUS-02-R11__2022-02-12__18-05-32.MP4,1823,1823,,,"ending missed, eats in next video",
CEBUS-02-R11__2022-02-12__18-06-38,2025-08-27 21:55:23,corrected by LR,Media file,player #1:Y:/capuchin_coiba/archive/rawdata/camera_trap_images/renamed_data/R11/CEBUS-02-R11/CEBUS-02-R11__2022-02-12__18-06-38.MP4,0.0,16.584,60.861,29.970,MC,SPT,0.0,seqstart,Sequence info,almendrabrown,,,,POINT,28.328,28.328,NA,Y:/capuchin_coiba/archive/rawdata/camera_trap_images/renamed_data/R11/CEBUS-02-R11/CEBUS-02-R11__2022-02-12__18-06-38.MP4,849,849,,,,
CEBUS-02-R11__2022-02-12__18-06-38,2025-08-27 21:55:23,corrected by LR,Media file,player #1:Y:/capuchin_coiba/archive/rawdata/camera_trap_images/renamed_data/R11/CEBUS-02-R11/CEBUS-02-R11__2022-02-12__18-06-38.MP4,0.0,16.584,60.861,29.970,MC,SPT,0.0,hammerstone,Sequence info,onanvil,None,e_onanvil,,POINT,28.462,28.462,NA,Y:/capuchin_coiba/archive/rawdata/camera_trap_images/renamed_data/R11/CEBUS-02-R11/CEBUS-02-R11__2022-02-12__18-06-38.MP4,853,853,,,FRE,
CEBUS-02-R11__2022-02-12__18-06-38,2025-08-27 21:55:23,corrected by LR,Media file,player #1:Y:/capuchin_coiba/archive/rawdata/camera_trap_images/renamed_data/R11/CEBUS-02-R11/CEBUS-02-R11__2022-02-12__18-06-38.MP4,0.0,16.584,60.861,29.970,MC,SPT,0.0,pound,Behavior,stand,tailsupport,None,,POINT,30.564,30.564,NA,Y:/capuchin_coiba/archive/rawdata/camera_trap_images/renamed_data/R11/CEBUS-02-R11/CEBUS-02-R11__2022-02-12__18-06-38.MP4,916,916,,,,
CEBUS-02-R11__2022-02-12__18-06-38,2025-08-27 21:55:23,corrected by LR,Media file,player #1:Y:/capuchin_coiba/archive/rawdata/camera_trap_images/renamed_data/R11/CEBUS-02-R11/CEBUS-02-R11__2022-02-12__18-06-38.MP4,0.0,16.584,60.861,29.970,MC,SPT,0.0,pound,Behavior,stand,tailsupport,None,,POINT,32.199,32.199,NA,Y:/capuchin_coiba/archive/rawdata/camera_trap_images/renamed_data/R11/CEBUS-02-R11/CEBUS-02-R11__2022-02-12__18-06-38.MP4,965,965,,,,
CEBUS-02-R11__2022-02-12__18-06-38,2025-08-27 21:55:23,corrected by LR,Media file,player #1:Y:/capuchin_coiba/archive/rawdata/camera_trap_images/renamed_data/R11/CEBUS-02-R11/CEBUS-02-R11__2022-02-12__18-06-38.MP4,0.0,16.584,60.861,29.970,MC,SPT,0.0,pound,Behavior,stand,tailsupport,overhead,,POINT,33.734,33.734,NA,Y:/capuchin_coiba/archive/rawdata/camera_trap_images/renamed_data/R11/CEBUS-02-R11/CEBUS-02-R11__2022-02-12__18-06-38.MP4,1011,1011,,,,
CEBUS-02-R11__2022-02-12__18-06-38,2025-08-27 21:55:23,corrected by LR,Media file,player #1:Y:/capuchin_coiba/archive/rawdata/camera_trap_images/renamed_data/R11/CEBUS-02-R11/CEBUS-02-R11__2022-02-12__18-06-38.MP4,0.0,16.584,60.861,29.970,MC,SPT,0.0,pound,Behavior,stand,None,None,,POINT,35.569,35.569,NA,Y:/capuchin_coiba/archive/rawdata/camera_trap_images/renamed_data/R11/CEBUS-02-R11/CEBUS-02-R11__2022-02-12__18-06-38.MP4,1066,1066,,,,
CEBUS-02-R11__2022-02-12__18-06-38,2025-08-27 21:55:23,corrected by LR,Media file,player #1:Y:/capuchin_coiba/archive/rawdata/camera_trap_images/renamed_data/R11/CEBUS-02-R11/CEBUS-02-R11__2022-02-12__18-06-38.MP4,0.0,16.584,60.861,29.970,MC,SPT,0.0,pound,Behavior,stand,None,None,,POINT,37.037,37.037,NA,Y:/capuchin_coiba/archive/rawdata/camera_trap_images/renamed_data/R11/CEBUS-02-R11/CEBUS-02-R11__2022-02-12__18-06-38.MP4,1110,1110,,,,
CEBUS-02-R11__2022-02-12__18-06-38,2025-08-27 21:55:23,corrected by LR,Media file,player #1:Y:/capuchin_coiba/archive/rawdata/camera_trap_images/renamed_data/R11/CEBUS-02-R11/CEBUS-02-R11__2022-02-12__18-06-38.MP4,0.0,16.584,60.861,29.970,MC,SPT,0.0,pound,Behavior,stand,None,None,,POINT,38.438,38.438,NA,Y:/capuchin_coiba/archive/rawdata/camera_trap_images/renamed_data/R11/CEBUS-02-R11/CEBUS-02-R11__2022-02-12__18-06-38.MP4,1152,1152,,,,
CEBUS-02-R11__2022-02-12__18-06-38,2025-08-27 21:55:23,corrected by LR,Media file,player #1:Y:/capuchin_coiba/archive/rawdata/camera_trap_images/renamed_data/R11/CEBUS-02-R11/CEBUS-02-R11__2022-02-12__18-06-38.MP4,0.0,16.584,60.861,29.970,MC,SPT,0.0,reposit,Behavior,item,,,,POINT,38.839,38.839,NA,Y:/capuchin_coiba/archive/rawdata/camera_trap_images/renamed_data/R11/CEBUS-02-R11/CEBUS-02-R11__2022-02-12__18-06-38.MP4,1164,1164,,,,
CEBUS-02-R11__2022-02-12__18-06-38,2025-08-27 21:55:23,corrected by LR,Media file,player #1:Y:/capuchin_coiba/archive/rawdata/camera_trap_images/renamed_data/R11/CEBUS-02-R11/CEBUS-02-R11__2022-02-12__18-06-38.MP4,0.0,16.584,60.861,29.970,MC,SPT,0.0,pound,Behavior,stand,None,None,,POINT,40.574,40.574,NA,Y:/capuchin_coiba/archive/rawdata/camera_trap_images/renamed_data/R11/CEBUS-02-R11/CEBUS-02-R11__2022-02-12__18-06-38.MP4,1216,1216,,,,
CEBUS-02-R11__2022-02-12__18-06-38,2025-08-27 21:55:23,corrected by LR,Media file,player #1:Y:/capuchin_coiba/archive/rawdata/camera_trap_images/renamed_data/R11/CEBUS-02-R11/CEBUS-02-R11__2022-02-12__18-06-38.MP4,0.0,16.584,60.861,29.970,MC,SPT,0.0,pound,Behavior,stand,None,None,,POINT,42.109,42.109,NA,Y:/capuchin_coiba/archive/rawdata/camera_trap_images/renamed_data/R11/CEBUS-02-R11/CEBUS-02-R11__2022-02-12__18-06-38.MP4,1262,1262,,,,
CEBUS-02-R11__2022-02-12__18-06-38,2025-08-27 21:55:23,corrected by LR,Media file,player #1:Y:/capuchin_coiba/archive/rawdata/camera_trap_images/renamed_data/R11/CEBUS-02-R11/CEBUS-02-R11__2022-02-12__18-06-38.MP4,0.0,16.584,60.861,29.970,MC,SPT,0.0,seqend,Sequence info,opened,noscrounging,nodisplacement,noattention,POINT,44.912,44.912,NA,Y:/capuchin_coiba/archive/rawdata/camera_trap_images/renamed_data/R11/CEBUS-02-R11/CEBUS-02-R11__2022-02-12__18-06-38.MP4,1346,1346,,,,
CEBUS-02-R11__2022-02-12__18-09-48,2025-08-27 21:56:36,corrected by LR,Media file,player #1:Y:/capuchin_coiba/archive/rawdata/camera_trap_images/renamed_data/R11/CEBUS-02-R11/CEBUS-02-R11__2022-02-12__18-09-48.MP4,0.0,50.484,60.861,29.970,MC,TOM,0.0,seqstart,Sequence info,almendrabrown,,,,POINT,0.000,0.000,NA,Y:/capuchin_coiba/archive/rawdata/camera_trap_images/renamed_data/R11/CEBUS-02-R11/CEBUS-02-R11__2022-02-12__18-09-48.MP4,0,0,,,,
CEBUS-02-R11__2022-02-12__18-09-48,2025-08-27 21:56:36,corrected by LR,Media file,player #1:Y:/capuchin_coiba/archive/rawdata/camera_trap_images/renamed_data/R11/CEBUS-02-R11/CEBUS-02-R11__2022-02-12__18-09-48.MP4,0.0,50.484,60.861,29.970,MC,TOM,0.0,hammerstone,Sequence info,inhand,None,e_onanvil,,POINT,0.067,0.067,NA,Y:/capuchin_coiba/archive/rawdata/camera_trap_images/renamed_data/R11/CEBUS-02-R11/CEBUS-02-R11__2022-02-12__18-09-48.MP4,2,2,,,FRE,
CEBUS-02-R11__2022-02-12__18-09-48,2025-08-27 21:56:36,corrected by LR,Media file,player #1:Y:/capuchin_coiba/archive/rawdata/camera_trap_images/renamed_data/R11/CEBUS-02-R11/CEBUS-02-R11__2022-02-12__18-09-48.MP4,0.0,50.484,60.861,29.970,MC,TOM,0.0,pound,Behavior,stand,None,None,,POINT,0.467,0.467,NA,Y:/capuchin_coiba/archive/rawdata/camera_trap_images/renamed_data/R11/CEBUS-02-R11/CEBUS-02-R11__2022-02-12__18-09-48.MP4,14,14,,,,
CEBUS-02-R11__2022-02-12__18-09-48,2025-08-27 21:56:36,corrected by LR,Media file,player #1:Y:/capuchin_coiba/archive/rawdata/camera_trap_images/renamed_data/R11/CEBUS-02-R11/CEBUS-02-R11__2022-02-12__18-09-48.MP4,0.0,50.484,60.861,29.970,MC,TOM,0.0,pound,Behavior,stand,None,None,,POINT,2.336,2.336,NA,Y:/capuchin_coiba/archive/rawdata/camera_trap_images/renamed_data/R11/CEBUS-02-R11/CEBUS-02-R11__2022-02-12__18-09-48.MP4,70,70,,,,
CEBUS-02-R11__2022-02-12__18-09-48,2025-08-27 21:56:36,corrected by LR,Media file,player #1:Y:/capuchin_coiba/archive/rawdata/camera_trap_images/renamed_data/R11/CEBUS-02-R11/CEBUS-02-R11__2022-02-12__18-09-48.MP4,0.0,50.484,60.861,29.970,MC,TOM,0.0,pound,Behavior,stand,None,None,,POINT,4.338,4.338,NA,Y:/capuchin_coiba/archive/rawdata/camera_trap_images/renamed_data/R11/CEBUS-02-R11/CEBUS-02-R11__2022-02-12__18-09-48.MP4,130,130,,,,
CEBUS-02-R11__2022-02-12__18-09-48,2025-08-27 21:56:36,corrected by LR,Media file,player #1:Y:/capuchin_coiba/archive/rawdata/camera_trap_images/renamed_data/R11/CEBUS-02-R11/CEBUS-02-R11__2022-02-12__18-09-48.MP4,0.0,50.484,60.861,29.970,MC,TOM,0.0,seqend,Sequence info,opened,None,None,None,POINT,9.009,9.009,NA,Y:/capuchin_coiba/archive/rawdata/camera_trap_images/renamed_data/R11/CEBUS-02-R11/CEBUS-02-R11__2022-02-12__18-09-48.MP4,270,270,,,,
CEBUS-02-R11__2022-02-12__18-09-48,2025-08-27 21:56:36,corrected by LR,Media file,player #1:Y:/capuchin_coiba/archive/rawdata/camera_trap_images/renamed_data/R11/CEBUS-02-R11/CEBUS-02-R11__2022-02-12__18-09-48.MP4,0.0,50.484,60.861,29.970,MC,TOM,0.0,seqstart,Sequence info,almendrabrown,,,,POINT,20.454,20.454,NA,Y:/capuchin_coiba/archive/rawdata/camera_trap_images/renamed_data/R11/CEBUS-02-R11/CEBUS-02-R11__2022-02-12__18-09-48.MP4,613,613,,,,
CEBUS-02-R11__2022-02-12__18-09-48,2025-08-27 21:56:36,corrected by LR,Media file,player #1:Y:/capuchin_coiba/archive/rawdata/camera_trap_images/renamed_data/R11/CEBUS-02-R11/CEBUS-02-R11__2022-02-12__18-09-48.MP4,0.0,50.484,60.861,29.970,MC,TOM,0.0,hammerstone,Sequence info,onanvil,None,e_onanvil,,POINT,20.587,20.587,NA,Y:/capuchin_coiba/archive/rawdata/camera_trap_images/renamed_data/R11/CEBUS-02-R11/CEBUS-02-R11__2022-02-12__18-09-48.MP4,617,617,,,FRE,
CEBUS-02-R11__2022-02-12__18-09-48,2025-08-27 21:56:36,corrected by LR,Media file,player #1:Y:/capuchin_coiba/archive/rawdata/camera_trap_images/renamed_data/R11/CEBUS-02-R11/CEBUS-02-R11__2022-02-12__18-09-48.MP4,0.0,50.484,60.861,29.970,MC,TOM,0.0,pound,Behavior,stand,None,None,,POINT,24.658,24.658,NA,Y:/capuchin_coiba/archive/rawdata/camera_trap_images/renamed_data/R11/CEBUS-02-R11/CEBUS-02-R11__2022-02-12__18-09-48.MP4,739,739,,,,
CEBUS-02-R11__2022-02-12__18-09-48,2025-08-27 21:56:36,corrected by LR,Media file,player #1:Y:/capuchin_coiba/archive/rawdata/camera_trap_images/renamed_data/R11/CEBUS-02-R11/CEBUS-02-R11__2022-02-12__18-09-48.MP4,0.0,50.484,60.861,29.970,MC,TOM,0.0,pound,Behavior,stand,None,None,,POINT,25.926,25.926,NA,Y:/capuchin_coiba/archive/rawdata/camera_trap_images/renamed_data/R11/CEBUS-02-R11/CEBUS-02-R11__2022-02-12__18-09-48.MP4,777,777,,,,
CEBUS-02-R11__2022-02-12__18-09-48,2025-08-27 21:56:36,corrected by LR,Media file,player #1:Y:/capuchin_coiba/archive/rawdata/camera_trap_images/renamed_data/R11/CEBUS-02-R11/CEBUS-02-R11__2022-02-12__18-09-48.MP4,0.0,50.484,60.861,29.970,MC,TOM,0.0,reposit,Behavior,item,,,,POINT,27.527,27.527,NA,Y:/capuchin_coiba/archive/rawdata/camera_trap_images/renamed_data/R11/CEBUS-02-R11/CEBUS-02-R11__2022-02-12__18-09-48.MP4,825,825,,,,
CEBUS-02-R11__2022-02-12__18-09-48,2025-08-27 21:56:36,corrected by LR,Media file,player #1:Y:/capuchin_coiba/archive/rawdata/camera_trap_images/renamed_data/R11/CEBUS-02-R11/CEBUS-02-R11__2022-02-12__18-09-48.MP4,0.0,50.484,60.861,29.970,MC,TOM,0.0,pound,Behavior,stand,None,None,,POINT,28.428,28.428,NA,Y:/capuchin_coiba/archive/rawdata/camera_trap_images/renamed_data/R11/CEBUS-02-R11/CEBUS-02-R11__2022-02-12__18-09-48.MP4,852,852,,,and then peels for a long time,
CEBUS-02-R11__2022-02-12__18-09-48,2025-08-27 21:56:36,corrected by LR,Media file,player #1:Y:/capuchin_coiba/archive/rawdata/camera_trap_images/renamed_data/R11/CEBUS-02-R11/CEBUS-02-R11__2022-02-12__18-09-48.MP4,0.0,50.484,60.861,29.970,MC,TOM,0.0,seqend,Sequence info,opened,None,None,None,POINT,50.484,50.484,NA,Y:/capuchin_coiba/archive/rawdata/camera_trap_images/renamed_data/R11/CEBUS-02-R11/CEBUS-02-R11__2022-02-12__18-09-48.MP4,1513,1513,,,,
CEBUS-02-R11__2022-03-01__06-38-23,2025-08-27 21:57:59,corrected by LR,Media file,player #1:Y:/capuchin_coiba/archive/rawdata/camera_trap_images/renamed_data/R11/CEBUS-02-R11/CEBUS-02-R11__2022-03-01__06-38-23.MP4,0.0,40.407,60.527,29.970,MC,SPT,0.0,seqstart,Sequence info,almendraunknown,,,,POINT,0.000,0.000,NA,Y:/capuchin_coiba/archive/rawdata/camera_trap_images/renamed_data/R11/CEBUS-02-R11/CEBUS-02-R11__2022-03-01__06-38-23.MP4,0,0,,,,
CEBUS-02-R11__2022-03-01__06-38-23,2025-08-27 21:57:59,corrected by LR,Media file,player #1:Y:/capuchin_coiba/archive/rawdata/camera_trap_images/renamed_data/R11/CEBUS-02-R11/CEBUS-02-R11__2022-03-01__06-38-23.MP4,0.0,40.407,60.527,29.970,MC,SPT,0.0,hammerstone,Sequence info,onanvil,None,e_onanvil,,POINT,0.100,0.100,NA,Y:/capuchin_coiba/archive/rawdata/camera_trap_images/renamed_data/R11/CEBUS-02-R11/CEBUS-02-R11__2022-03-01__06-38-23.MP4,3,3,,,FRE,
CEBUS-02-R11__2022-03-01__06-38-23,2025-08-27 21:57:59,corrected by LR,Media file,player #1:Y:/capuchin_coiba/archive/rawdata/camera_trap_images/renamed_data/R11/CEBUS-02-R11/CEBUS-02-R11__2022-03-01__06-38-23.MP4,0.0,40.407,60.527,29.970,MC,SPT,0.0,pound,Behavior,stand,tailsupport,None,,POINT,2.402,2.402,NA,Y:/capuchin_coiba/archive/rawdata/camera_trap_images/renamed_data/R11/CEBUS-02-R11/CEBUS-02-R11__2022-03-01__06-38-23.MP4,72,72,,,,
CEBUS-02-R11__2022-03-01__06-38-23,2025-08-27 21:57:59,corrected by LR,Media file,player #1:Y:/capuchin_coiba/archive/rawdata/camera_trap_images/renamed_data/R11/CEBUS-02-R11/CEBUS-02-R11__2022-03-01__06-38-23.MP4,0.0,40.407,60.527,29.970,MC,SPT,0.0,pound,Behavior,stand,tailsupport,None,,POINT,4.071,4.071,NA,Y:/capuchin_coiba/archive/rawdata/camera_trap_images/renamed_data/R11/CEBUS-02-R11/CEBUS-02-R11__2022-03-01__06-38-23.MP4,122,122,,,,
CEBUS-02-R11__2022-03-01__06-38-23,2025-08-27 21:57:59,corrected by LR,Media file,player #1:Y:/capuchin_coiba/archive/rawdata/camera_trap_images/renamed_data/R11/CEBUS-02-R11/CEBUS-02-R11__2022-03-01__06-38-23.MP4,0.0,40.407,60.527,29.970,MC,SPT,0.0,pound,Behavior,crouch,None,None,,POINT,5.906,5.906,NA,Y:/capuchin_coiba/archive/rawdata/camera_trap_images/renamed_data/R11/CEBUS-02-R11/CEBUS-02-R11__2022-03-01__06-38-23.MP4,177,177,,,,
CEBUS-02-R11__2022-03-01__06-38-23,2025-08-27 21:57:59,corrected by LR,Media file,player #1:Y:/capuchin_coiba/archive/rawdata/camera_trap_images/renamed_data/R11/CEBUS-02-R11/CEBUS-02-R11__2022-03-01__06-38-23.MP4,0.0,40.407,60.527,29.970,MC,SPT,0.0,seqend,Sequence info,opened,None,None,None,POINT,9.009,9.009,NA,Y:/capuchin_coiba/archive/rawdata/camera_trap_images/renamed_data/R11/CEBUS-02-R11/CEBUS-02-R11__2022-03-01__06-38-23.MP4,270,270,,,,
CEBUS-02-R11__2022-03-01__06-38-23,2025-08-27 21:57:59,corrected by LR,Media file,player #1:Y:/capuchin_coiba/archive/rawdata/camera_trap_images/renamed_data/R11/CEBUS-02-R11/CEBUS-02-R11__2022-03-01__06-38-23.MP4,0.0,40.407,60.527,29.970,MC,SPT,0.0,seqstart,Sequence info,almendraunknown,,,,POINT,31.532,31.532,NA,Y:/capuchin_coiba/archive/rawdata/camera_trap_images/renamed_data/R11/CEBUS-02-R11/CEBUS-02-R11__2022-03-01__06-38-23.MP4,945,945,,,,
CEBUS-02-R11__2022-03-01__06-38-23,2025-08-27 21:57:59,corrected by LR,Media file,player #1:Y:/capuchin_coiba/archive/rawdata/camera_trap_images/renamed_data/R11/CEBUS-02-R11/CEBUS-02-R11__2022-03-01__06-38-23.MP4,0.0,40.407,60.527,29.970,MC,SPT,0.0,hammerstone,Sequence info,onanvil,None,e_onanvil,,POINT,31.632,31.632,NA,Y:/capuchin_coiba/archive/rawdata/camera_trap_images/renamed_data/R11/CEBUS-02-R11/CEBUS-02-R11__2022-03-01__06-38-23.MP4,948,948,,,FRE,
CEBUS-02-R11__2022-03-01__06-38-23,2025-08-27 21:57:59,corrected by LR,Media file,player #1:Y:/capuchin_coiba/archive/rawdata/camera_trap_images/renamed_data/R11/CEBUS-02-R11/CEBUS-02-R11__2022-03-01__06-38-23.MP4,0.0,40.407,60.527,29.970,MC,SPT,0.0,pound,Behavior,stand,None,None,,POINT,32.599,32.599,NA,Y:/capuchin_coiba/archive/rawdata/camera_trap_images/renamed_data/R11/CEBUS-02-R11/CEBUS-02-R11__2022-03-01__06-38-23.MP4,977,977,,,,
CEBUS-02-R11__2022-03-01__06-38-23,2025-08-27 21:57:59,corrected by LR,Media file,player #1:Y:/capuchin_coiba/archive/rawdata/camera_trap_images/renamed_data/R11/CEBUS-02-R11/CEBUS-02-R11__2022-03-01__06-38-23.MP4,0.0,40.407,60.527,29.970,MC,SPT,0.0,pound,Behavior,stand,tailsupport,overhead,,POINT,34.067,34.067,NA,Y:/capuchin_coiba/archive/rawdata/camera_trap_images/renamed_data/R11/CEBUS-02-R11/CEBUS-02-R11__2022-03-01__06-38-23.MP4,1021,1021,,,,
CEBUS-02-R11__2022-03-01__06-38-23,2025-08-27 21:57:59,corrected by LR,Media file,player #1:Y:/capuchin_coiba/archive/rawdata/camera_trap_images/renamed_data/R11/CEBUS-02-R11/CEBUS-02-R11__2022-03-01__06-38-23.MP4,0.0,40.407,60.527,29.970,MC,SPT,0.0,pound,Behavior,stand,tailsupport,None,,POINT,35.535,35.535,NA,Y:/capuchin_coiba/archive/rawdata/camera_trap_images/renamed_data/R11/CEBUS-02-R11/CEBUS-02-R11__2022-03-01__06-38-23.MP4,1065,1065,,,,
CEBUS-02-R11__2022-03-01__06-38-23,2025-08-27 21:57:59,corrected by LR,Media file,player #1:Y:/capuchin_coiba/archive/rawdata/camera_trap_images/renamed_data/R11/CEBUS-02-R11/CEBUS-02-R11__2022-03-01__06-38-23.MP4,0.0,40.407,60.527,29.970,MC,SPT,0.0,pound,Behavior,crouch,None,None,,POINT,37.471,37.471,NA,Y:/capuchin_coiba/archive/rawdata/camera_trap_images/renamed_data/R11/CEBUS-02-R11/CEBUS-02-R11__2022-03-01__06-38-23.MP4,1123,1123,,,,
CEBUS-02-R11__2022-03-01__06-38-23,2025-08-27 21:57:59,corrected by LR,Media file,player #1:Y:/capuchin_coiba/archive/rawdata/camera_trap_images/renamed_data/R11/CEBUS-02-R11/CEBUS-02-R11__2022-03-01__06-38-23.MP4,0.0,40.407,60.527,29.970,MC,SPT,0.0,seqend,Sequence info,opened,None,None,None,POINT,40.407,40.407,NA,Y:/capuchin_coiba/archive/rawdata/camera_trap_images/renamed_data/R11/CEBUS-02-R11/CEBUS-02-R11__2022-03-01__06-38-23.MP4,1211,1211,,,,
CEBUS-02-R11__2022-03-01__06-39-45,2025-08-27 21:59:18,corrected by LR,Media file,player #1:Y:/capuchin_coiba/archive/rawdata/camera_trap_images/renamed_data/R11/CEBUS-02-R11/CEBUS-02-R11__2022-03-01__06-39-45.MP4,0.0,7.207,60.560,29.970,MC,SPT,0.0,seqstart,Sequence info,almendraunknown,,,,POINT,0.000,0.000,NA,Y:/capuchin_coiba/archive/rawdata/camera_trap_images/renamed_data/R11/CEBUS-02-R11/CEBUS-02-R11__2022-03-01__06-39-45.MP4,0,0,,,,
CEBUS-02-R11__2022-03-01__06-39-45,2025-08-27 21:59:18,corrected by LR,Media file,player #1:Y:/capuchin_coiba/archive/rawdata/camera_trap_images/renamed_data/R11/CEBUS-02-R11/CEBUS-02-R11__2022-03-01__06-39-45.MP4,0.0,7.207,60.560,29.970,MC,SPT,0.0,hammerstone,Sequence info,inhand,None,e_onanvil,,POINT,0.367,0.367,NA,Y:/capuchin_coiba/archive/rawdata/camera_trap_images/renamed_data/R11/CEBUS-02-R11/CEBUS-02-R11__2022-03-01__06-39-45.MP4,11,11,,,FRE,
CEBUS-02-R11__2022-03-01__06-39-45,2025-08-27 21:59:18,corrected by LR,Media file,player #1:Y:/capuchin_coiba/archive/rawdata/camera_trap_images/renamed_data/R11/CEBUS-02-R11/CEBUS-02-R11__2022-03-01__06-39-45.MP4,0.0,7.207,60.560,29.970,MC,SPT,0.0,pound,Behavior,stand,None,None,,POINT,0.501,0.501,NA,Y:/capuchin_coiba/archive/rawdata/camera_trap_images/renamed_data/R11/CEBUS-02-R11/CEBUS-02-R11__2022-03-01__06-39-45.MP4,15,15,,,,
CEBUS-02-R11__2022-03-01__06-39-45,2025-08-27 21:59:18,corrected by LR,Media file,player #1:Y:/capuchin_coiba/archive/rawdata/camera_trap_images/renamed_data/R11/CEBUS-02-R11/CEBUS-02-R11__2022-03-01__06-39-45.MP4,0.0,7.207,60.560,29.970,MC,SPT,0.0,seqend,Sequence info,opened,None,None,None,POINT,7.207,7.207,NA,Y:/capuchin_coiba/archive/rawdata/camera_trap_images/renamed_data/R11/CEBUS-02-R11/CEBUS-02-R11__2022-03-01__06-39-45.MP4,216,216,,,,
CEBUS-02-R11__2022-03-01__06-42-05,2025-08-27 21:59:55,corrected by LR,Media file,player #1:Y:/capuchin_coiba/archive/rawdata/camera_trap_images/renamed_data/R11/CEBUS-02-R11/CEBUS-02-R11__2022-03-01__06-42-05.MP4,0.0,60.523,60.527,29.970,MC,SPT,0.0,seqstart,Sequence info,almendraunknown,,,,POINT,0.000,0.000,NA,Y:/capuchin_coiba/archive/rawdata/camera_trap_images/renamed_data/R11/CEBUS-02-R11/CEBUS-02-R11__2022-03-01__06-42-05.MP4,0,0,,,,
CEBUS-02-R11__2022-03-01__06-42-05,2025-08-27 21:59:55,corrected by LR,Media file,player #1:Y:/capuchin_coiba/archive/rawdata/camera_trap_images/renamed_data/R11/CEBUS-02-R11/CEBUS-02-R11__2022-03-01__06-42-05.MP4,0.0,60.523,60.527,29.970,MC,SPT,0.0,hammerstone,Sequence info,inhand,None,e_onanvil,,POINT,0.100,0.100,NA,Y:/capuchin_coiba/archive/rawdata/camera_trap_images/renamed_data/R11/CEBUS-02-R11/CEBUS-02-R11__2022-03-01__06-42-05.MP4,3,3,,,FRE,
CEBUS-02-R11__2022-03-01__06-42-05,2025-08-27 21:59:55,corrected by LR,Media file,player #1:Y:/capuchin_coiba/archive/rawdata/camera_trap_images/renamed_data/R11/CEBUS-02-R11/CEBUS-02-R11__2022-03-01__06-42-05.MP4,0.0,60.523,60.527,29.970,MC,SPT,0.0,pound,Behavior,stand,None,None,,POINT,1.168,1.168,NA,Y:/capuchin_coiba/archive/rawdata/camera_trap_images/renamed_data/R11/CEBUS-02-R11/CEBUS-02-R11__2022-03-01__06-42-05.MP4,35,35,,,,
CEBUS-02-R11__2022-03-01__06-42-05,2025-08-27 21:59:55,corrected by LR,Media file,player #1:Y:/capuchin_coiba/archive/rawdata/camera_trap_images/renamed_data/R11/CEBUS-02-R11/CEBUS-02-R11__2022-03-01__06-42-05.MP4,0.0,60.523,60.527,29.970,MC,SPT,0.0,reposit,Behavior,item,,,,POINT,2.102,2.102,NA,Y:/capuchin_coiba/archive/rawdata/camera_trap_images/renamed_data/R11/CEBUS-02-R11/CEBUS-02-R11__2022-03-01__06-42-05.MP4,63,63,,,,
CEBUS-02-R11__2022-03-01__06-42-05,2025-08-27 21:59:55,corrected by LR,Media file,player #1:Y:/capuchin_coiba/archive/rawdata/camera_trap_images/renamed_data/R11/CEBUS-02-R11/CEBUS-02-R11__2022-03-01__06-42-05.MP4,0.0,60.523,60.527,29.970,MC,SPT,0.0,pound,Behavior,stand,None,None,,POINT,3.537,3.537,NA,Y:/capuchin_coiba/archive/rawdata/camera_trap_images/renamed_data/R11/CEBUS-02-R11/CEBUS-02-R11__2022-03-01__06-42-05.MP4,106,106,,,,
CEBUS-02-R11__2022-03-01__06-42-05,2025-08-27 21:59:55,corrected by LR,Media file,player #1:Y:/capuchin_coiba/archive/rawdata/camera_trap_images/renamed_data/R11/CEBUS-02-R11/CEBUS-02-R11__2022-03-01__06-42-05.MP4,0.0,60.523,60.527,29.970,MC,SPT,0.0,reposit,Behavior,item,,,,POINT,4.037,4.037,NA,Y:/capuchin_coiba/archive/rawdata/camera_trap_images/renamed_data/R11/CEBUS-02-R11/CEBUS-02-R11__2022-03-01__06-42-05.MP4,121,121,,,,
CEBUS-02-R11__2022-03-01__06-42-05,2025-08-27 21:59:55,corrected by LR,Media file,player #1:Y:/capuchin_coiba/archive/rawdata/camera_trap_images/renamed_data/R11/CEBUS-02-R11/CEBUS-02-R11__2022-03-01__06-42-05.MP4,0.0,60.523,60.527,29.970,MC,SPT,0.0,pound,Behavior,crouch,None,None,,POINT,6.473,6.473,NA,Y:/capuchin_coiba/archive/rawdata/camera_trap_images/renamed_data/R11/CEBUS-02-R11/CEBUS-02-R11__2022-03-01__06-42-05.MP4,194,194,,,,
CEBUS-02-R11__2022-03-01__06-42-05,2025-08-27 21:59:55,corrected by LR,Media file,player #1:Y:/capuchin_coiba/archive/rawdata/camera_trap_images/renamed_data/R11/CEBUS-02-R11/CEBUS-02-R11__2022-03-01__06-42-05.MP4,0.0,60.523,60.527,29.970,MC,SPT,0.0,seqend,Sequence info,opened,None,None,None,POINT,10.444,10.444,NA,Y:/capuchin_coiba/archive/rawdata/camera_trap_images/renamed_data/R11/CEBUS-02-R11/CEBUS-02-R11__2022-03-01__06-42-05.MP4,313,313,,,,
CEBUS-02-R11__2022-03-01__06-42-05,2025-08-27 21:59:55,corrected by LR,Media file,player #1:Y:/capuchin_coiba/archive/rawdata/camera_trap_images/renamed_data/R11/CEBUS-02-R11/CEBUS-02-R11__2022-03-01__06-42-05.MP4,0.0,60.523,60.527,29.970,MC,SPT,0.0,seqstart,Sequence info,almendraunknown,,,,POINT,18.385,18.385,NA,Y:/capuchin_coiba/archive/rawdata/camera_trap_images/renamed_data/R11/CEBUS-02-R11/CEBUS-02-R11__2022-03-01__06-42-05.MP4,551,551,,,,
CEBUS-02-R11__2022-03-01__06-42-05,2025-08-27 21:59:55,corrected by LR,Media file,player #1:Y:/capuchin_coiba/archive/rawdata/camera_trap_images/renamed_data/R11/CEBUS-02-R11/CEBUS-02-R11__2022-03-01__06-42-05.MP4,0.0,60.523,60.527,29.970,MC,SPT,0.0,hammerstone,Sequence info,onanvil,None,e_onanvil,,POINT,18.452,18.452,NA,Y:/capuchin_coiba/archive/rawdata/camera_trap_images/renamed_data/R11/CEBUS-02-R11/CEBUS-02-R11__2022-03-01__06-42-05.MP4,553,553,,,FRE,
CEBUS-02-R11__2022-03-01__06-42-05,2025-08-27 21:59:55,corrected by LR,Media file,player #1:Y:/capuchin_coiba/archive/rawdata/camera_trap_images/renamed_data/R11/CEBUS-02-R11/CEBUS-02-R11__2022-03-01__06-42-05.MP4,0.0,60.523,60.527,29.970,MC,SPT,0.0,pound,Behavior,stand,None,None,,POINT,25.192,25.192,NA,Y:/capuchin_coiba/archive/rawdata/camera_trap_images/renamed_data/R11/CEBUS-02-R11/CEBUS-02-R11__2022-03-01__06-42-05.MP4,755,755,,,,
CEBUS-02-R11__2022-03-01__06-42-05,2025-08-27 21:59:55,corrected by LR,Media file,player #1:Y:/capuchin_coiba/archive/rawdata/camera_trap_images/renamed_data/R11/CEBUS-02-R11/CEBUS-02-R11__2022-03-01__06-42-05.MP4,0.0,60.523,60.527,29.970,MC,SPT,0.0,pound,Behavior,stand,None,None,,POINT,26.627,26.627,NA,Y:/capuchin_coiba/archive/rawdata/camera_trap_images/renamed_data/R11/CEBUS-02-R11/CEBUS-02-R11__2022-03-01__06-42-05.MP4,798,798,,,,
CEBUS-02-R11__2022-03-01__06-42-05,2025-08-27 21:59:55,corrected by LR,Media file,player #1:Y:/capuchin_coiba/archive/rawdata/camera_trap_images/renamed_data/R11/CEBUS-02-R11/CEBUS-02-R11__2022-03-01__06-42-05.MP4,0.0,60.523,60.527,29.970,MC,SPT,0.0,seqend,Sequence info,opened,None,None,None,POINT,35.035,35.035,NA,Y:/capuchin_coiba/archive/rawdata/camera_trap_images/renamed_data/R11/CEBUS-02-R11/CEBUS-02-R11__2022-03-01__06-42-05.MP4,1050,1050,,,,
CEBUS-02-R11__2022-03-01__06-42-05,2025-08-27 21:59:55,corrected by LR,Media file,player #1:Y:/capuchin_coiba/archive/rawdata/camera_trap_images/renamed_data/R11/CEBUS-02-R11/CEBUS-02-R11__2022-03-01__06-42-05.MP4,0.0,60.523,60.527,29.970,MC,SPT,0.0,seqstart,Sequence info,almendraunknown,,,,POINT,52.252,52.252,NA,Y:/capuchin_coiba/archive/rawdata/camera_trap_images/renamed_data/R11/CEBUS-02-R11/CEBUS-02-R11__2022-03-01__06-42-05.MP4,1566,1566,,,,
CEBUS-02-R11__2022-03-01__06-42-05,2025-08-27 21:59:55,corrected by LR,Media file,player #1:Y:/capuchin_coiba/archive/rawdata/camera_trap_images/renamed_data/R11/CEBUS-02-R11/CEBUS-02-R11__2022-03-01__06-42-05.MP4,0.0,60.523,60.527,29.970,MC,SPT,0.0,hammerstone,Sequence info,onanvil,None,e_onanvil,,POINT,52.419,52.419,NA,Y:/capuchin_coiba/archive/rawdata/camera_trap_images/renamed_data/R11/CEBUS-02-R11/CEBUS-02-R11__2022-03-01__06-42-05.MP4,1571,1571,,,FRE,
CEBUS-02-R11__2022-03-01__06-42-05,2025-08-27 21:59:55,corrected by LR,Media file,player #1:Y:/capuchin_coiba/archive/rawdata/camera_trap_images/renamed_data/R11/CEBUS-02-R11/CEBUS-02-R11__2022-03-01__06-42-05.MP4,0.0,60.523,60.527,29.970,MC,SPT,0.0,pound,Behavior,stand,None,None,,POINT,54.154,54.154,NA,Y:/capuchin_coiba/archive/rawdata/camera_trap_images/renamed_data/R11/CEBUS-02-R11/CEBUS-02-R11__2022-03-01__06-42-05.MP4,1623,1623,,,,
CEBUS-02-R11__2022-03-01__06-42-05,2025-08-27 21:59:55,corrected by LR,Media file,player #1:Y:/capuchin_coiba/archive/rawdata/camera_trap_images/renamed_data/R11/CEBUS-02-R11/CEBUS-02-R11__2022-03-01__06-42-05.MP4,0.0,60.523,60.527,29.970,MC,SPT,0.0,pound,Behavior,stand,None,None,,POINT,55.789,55.789,NA,Y:/capuchin_coiba/archive/rawdata/camera_trap_images/renamed_data/R11/CEBUS-02-R11/CEBUS-02-R11__2022-03-01__06-42-05.MP4,1672,1672,,,,
CEBUS-02-R11__2022-03-01__06-42-05,2025-08-27 21:59:55,corrected by LR,Media file,player #1:Y:/capuchin_coiba/archive/rawdata/camera_trap_images/renamed_data/R11/CEBUS-02-R11/CEBUS-02-R11__2022-03-01__06-42-05.MP4,0.0,60.523,60.527,29.970,MC,SPT,0.0,pound,Behavior,stand,None,overhead,,POINT,57.124,57.124,NA,Y:/capuchin_coiba/archive/rawdata/camera_trap_images/renamed_data/R11/CEBUS-02-R11/CEBUS-02-R11__2022-03-01__06-42-05.MP4,1712,1712,,,,
CEBUS-02-R11__2022-03-01__06-42-05,2025-08-27 21:59:55,corrected by LR,Media file,player #1:Y:/capuchin_coiba/archive/rawdata/camera_trap_images/renamed_data/R11/CEBUS-02-R11/CEBUS-02-R11__2022-03-01__06-42-05.MP4,0.0,60.523,60.527,29.970,MC,SPT,0.0,seqend,Sequence info,opened,None,None,None,POINT,60.523,60.523,NA,Y:/capuchin_coiba/archive/rawdata/camera_trap_images/renamed_data/R11/CEBUS-02-R11/CEBUS-02-R11__2022-03-01__06-42-05.MP4,1814,1814,,,,
CEBUS-02-R11__2022-03-01__06-43-17,2025-08-27 22:02:13,corrected by LR,Media file,player #1:Y:/capuchin_coiba/archive/rawdata/camera_trap_images/renamed_data/R11/CEBUS-02-R11/CEBUS-02-R11__2022-03-01__06-43-17.MP4,0.0,51.885,60.560,29.970,MC,SPT,0.0,seqstart,Sequence info,almendraunknown,,,,POINT,7.574,7.574,NA,Y:/capuchin_coiba/archive/rawdata/camera_trap_images/renamed_data/R11/CEBUS-02-R11/CEBUS-02-R11__2022-03-01__06-43-17.MP4,227,227,,,,
CEBUS-02-R11__2022-03-01__06-43-17,2025-08-27 22:02:13,corrected by LR,Media file,player #1:Y:/capuchin_coiba/archive/rawdata/camera_trap_images/renamed_data/R11/CEBUS-02-R11/CEBUS-02-R11__2022-03-01__06-43-17.MP4,0.0,51.885,60.560,29.970,MC,SPT,0.0,hammerstone,Sequence info,onanvil,None,e_onanvil,,POINT,7.674,7.674,NA,Y:/capuchin_coiba/archive/rawdata/camera_trap_images/renamed_data/R11/CEBUS-02-R11/CEBUS-02-R11__2022-03-01__06-43-17.MP4,230,230,,,FRE,
CEBUS-02-R11__2022-03-01__06-43-17,2025-08-27 22:02:13,corrected by LR,Media file,player #1:Y:/capuchin_coiba/archive/rawdata/camera_trap_images/renamed_data/R11/CEBUS-02-R11/CEBUS-02-R11__2022-03-01__06-43-17.MP4,0.0,51.885,60.560,29.970,MC,SPT,0.0,pound,Behavior,stand,None,None,,POINT,8.942,8.942,NA,Y:/capuchin_coiba/archive/rawdata/camera_trap_images/renamed_data/R11/CEBUS-02-R11/CEBUS-02-R11__2022-03-01__06-43-17.MP4,268,268,,,,
CEBUS-02-R11__2022-03-01__06-43-17,2025-08-27 22:02:13,corrected by LR,Media file,player #1:Y:/capuchin_coiba/archive/rawdata/camera_trap_images/renamed_data/R11/CEBUS-02-R11/CEBUS-02-R11__2022-03-01__06-43-17.MP4,0.0,51.885,60.560,29.970,MC,SPT,0.0,pound,Behavior,stand,None,None,,POINT,10.577,10.577,NA,Y:/capuchin_coiba/archive/rawdata/camera_trap_images/renamed_data/R11/CEBUS-02-R11/CEBUS-02-R11__2022-03-01__06-43-17.MP4,317,317,,,,
CEBUS-02-R11__2022-03-01__06-43-17,2025-08-27 22:02:13,corrected by LR,Media file,player #1:Y:/capuchin_coiba/archive/rawdata/camera_trap_images/renamed_data/R11/CEBUS-02-R11/CEBUS-02-R11__2022-03-01__06-43-17.MP4,0.0,51.885,60.560,29.970,MC,SPT,0.0,pound,Behavior,stand,None,None,,POINT,12.312,12.312,NA,Y:/capuchin_coiba/archive/rawdata/camera_trap_images/renamed_data/R11/CEBUS-02-R11/CEBUS-02-R11__2022-03-01__06-43-17.MP4,369,369,,,,
CEBUS-02-R11__2022-03-01__06-43-17,2025-08-27 22:02:13,corrected by LR,Media file,player #1:Y:/capuchin_coiba/archive/rawdata/camera_trap_images/renamed_data/R11/CEBUS-02-R11/CEBUS-02-R11__2022-03-01__06-43-17.MP4,0.0,51.885,60.560,29.970,MC,SPT,0.0,reposit,Behavior,item,,,,POINT,16.283,16.283,NA,Y:/capuchin_coiba/archive/rawdata/camera_trap_images/renamed_data/R11/CEBUS-02-R11/CEBUS-02-R11__2022-03-01__06-43-17.MP4,488,488,,,,
CEBUS-02-R11__2022-03-01__06-43-17,2025-08-27 22:02:13,corrected by LR,Media file,player #1:Y:/capuchin_coiba/archive/rawdata/camera_trap_images/renamed_data/R11/CEBUS-02-R11/CEBUS-02-R11__2022-03-01__06-43-17.MP4,0.0,51.885,60.560,29.970,MC,SPT,0.0,pound,Behavior,stand,1foot,None,,POINT,17.784,17.784,NA,Y:/capuchin_coiba/archive/rawdata/camera_trap_images/renamed_data/R11/CEBUS-02-R11/CEBUS-02-R11__2022-03-01__06-43-17.MP4,533,533,,,,
CEBUS-02-R11__2022-03-01__06-43-17,2025-08-27 22:02:13,corrected by LR,Media file,player #1:Y:/capuchin_coiba/archive/rawdata/camera_trap_images/renamed_data/R11/CEBUS-02-R11/CEBUS-02-R11__2022-03-01__06-43-17.MP4,0.0,51.885,60.560,29.970,MC,SPT,0.0,seqend,Sequence info,opened,None,None,None,POINT,20.254,20.254,NA,Y:/capuchin_coiba/archive/rawdata/camera_trap_images/renamed_data/R11/CEBUS-02-R11/CEBUS-02-R11__2022-03-01__06-43-17.MP4,607,607,,,,
CEBUS-02-R11__2022-03-01__06-43-17,2025-08-27 22:02:13,corrected by LR,Media file,player #1:Y:/capuchin_coiba/archive/rawdata/camera_trap_images/renamed_data/R11/CEBUS-02-R11/CEBUS-02-R11__2022-03-01__06-43-17.MP4,0.0,51.885,60.560,29.970,MC,SPT,0.0,seqstart,Sequence info,almendraunknown,,,,POINT,31.298,31.298,NA,Y:/capuchin_coiba/archive/rawdata/camera_trap_images/renamed_data/R11/CEBUS-02-R11/CEBUS-02-R11__2022-03-01__06-43-17.MP4,938,938,,,,
CEBUS-02-R11__2022-03-01__06-43-17,2025-08-27 22:02:13,corrected by LR,Media file,player #1:Y:/capuchin_coiba/archive/rawdata/camera_trap_images/renamed_data/R11/CEBUS-02-R11/CEBUS-02-R11__2022-03-01__06-43-17.MP4,0.0,51.885,60.560,29.970,MC,SPT,0.0,hammerstone,Sequence info,onanvil,None,e_onanvil,,POINT,31.465,31.465,NA,Y:/capuchin_coiba/archive/rawdata/camera_trap_images/renamed_data/R11/CEBUS-02-R11/CEBUS-02-R11__2022-03-01__06-43-17.MP4,943,943,,,FRE,
CEBUS-02-R11__2022-03-01__06-43-17,2025-08-27 22:02:13,corrected by LR,Media file,player #1:Y:/capuchin_coiba/archive/rawdata/camera_trap_images/renamed_data/R11/CEBUS-02-R11/CEBUS-02-R11__2022-03-01__06-43-17.MP4,0.0,51.885,60.560,29.970,MC,SPT,0.0,pound,Behavior,stand,None,None,,POINT,32.866,32.866,NA,Y:/capuchin_coiba/archive/rawdata/camera_trap_images/renamed_data/R11/CEBUS-02-R11/CEBUS-02-R11__2022-03-01__06-43-17.MP4,985,985,,,,
CEBUS-02-R11__2022-03-01__06-43-17,2025-08-27 22:02:13,corrected by LR,Media file,player #1:Y:/capuchin_coiba/archive/rawdata/camera_trap_images/renamed_data/R11/CEBUS-02-R11/CEBUS-02-R11__2022-03-01__06-43-17.MP4,0.0,51.885,60.560,29.970,MC,SPT,0.0,pound,Behavior,stand,None,None,,POINT,34.434,34.434,NA,Y:/capuchin_coiba/archive/rawdata/camera_trap_images/renamed_data/R11/CEBUS-02-R11/CEBUS-02-R11__2022-03-01__06-43-17.MP4,1032,1032,,,,
CEBUS-02-R11__2022-03-01__06-43-17,2025-08-27 22:02:13,corrected by LR,Media file,player #1:Y:/capuchin_coiba/archive/rawdata/camera_trap_images/renamed_data/R11/CEBUS-02-R11/CEBUS-02-R11__2022-03-01__06-43-17.MP4,0.0,51.885,60.560,29.970,MC,SPT,0.0,seqend,Sequence info,opened,None,None,None,POINT,36.270,36.270,NA,Y:/capuchin_coiba/archive/rawdata/camera_trap_images/renamed_data/R11/CEBUS-02-R11/CEBUS-02-R11__2022-03-01__06-43-17.MP4,1087,1087,,,,
CEBUS-02-R11__2022-03-01__06-43-17,2025-08-27 22:02:13,corrected by LR,Media file,player #1:Y:/capuchin_coiba/archive/rawdata/camera_trap_images/renamed_data/R11/CEBUS-02-R11/CEBUS-02-R11__2022-03-01__06-43-17.MP4,0.0,51.885,60.560,29.970,MC,SPT,0.0,seqstart,Sequence info,almendraunknown,,,,POINT,47.481,47.481,NA,Y:/capuchin_coiba/archive/rawdata/camera_trap_images/renamed_data/R11/CEBUS-02-R11/CEBUS-02-R11__2022-03-01__06-43-17.MP4,1423,1423,,,,
CEBUS-02-R11__2022-03-01__06-43-17,2025-08-27 22:02:13,corrected by LR,Media file,player #1:Y:/capuchin_coiba/archive/rawdata/camera_trap_images/renamed_data/R11/CEBUS-02-R11/CEBUS-02-R11__2022-03-01__06-43-17.MP4,0.0,51.885,60.560,29.970,MC,SPT,0.0,hammerstone,Sequence info,onanvil,None,e_onanvil,,POINT,47.581,47.581,NA,Y:/capuchin_coiba/archive/rawdata/camera_trap_images/renamed_data/R11/CEBUS-02-R11/CEBUS-02-R11__2022-03-01__06-43-17.MP4,1426,1426,,,FRE,
CEBUS-02-R11__2022-03-01__06-43-17,2025-08-27 22:02:13,corrected by LR,Media file,player #1:Y:/capuchin_coiba/archive/rawdata/camera_trap_images/renamed_data/R11/CEBUS-02-R11/CEBUS-02-R11__2022-03-01__06-43-17.MP4,0.0,51.885,60.560,29.970,MC,SPT,0.0,pound,Behavior,stand,None,None,,POINT,48.682,48.682,NA,Y:/capuchin_coiba/archive/rawdata/camera_trap_images/renamed_data/R11/CEBUS-02-R11/CEBUS-02-R11__2022-03-01__06-43-17.MP4,1459,1459,,,,
CEBUS-02-R11__2022-03-01__06-43-17,2025-08-27 22:02:13,corrected by LR,Media file,player #1:Y:/capuchin_coiba/archive/rawdata/camera_trap_images/renamed_data/R11/CEBUS-02-R11/CEBUS-02-R11__2022-03-01__06-43-17.MP4,0.0,51.885,60.560,29.970,MC,SPT,0.0,pound,Behavior,stand,None,None,,POINT,50.250,50.250,NA,Y:/capuchin_coiba/archive/rawdata/camera_trap_images/renamed_data/R11/CEBUS-02-R11/CEBUS-02-R11__2022-03-01__06-43-17.MP4,1506,1506,,,,
CEBUS-02-R11__2022-03-01__06-43-17,2025-08-27 22:02:13,corrected by LR,Media file,player #1:Y:/capuchin_coiba/archive/rawdata/camera_trap_images/renamed_data/R11/CEBUS-02-R11/CEBUS-02-R11__2022-03-01__06-43-17.MP4,0.0,51.885,60.560,29.970,MC,SPT,0.0,pound,Behavior,stand,None,None,,POINT,51.685,51.685,NA,Y:/capuchin_coiba/archive/rawdata/camera_trap_images/renamed_data/R11/CEBUS-02-R11/CEBUS-02-R11__2022-03-01__06-43-17.MP4,1549,1549,,,,
CEBUS-02-R11__2022-03-01__06-43-17,2025-08-27 22:02:13,corrected by LR,Media file,player #1:Y:/capuchin_coiba/archive/rawdata/camera_trap_images/renamed_data/R11/CEBUS-02-R11/CEBUS-02-R11__2022-03-01__06-43-17.MP4,0.0,51.885,60.560,29.970,MC,SPT,0.0,seqend,Sequence info,opened,None,None,None,POINT,59.459,59.459,NA,Y:/capuchin_coiba/archive/rawdata/camera_trap_images/renamed_data/R11/CEBUS-02-R11/CEBUS-02-R11__2022-03-01__06-43-17.MP4,1782,1782,,,,
CEBUS-02-R11__2022-03-01__06-45-45,2025-08-27 22:04:02,corrected by LR,Media file,player #1:Y:/capuchin_coiba/archive/rawdata/camera_trap_images/renamed_data/R11/CEBUS-02-R11/CEBUS-02-R11__2022-03-01__06-45-45.MP4,0.0,47.047,60.527,29.970,MC,SPT,0.0,seqstart,Sequence info,almendrabrown,,,,POINT,0.067,0.067,NA,Y:/capuchin_coiba/archive/rawdata/camera_trap_images/renamed_data/R11/CEBUS-02-R11/CEBUS-02-R11__2022-03-01__06-45-45.MP4,2,2,,,,
CEBUS-02-R11__2022-03-01__06-45-45,2025-08-27 22:04:02,corrected by LR,Media file,player #1:Y:/capuchin_coiba/archive/rawdata/camera_trap_images/renamed_data/R11/CEBUS-02-R11/CEBUS-02-R11__2022-03-01__06-45-45.MP4,0.0,47.047,60.527,29.970,MC,SPT,0.0,hammerstone,Sequence info,inhand,None,e_onanvil,,POINT,0.133,0.133,NA,Y:/capuchin_coiba/archive/rawdata/camera_trap_images/renamed_data/R11/CEBUS-02-R11/CEBUS-02-R11__2022-03-01__06-45-45.MP4,4,4,,,FRE,
CEBUS-02-R11__2022-03-01__06-45-45,2025-08-27 22:04:02,corrected by LR,Media file,player #1:Y:/capuchin_coiba/archive/rawdata/camera_trap_images/renamed_data/R11/CEBUS-02-R11/CEBUS-02-R11__2022-03-01__06-45-45.MP4,0.0,47.047,60.527,29.970,MC,SPT,0.0,pound,Behavior,stand,tailsupport,None,,POINT,0.767,0.767,NA,Y:/capuchin_coiba/archive/rawdata/camera_trap_images/renamed_data/R11/CEBUS-02-R11/CEBUS-02-R11__2022-03-01__06-45-45.MP4,23,23,,,,
CEBUS-02-R11__2022-03-01__06-45-45,2025-08-27 22:04:02,corrected by LR,Media file,player #1:Y:/capuchin_coiba/archive/rawdata/camera_trap_images/renamed_data/R11/CEBUS-02-R11/CEBUS-02-R11__2022-03-01__06-45-45.MP4,0.0,47.047,60.527,29.970,MC,SPT,0.0,seqend,Sequence info,opened,None,None,None,POINT,2.936,2.936,NA,Y:/capuchin_coiba/archive/rawdata/camera_trap_images/renamed_data/R11/CEBUS-02-R11/CEBUS-02-R11__2022-03-01__06-45-45.MP4,88,88,,,,
CEBUS-02-R11__2022-03-01__06-45-45,2025-08-27 22:04:02,corrected by LR,Media file,player #1:Y:/capuchin_coiba/archive/rawdata/camera_trap_images/renamed_data/R11/CEBUS-02-R11/CEBUS-02-R11__2022-03-01__06-45-45.MP4,0.0,47.047,60.527,29.970,MC,SPT,0.0,seqstart,Sequence info,almendraunknown,,,,POINT,13.013,13.013,NA,Y:/capuchin_coiba/archive/rawdata/camera_trap_images/renamed_data/R11/CEBUS-02-R11/CEBUS-02-R11__2022-03-01__06-45-45.MP4,390,390,,,,
CEBUS-02-R11__2022-03-01__06-45-45,2025-08-27 22:04:02,corrected by LR,Media file,player #1:Y:/capuchin_coiba/archive/rawdata/camera_trap_images/renamed_data/R11/CEBUS-02-R11/CEBUS-02-R11__2022-03-01__06-45-45.MP4,0.0,47.047,60.527,29.970,MC,SPT,0.0,hammerstone,Sequence info,onanvil,None,e_onanvil,,POINT,13.113,13.113,NA,Y:/capuchin_coiba/archive/rawdata/camera_trap_images/renamed_data/R11/CEBUS-02-R11/CEBUS-02-R11__2022-03-01__06-45-45.MP4,393,393,,,FRE,
CEBUS-02-R11__2022-03-01__06-45-45,2025-08-27 22:04:02,corrected by LR,Media file,player #1:Y:/capuchin_coiba/archive/rawdata/camera_trap_images/renamed_data/R11/CEBUS-02-R11/CEBUS-02-R11__2022-03-01__06-45-45.MP4,0.0,47.047,60.527,29.970,MC,SPT,0.0,pound,Behavior,stand,None,None,,POINT,14.214,14.214,NA,Y:/capuchin_coiba/archive/rawdata/camera_trap_images/renamed_data/R11/CEBUS-02-R11/CEBUS-02-R11__2022-03-01__06-45-45.MP4,426,426,,,,
CEBUS-02-R11__2022-03-01__06-45-45,2025-08-27 22:04:02,corrected by LR,Media file,player #1:Y:/capuchin_coiba/archive/rawdata/camera_trap_images/renamed_data/R11/CEBUS-02-R11/CEBUS-02-R11__2022-03-01__06-45-45.MP4,0.0,47.047,60.527,29.970,MC,SPT,0.0,pound,Behavior,stand,tailsupport,None,,POINT,16.250,16.250,NA,Y:/capuchin_coiba/archive/rawdata/camera_trap_images/renamed_data/R11/CEBUS-02-R11/CEBUS-02-R11__2022-03-01__06-45-45.MP4,487,487,,,,
CEBUS-02-R11__2022-03-01__06-45-45,2025-08-27 22:04:02,corrected by LR,Media file,player #1:Y:/capuchin_coiba/archive/rawdata/camera_trap_images/renamed_data/R11/CEBUS-02-R11/CEBUS-02-R11__2022-03-01__06-45-45.MP4,0.0,47.047,60.527,29.970,MC,SPT,0.0,seqend,Sequence info,opened,None,None,None,POINT,25.025,25.025,NA,Y:/capuchin_coiba/archive/rawdata/camera_trap_images/renamed_data/R11/CEBUS-02-R11/CEBUS-02-R11__2022-03-01__06-45-45.MP4,750,750,,,,
CEBUS-02-R11__2022-03-01__06-45-45,2025-08-27 22:04:02,corrected by LR,Media file,player #1:Y:/capuchin_coiba/archive/rawdata/camera_trap_images/renamed_data/R11/CEBUS-02-R11/CEBUS-02-R11__2022-03-01__06-45-45.MP4,0.0,47.047,60.527,29.970,MC,SPT,0.0,seqstart,Sequence info,almendraunknown,,,,POINT,35.669,35.669,NA,Y:/capuchin_coiba/archive/rawdata/camera_trap_images/renamed_data/R11/CEBUS-02-R11/CEBUS-02-R11__2022-03-01__06-45-45.MP4,1069,1069,,,,
CEBUS-02-R11__2022-03-01__06-45-45,2025-08-27 22:04:02,corrected by LR,Media file,player #1:Y:/capuchin_coiba/archive/rawdata/camera_trap_images/renamed_data/R11/CEBUS-02-R11/CEBUS-02-R11__2022-03-01__06-45-45.MP4,0.0,47.047,60.527,29.970,MC,SPT,0.0,hammerstone,Sequence info,onanvil,None,e_onanvil,,POINT,35.769,35.769,NA,Y:/capuchin_coiba/archive/rawdata/camera_trap_images/renamed_data/R11/CEBUS-02-R11/CEBUS-02-R11__2022-03-01__06-45-45.MP4,1072,1072,,,FRE,
CEBUS-02-R11__2022-03-01__06-45-45,2025-08-27 22:04:02,corrected by LR,Media file,player #1:Y:/capuchin_coiba/archive/rawdata/camera_trap_images/renamed_data/R11/CEBUS-02-R11/CEBUS-02-R11__2022-03-01__06-45-45.MP4,0.0,47.047,60.527,29.970,MC,SPT,0.0,pound,Behavior,stand,tailsupport,None,,POINT,41.808,41.808,NA,Y:/capuchin_coiba/archive/rawdata/camera_trap_images/renamed_data/R11/CEBUS-02-R11/CEBUS-02-R11__2022-03-01__06-45-45.MP4,1253,1253,,,,
CEBUS-02-R11__2022-03-01__06-45-45,2025-08-27 22:04:02,corrected by LR,Media file,player #1:Y:/capuchin_coiba/archive/rawdata/camera_trap_images/renamed_data/R11/CEBUS-02-R11/CEBUS-02-R11__2022-03-01__06-45-45.MP4,0.0,47.047,60.527,29.970,MC,SPT,0.0,pound,Behavior,stand,tailsupport,None,,POINT,43.277,43.277,NA,Y:/capuchin_coiba/archive/rawdata/camera_trap_images/renamed_data/R11/CEBUS-02-R11/CEBUS-02-R11__2022-03-01__06-45-45.MP4,1297,1297,,,,
CEBUS-02-R11__2022-03-01__06-45-45,2025-08-27 22:04:02,corrected by LR,Media file,player #1:Y:/capuchin_coiba/archive/rawdata/camera_trap_images/renamed_data/R11/CEBUS-02-R11/CEBUS-02-R11__2022-03-01__06-45-45.MP4,0.0,47.047,60.527,29.970,MC,SPT,0.0,pound,Behavior,stand,tailsupport,None,,POINT,44.745,44.745,NA,Y:/capuchin_coiba/archive/rawdata/camera_trap_images/renamed_data/R11/CEBUS-02-R11/CEBUS-02-R11__2022-03-01__06-45-45.MP4,1341,1341,,,,
CEBUS-02-R11__2022-03-01__06-45-45,2025-08-27 22:04:02,corrected by LR,Media file,player #1:Y:/capuchin_coiba/archive/rawdata/camera_trap_images/renamed_data/R11/CEBUS-02-R11/CEBUS-02-R11__2022-03-01__06-45-45.MP4,0.0,47.047,60.527,29.970,MC,SPT,0.0,seqend,Sequence info,opened,None,None,None,POINT,47.114,47.114,NA,Y:/capuchin_coiba/archive/rawdata/camera_trap_images/renamed_data/R11/CEBUS-02-R11/CEBUS-02-R11__2022-03-01__06-45-45.MP4,1412,1412,,,,
CEBUS-02-R11__2022-03-01__06-46-53,2025-08-27 22:05:55,corrected by LR,Media file,player #1:Y:/capuchin_coiba/archive/rawdata/camera_trap_images/renamed_data/R11/CEBUS-02-R11/CEBUS-02-R11__2022-03-01__06-46-53.MP4,0.0,29.730,60.560,29.970,MC,SPT,0.0,seqstart,Sequence info,almendrabrown,,,,POINT,2.369,2.369,NA,Y:/capuchin_coiba/archive/rawdata/camera_trap_images/renamed_data/R11/CEBUS-02-R11/CEBUS-02-R11__2022-03-01__06-46-53.MP4,71,71,,,,
CEBUS-02-R11__2022-03-01__06-46-53,2025-08-27 22:05:55,corrected by LR,Media file,player #1:Y:/capuchin_coiba/archive/rawdata/camera_trap_images/renamed_data/R11/CEBUS-02-R11/CEBUS-02-R11__2022-03-01__06-46-53.MP4,0.0,29.730,60.560,29.970,MC,SPT,0.0,hammerstone,Sequence info,onanvil,None,e_onanvil,,POINT,2.436,2.436,NA,Y:/capuchin_coiba/archive/rawdata/camera_trap_images/renamed_data/R11/CEBUS-02-R11/CEBUS-02-R11__2022-03-01__06-46-53.MP4,73,73,,,FRE,
CEBUS-02-R11__2022-03-01__06-46-53,2025-08-27 22:05:55,corrected by LR,Media file,player #1:Y:/capuchin_coiba/archive/rawdata/camera_trap_images/renamed_data/R11/CEBUS-02-R11/CEBUS-02-R11__2022-03-01__06-46-53.MP4,0.0,29.730,60.560,29.970,MC,SPT,0.0,pound,Behavior,stand,None,None,,POINT,3.470,3.470,NA,Y:/capuchin_coiba/archive/rawdata/camera_trap_images/renamed_data/R11/CEBUS-02-R11/CEBUS-02-R11__2022-03-01__06-46-53.MP4,104,104,,,,
CEBUS-02-R11__2022-03-01__06-46-53,2025-08-27 22:05:55,corrected by LR,Media file,player #1:Y:/capuchin_coiba/archive/rawdata/camera_trap_images/renamed_data/R11/CEBUS-02-R11/CEBUS-02-R11__2022-03-01__06-46-53.MP4,0.0,29.730,60.560,29.970,MC,SPT,0.0,pound,Behavior,stand,None,None,,POINT,4.738,4.738,NA,Y:/capuchin_coiba/archive/rawdata/camera_trap_images/renamed_data/R11/CEBUS-02-R11/CEBUS-02-R11__2022-03-01__06-46-53.MP4,142,142,,,,
CEBUS-02-R11__2022-03-01__06-46-53,2025-08-27 22:05:55,corrected by LR,Media file,player #1:Y:/capuchin_coiba/archive/rawdata/camera_trap_images/renamed_data/R11/CEBUS-02-R11/CEBUS-02-R11__2022-03-01__06-46-53.MP4,0.0,29.730,60.560,29.970,MC,SPT,0.0,seqend,Sequence info,opened,None,None,None,POINT,9.276,9.276,NA,Y:/capuchin_coiba/archive/rawdata/camera_trap_images/renamed_data/R11/CEBUS-02-R11/CEBUS-02-R11__2022-03-01__06-46-53.MP4,278,278,,,,
CEBUS-02-R11__2022-03-01__06-46-53,2025-08-27 22:05:55,corrected by LR,Media file,player #1:Y:/capuchin_coiba/archive/rawdata/camera_trap_images/renamed_data/R11/CEBUS-02-R11/CEBUS-02-R11__2022-03-01__06-46-53.MP4,0.0,29.730,60.560,29.970,MC,SPT,0.0,seqstart,Sequence info,almendrabrown,,,,POINT,19.620,19.620,NA,Y:/capuchin_coiba/archive/rawdata/camera_trap_images/renamed_data/R11/CEBUS-02-R11/CEBUS-02-R11__2022-03-01__06-46-53.MP4,588,588,,,,
CEBUS-02-R11__2022-03-01__06-46-53,2025-08-27 22:05:55,corrected by LR,Media file,player #1:Y:/capuchin_coiba/archive/rawdata/camera_trap_images/renamed_data/R11/CEBUS-02-R11/CEBUS-02-R11__2022-03-01__06-46-53.MP4,0.0,29.730,60.560,29.970,MC,SPT,0.0,hammerstone,Sequence info,onanvil,None,e_onanvil,,POINT,20.320,20.320,NA,Y:/capuchin_coiba/archive/rawdata/camera_trap_images/renamed_data/R11/CEBUS-02-R11/CEBUS-02-R11__2022-03-01__06-46-53.MP4,609,609,,,FRE,
CEBUS-02-R11__2022-03-01__06-46-53,2025-08-27 22:05:55,corrected by LR,Media file,player #1:Y:/capuchin_coiba/archive/rawdata/camera_trap_images/renamed_data/R11/CEBUS-02-R11/CEBUS-02-R11__2022-03-01__06-46-53.MP4,0.0,29.730,60.560,29.970,MC,SPT,0.0,pound,Behavior,stand,None,None,,POINT,25.759,25.759,NA,Y:/capuchin_coiba/archive/rawdata/camera_trap_images/renamed_data/R11/CEBUS-02-R11/CEBUS-02-R11__2022-03-01__06-46-53.MP4,772,772,,,,
CEBUS-02-R11__2022-03-01__06-46-53,2025-08-27 22:05:55,corrected by LR,Media file,player #1:Y:/capuchin_coiba/archive/rawdata/camera_trap_images/renamed_data/R11/CEBUS-02-R11/CEBUS-02-R11__2022-03-01__06-46-53.MP4,0.0,29.730,60.560,29.970,MC,SPT,0.0,pound,Behavior,stand,None,None,,POINT,27.127,27.127,NA,Y:/capuchin_coiba/archive/rawdata/camera_trap_images/renamed_data/R11/CEBUS-02-R11/CEBUS-02-R11__2022-03-01__06-46-53.MP4,813,813,,,,
CEBUS-02-R11__2022-03-01__06-46-53,2025-08-27 22:05:55,corrected by LR,Media file,player #1:Y:/capuchin_coiba/archive/rawdata/camera_trap_images/renamed_data/R11/CEBUS-02-R11/CEBUS-02-R11__2022-03-01__06-46-53.MP4,0.0,29.730,60.560,29.970,MC,SPT,0.0,pound,Behavior,crouch,None,None,,POINT,28.562,28.562,NA,Y:/capuchin_coiba/archive/rawdata/camera_trap_images/renamed_data/R11/CEBUS-02-R11/CEBUS-02-R11__2022-03-01__06-46-53.MP4,856,856,,,,
CEBUS-02-R11__2022-03-01__06-46-53,2025-08-27 22:05:55,corrected by LR,Media file,player #1:Y:/capuchin_coiba/archive/rawdata/camera_trap_images/renamed_data/R11/CEBUS-02-R11/CEBUS-02-R11__2022-03-01__06-46-53.MP4,0.0,29.730,60.560,29.970,MC,SPT,0.0,seqend,Sequence info,opened,None,None,None,POINT,32.099,32.099,NA,Y:/capuchin_coiba/archive/rawdata/camera_trap_images/renamed_data/R11/CEBUS-02-R11/CEBUS-02-R11__2022-03-01__06-46-53.MP4,962,962,,,,
CEBUS-02-R11__2022-03-02__07-00-34,2025-08-27 22:07:02,corrected by LR,Media file,player #1:Y:/capuchin_coiba/archive/rawdata/camera_trap_images/renamed_data/R11/CEBUS-02-R11/CEBUS-02-R11__2022-03-02__07-00-34.MP4,0.0,48.215,60.594,29.970,MC,TOM,0.0,seqstart,Sequence info,almendrabrown,,,,POINT,0.000,0.000,NA,Y:/capuchin_coiba/archive/rawdata/camera_trap_images/renamed_data/R11/CEBUS-02-R11/CEBUS-02-R11__2022-03-02__07-00-34.MP4,0,0,,,,
CEBUS-02-R11__2022-03-02__07-00-34,2025-08-27 22:07:02,corrected by LR,Media file,player #1:Y:/capuchin_coiba/archive/rawdata/camera_trap_images/renamed_data/R11/CEBUS-02-R11/CEBUS-02-R11__2022-03-02__07-00-34.MP4,0.0,48.215,60.594,29.970,MC,TOM,0.0,hammerstone,Sequence info,onanvil,None,e_onanvil,,POINT,0.100,0.100,NA,Y:/capuchin_coiba/archive/rawdata/camera_trap_images/renamed_data/R11/CEBUS-02-R11/CEBUS-02-R11__2022-03-02__07-00-34.MP4,3,3,,,FRE,
CEBUS-02-R11__2022-03-02__07-00-34,2025-08-27 22:07:02,corrected by LR,Media file,player #1:Y:/capuchin_coiba/archive/rawdata/camera_trap_images/renamed_data/R11/CEBUS-02-R11/CEBUS-02-R11__2022-03-02__07-00-34.MP4,0.0,48.215,60.594,29.970,MC,TOM,0.0,pound,Behavior,stand,1foot,None,,POINT,3.337,3.337,NA,Y:/capuchin_coiba/archive/rawdata/camera_trap_images/renamed_data/R11/CEBUS-02-R11/CEBUS-02-R11__2022-03-02__07-00-34.MP4,100,100,,,,
CEBUS-02-R11__2022-03-02__07-00-34,2025-08-27 22:07:02,corrected by LR,Media file,player #1:Y:/capuchin_coiba/archive/rawdata/camera_trap_images/renamed_data/R11/CEBUS-02-R11/CEBUS-02-R11__2022-03-02__07-00-34.MP4,0.0,48.215,60.594,29.970,MC,TOM,0.0,reposit,Behavior,item,,,,POINT,5.372,5.372,NA,Y:/capuchin_coiba/archive/rawdata/camera_trap_images/renamed_data/R11/CEBUS-02-R11/CEBUS-02-R11__2022-03-02__07-00-34.MP4,161,161,,,,
CEBUS-02-R11__2022-03-02__07-00-34,2025-08-27 22:07:02,corrected by LR,Media file,player #1:Y:/capuchin_coiba/archive/rawdata/camera_trap_images/renamed_data/R11/CEBUS-02-R11/CEBUS-02-R11__2022-03-02__07-00-34.MP4,0.0,48.215,60.594,29.970,MC,TOM,0.0,pound,Behavior,stand,None,None,,POINT,7.207,7.207,NA,Y:/capuchin_coiba/archive/rawdata/camera_trap_images/renamed_data/R11/CEBUS-02-R11/CEBUS-02-R11__2022-03-02__07-00-34.MP4,216,216,,,,
CEBUS-02-R11__2022-03-02__07-00-34,2025-08-27 22:07:02,corrected by LR,Media file,player #1:Y:/capuchin_coiba/archive/rawdata/camera_trap_images/renamed_data/R11/CEBUS-02-R11/CEBUS-02-R11__2022-03-02__07-00-34.MP4,0.0,48.215,60.594,29.970,MC,TOM,0.0,pound,Behavior,stand,None,None,,POINT,9.443,9.443,NA,Y:/capuchin_coiba/archive/rawdata/camera_trap_images/renamed_data/R11/CEBUS-02-R11/CEBUS-02-R11__2022-03-02__07-00-34.MP4,283,283,,,,
CEBUS-02-R11__2022-03-02__07-00-34,2025-08-27 22:07:02,corrected by LR,Media file,player #1:Y:/capuchin_coiba/archive/rawdata/camera_trap_images/renamed_data/R11/CEBUS-02-R11/CEBUS-02-R11__2022-03-02__07-00-34.MP4,0.0,48.215,60.594,29.970,MC,TOM,0.0,pound,Behavior,crouch,None,None,,POINT,10.878,10.878,NA,Y:/capuchin_coiba/archive/rawdata/camera_trap_images/renamed_data/R11/CEBUS-02-R11/CEBUS-02-R11__2022-03-02__07-00-34.MP4,326,326,,,,
CEBUS-02-R11__2022-03-02__07-00-34,2025-08-27 22:07:02,corrected by LR,Media file,player #1:Y:/capuchin_coiba/archive/rawdata/camera_trap_images/renamed_data/R11/CEBUS-02-R11/CEBUS-02-R11__2022-03-02__07-00-34.MP4,0.0,48.215,60.594,29.970,MC,TOM,0.0,reposit,Behavior,item,,,,POINT,12.312,12.312,NA,Y:/capuchin_coiba/archive/rawdata/camera_trap_images/renamed_data/R11/CEBUS-02-R11/CEBUS-02-R11__2022-03-02__07-00-34.MP4,369,369,,,,
CEBUS-02-R11__2022-03-02__07-00-34,2025-08-27 22:07:02,corrected by LR,Media file,player #1:Y:/capuchin_coiba/archive/rawdata/camera_trap_images/renamed_data/R11/CEBUS-02-R11/CEBUS-02-R11__2022-03-02__07-00-34.MP4,0.0,48.215,60.594,29.970,MC,TOM,0.0,pound,Behavior,crouch,None,None,,POINT,13.080,13.080,NA,Y:/capuchin_coiba/archive/rawdata/camera_trap_images/renamed_data/R11/CEBUS-02-R11/CEBUS-02-R11__2022-03-02__07-00-34.MP4,392,392,,,,
CEBUS-02-R11__2022-03-02__07-00-34,2025-08-27 22:07:02,corrected by LR,Media file,player #1:Y:/capuchin_coiba/archive/rawdata/camera_trap_images/renamed_data/R11/CEBUS-02-R11/CEBUS-02-R11__2022-03-02__07-00-34.MP4,0.0,48.215,60.594,29.970,MC,TOM,0.0,pound,Behavior,crouch,None,None,,POINT,14.047,14.047,NA,Y:/capuchin_coiba/archive/rawdata/camera_trap_images/renamed_data/R11/CEBUS-02-R11/CEBUS-02-R11__2022-03-02__07-00-34.MP4,421,421,,,,
CEBUS-02-R11__2022-03-02__07-00-34,2025-08-27 22:07:02,corrected by LR,Media file,player #1:Y:/capuchin_coiba/archive/rawdata/camera_trap_images/renamed_data/R11/CEBUS-02-R11/CEBUS-02-R11__2022-03-02__07-00-34.MP4,0.0,48.215,60.594,29.970,MC,TOM,0.0,pound,Behavior,crouch,None,None,,POINT,15.816,15.816,NA,Y:/capuchin_coiba/archive/rawdata/camera_trap_images/renamed_data/R11/CEBUS-02-R11/CEBUS-02-R11__2022-03-02__07-00-34.MP4,474,474,,,,
CEBUS-02-R11__2022-03-02__07-00-34,2025-08-27 22:07:02,corrected by LR,Media file,player #1:Y:/capuchin_coiba/archive/rawdata/camera_trap_images/renamed_data/R11/CEBUS-02-R11/CEBUS-02-R11__2022-03-02__07-00-34.MP4,0.0,48.215,60.594,29.970,MC,TOM,0.0,seqend,Sequence info,opened,None,None,None,POINT,19.052,19.052,NA,Y:/capuchin_coiba/archive/rawdata/camera_trap_images/renamed_data/R11/CEBUS-02-R11/CEBUS-02-R11__2022-03-02__07-00-34.MP4,571,571,,,,
CEBUS-02-R11__2022-03-02__07-00-34,2025-08-27 22:07:02,corrected by LR,Media file,player #1:Y:/capuchin_coiba/archive/rawdata/camera_trap_images/renamed_data/R11/CEBUS-02-R11/CEBUS-02-R11__2022-03-02__07-00-34.MP4,0.0,48.215,60.594,29.970,MC,TOM,0.0,seqstart,Sequence info,almendrabrown,,,,POINT,36.103,36.103,NA,Y:/capuchin_coiba/archive/rawdata/camera_trap_images/renamed_data/R11/CEBUS-02-R11/CEBUS-02-R11__2022-03-02__07-00-34.MP4,1082,1082,,,,
CEBUS-02-R11__2022-03-02__07-00-34,2025-08-27 22:07:02,corrected by LR,Media file,player #1:Y:/capuchin_coiba/archive/rawdata/camera_trap_images/renamed_data/R11/CEBUS-02-R11/CEBUS-02-R11__2022-03-02__07-00-34.MP4,0.0,48.215,60.594,29.970,MC,TOM,0.0,hammerstone,Sequence info,onanvil,None,e_onanvil,,POINT,36.336,36.336,NA,Y:/capuchin_coiba/archive/rawdata/camera_trap_images/renamed_data/R11/CEBUS-02-R11/CEBUS-02-R11__2022-03-02__07-00-34.MP4,1089,1089,,,FRE,
CEBUS-02-R11__2022-03-02__07-00-34,2025-08-27 22:07:02,corrected by LR,Media file,player #1:Y:/capuchin_coiba/archive/rawdata/camera_trap_images/renamed_data/R11/CEBUS-02-R11/CEBUS-02-R11__2022-03-02__07-00-34.MP4,0.0,48.215,60.594,29.970,MC,TOM,0.0,pound,Behavior,stand,None,None,,POINT,37.337,37.337,NA,Y:/capuchin_coiba/archive/rawdata/camera_trap_images/renamed_data/R11/CEBUS-02-R11/CEBUS-02-R11__2022-03-02__07-00-34.MP4,1119,1119,,,,
CEBUS-02-R11__2022-03-02__07-00-34,2025-08-27 22:07:02,corrected by LR,Media file,player #1:Y:/capuchin_coiba/archive/rawdata/camera_trap_images/renamed_data/R11/CEBUS-02-R11/CEBUS-02-R11__2022-03-02__07-00-34.MP4,0.0,48.215,60.594,29.970,MC,TOM,0.0,pound,Behavior,stand,1foot,None,,POINT,38.572,38.572,NA,Y:/capuchin_coiba/archive/rawdata/camera_trap_images/renamed_data/R11/CEBUS-02-R11/CEBUS-02-R11__2022-03-02__07-00-34.MP4,1156,1156,,,,
CEBUS-02-R11__2022-03-02__07-00-34,2025-08-27 22:07:02,corrected by LR,Media file,player #1:Y:/capuchin_coiba/archive/rawdata/camera_trap_images/renamed_data/R11/CEBUS-02-R11/CEBUS-02-R11__2022-03-02__07-00-34.MP4,0.0,48.215,60.594,29.970,MC,TOM,0.0,pound,Behavior,crouch,None,None,,POINT,40.240,40.240,NA,Y:/capuchin_coiba/archive/rawdata/camera_trap_images/renamed_data/R11/CEBUS-02-R11/CEBUS-02-R11__2022-03-02__07-00-34.MP4,1206,1206,,,,
CEBUS-02-R11__2022-03-02__07-00-34,2025-08-27 22:07:02,corrected by LR,Media file,player #1:Y:/capuchin_coiba/archive/rawdata/camera_trap_images/renamed_data/R11/CEBUS-02-R11/CEBUS-02-R11__2022-03-02__07-00-34.MP4,0.0,48.215,60.594,29.970,MC,TOM,0.0,pound,Behavior,crouch,None,None,,POINT,41.909,41.909,NA,Y:/capuchin_coiba/archive/rawdata/camera_trap_images/renamed_data/R11/CEBUS-02-R11/CEBUS-02-R11__2022-03-02__07-00-34.MP4,1256,1256,,,,
CEBUS-02-R11__2022-03-02__07-00-34,2025-08-27 22:07:02,corrected by LR,Media file,player #1:Y:/capuchin_coiba/archive/rawdata/camera_trap_images/renamed_data/R11/CEBUS-02-R11/CEBUS-02-R11__2022-03-02__07-00-34.MP4,0.0,48.215,60.594,29.970,MC,TOM,0.0,seqend,Sequence info,opened,None,None,None,POINT,48.215,48.215,NA,Y:/capuchin_coiba/archive/rawdata/camera_trap_images/renamed_data/R11/CEBUS-02-R11/CEBUS-02-R11__2022-03-02__07-00-34.MP4,1445,1445,,,,
CEBUS-02-R11__2022-03-02__07-01-43,2025-08-27 22:09:07,corrected by LR,Media file,player #1:Y:/capuchin_coiba/archive/rawdata/camera_trap_images/renamed_data/R11/CEBUS-02-R11/CEBUS-02-R11__2022-03-02__07-01-43.MP4,0.0,60.081,60.727,29.970,MC,TOM,0.0,seqstart,Sequence info,almendraunknown,,,,POINT,0.634,0.634,NA,Y:/capuchin_coiba/archive/rawdata/camera_trap_images/renamed_data/R11/CEBUS-02-R11/CEBUS-02-R11__2022-03-02__07-01-43.MP4,19,19,,,,
CEBUS-02-R11__2022-03-02__07-01-43,2025-08-27 22:09:07,corrected by LR,Media file,player #1:Y:/capuchin_coiba/archive/rawdata/camera_trap_images/renamed_data/R11/CEBUS-02-R11/CEBUS-02-R11__2022-03-02__07-01-43.MP4,0.0,60.081,60.727,29.970,MC,TOM,0.0,hammerstone,Sequence info,inhand,None,e_onanvil,,POINT,0.801,0.801,NA,Y:/capuchin_coiba/archive/rawdata/camera_trap_images/renamed_data/R11/CEBUS-02-R11/CEBUS-02-R11__2022-03-02__07-01-43.MP4,24,24,,,FRE,
CEBUS-02-R11__2022-03-02__07-01-43,2025-08-27 22:09:07,corrected by LR,Media file,player #1:Y:/capuchin_coiba/archive/rawdata/camera_trap_images/renamed_data/R11/CEBUS-02-R11/CEBUS-02-R11__2022-03-02__07-01-43.MP4,0.0,60.081,60.727,29.970,MC,TOM,0.0,pound,Behavior,stand,tailsupport,None,,POINT,1.001,1.001,NA,Y:/capuchin_coiba/archive/rawdata/camera_trap_images/renamed_data/R11/CEBUS-02-R11/CEBUS-02-R11__2022-03-02__07-01-43.MP4,30,30,,,,
CEBUS-02-R11__2022-03-02__07-01-43,2025-08-27 22:09:07,corrected by LR,Media file,player #1:Y:/capuchin_coiba/archive/rawdata/camera_trap_images/renamed_data/R11/CEBUS-02-R11/CEBUS-02-R11__2022-03-02__07-01-43.MP4,0.0,60.081,60.727,29.970,MC,TOM,0.0,pound,Behavior,stand,tailsupport,None,,POINT,2.269,2.269,NA,Y:/capuchin_coiba/archive/rawdata/camera_trap_images/renamed_data/R11/CEBUS-02-R11/CEBUS-02-R11__2022-03-02__07-01-43.MP4,68,68,,,,
CEBUS-02-R11__2022-03-02__07-01-43,2025-08-27 22:09:07,corrected by LR,Media file,player #1:Y:/capuchin_coiba/archive/rawdata/camera_trap_images/renamed_data/R11/CEBUS-02-R11/CEBUS-02-R11__2022-03-02__07-01-43.MP4,0.0,60.081,60.727,29.970,MC,TOM,0.0,seqend,Sequence info,opened,None,None,None,POINT,5.105,5.105,NA,Y:/capuchin_coiba/archive/rawdata/camera_trap_images/renamed_data/R11/CEBUS-02-R11/CEBUS-02-R11__2022-03-02__07-01-43.MP4,153,153,,,,
CEBUS-02-R11__2022-03-02__07-01-43,2025-08-27 22:09:07,corrected by LR,Media file,player #1:Y:/capuchin_coiba/archive/rawdata/camera_trap_images/renamed_data/R11/CEBUS-02-R11/CEBUS-02-R11__2022-03-02__07-01-43.MP4,0.0,60.081,60.727,29.970,MC,TOM,0.0,seqstart,Sequence info,almendrabrown,,,,POINT,27.427,27.427,NA,Y:/capuchin_coiba/archive/rawdata/camera_trap_images/renamed_data/R11/CEBUS-02-R11/CEBUS-02-R11__2022-03-02__07-01-43.MP4,822,822,,,,
CEBUS-02-R11__2022-03-02__07-01-43,2025-08-27 22:09:07,corrected by LR,Media file,player #1:Y:/capuchin_coiba/archive/rawdata/camera_trap_images/renamed_data/R11/CEBUS-02-R11/CEBUS-02-R11__2022-03-02__07-01-43.MP4,0.0,60.081,60.727,29.970,MC,TOM,0.0,hammerstone,Sequence info,onanvil,None,e_onanvil,,POINT,28.328,28.328,NA,Y:/capuchin_coiba/archive/rawdata/camera_trap_images/renamed_data/R11/CEBUS-02-R11/CEBUS-02-R11__2022-03-02__07-01-43.MP4,849,849,,,FRE,
CEBUS-02-R11__2022-03-02__07-01-43,2025-08-27 22:09:07,corrected by LR,Media file,player #1:Y:/capuchin_coiba/archive/rawdata/camera_trap_images/renamed_data/R11/CEBUS-02-R11/CEBUS-02-R11__2022-03-02__07-01-43.MP4,0.0,60.081,60.727,29.970,MC,TOM,0.0,pound,Behavior,jump,None,None,,POINT,29.363,29.363,NA,Y:/capuchin_coiba/archive/rawdata/camera_trap_images/renamed_data/R11/CEBUS-02-R11/CEBUS-02-R11__2022-03-02__07-01-43.MP4,880,880,,,,
CEBUS-02-R11__2022-03-02__07-01-43,2025-08-27 22:09:07,corrected by LR,Media file,player #1:Y:/capuchin_coiba/archive/rawdata/camera_trap_images/renamed_data/R11/CEBUS-02-R11/CEBUS-02-R11__2022-03-02__07-01-43.MP4,0.0,60.081,60.727,29.970,MC,TOM,0.0,pound,Behavior,stand,1foot,None,,POINT,30.631,30.631,NA,Y:/capuchin_coiba/archive/rawdata/camera_trap_images/renamed_data/R11/CEBUS-02-R11/CEBUS-02-R11__2022-03-02__07-01-43.MP4,918,918,,,,
CEBUS-02-R11__2022-03-02__07-01-43,2025-08-27 22:09:07,corrected by LR,Media file,player #1:Y:/capuchin_coiba/archive/rawdata/camera_trap_images/renamed_data/R11/CEBUS-02-R11/CEBUS-02-R11__2022-03-02__07-01-43.MP4,0.0,60.081,60.727,29.970,MC,TOM,0.0,pound,Behavior,stand,None,None,,POINT,31.932,31.932,NA,Y:/capuchin_coiba/archive/rawdata/camera_trap_images/renamed_data/R11/CEBUS-02-R11/CEBUS-02-R11__2022-03-02__07-01-43.MP4,957,957,,,,
CEBUS-02-R11__2022-03-02__07-01-43,2025-08-27 22:09:07,corrected by LR,Media file,player #1:Y:/capuchin_coiba/archive/rawdata/camera_trap_images/renamed_data/R11/CEBUS-02-R11/CEBUS-02-R11__2022-03-02__07-01-43.MP4,0.0,60.081,60.727,29.970,MC,TOM,0.0,pound,Behavior,stand,None,None,,POINT,33.133,33.133,NA,Y:/capuchin_coiba/archive/rawdata/camera_trap_images/renamed_data/R11/CEBUS-02-R11/CEBUS-02-R11__2022-03-02__07-01-43.MP4,993,993,,,,
CEBUS-02-R11__2022-03-02__07-01-43,2025-08-27 22:09:07,corrected by LR,Media file,player #1:Y:/capuchin_coiba/archive/rawdata/camera_trap_images/renamed_data/R11/CEBUS-02-R11/CEBUS-02-R11__2022-03-02__07-01-43.MP4,0.0,60.081,60.727,29.970,MC,TOM,0.0,reposit,Behavior,peel,,,,POINT,33.867,33.867,NA,Y:/capuchin_coiba/archive/rawdata/camera_trap_images/renamed_data/R11/CEBUS-02-R11/CEBUS-02-R11__2022-03-02__07-01-43.MP4,1015,1015,,,,
CEBUS-02-R11__2022-03-02__07-01-43,2025-08-27 22:09:07,corrected by LR,Media file,player #1:Y:/capuchin_coiba/archive/rawdata/camera_trap_images/renamed_data/R11/CEBUS-02-R11/CEBUS-02-R11__2022-03-02__07-01-43.MP4,0.0,60.081,60.727,29.970,MC,TOM,0.0,pound,Behavior,crouch,None,None,,POINT,37.037,37.037,NA,Y:/capuchin_coiba/archive/rawdata/camera_trap_images/renamed_data/R11/CEBUS-02-R11/CEBUS-02-R11__2022-03-02__07-01-43.MP4,1110,1110,,,,
CEBUS-02-R11__2022-03-02__07-01-43,2025-08-27 22:09:07,corrected by LR,Media file,player #1:Y:/capuchin_coiba/archive/rawdata/camera_trap_images/renamed_data/R11/CEBUS-02-R11/CEBUS-02-R11__2022-03-02__07-01-43.MP4,0.0,60.081,60.727,29.970,MC,TOM,0.0,seqend,Sequence info,opened,None,None,None,POINT,40.207,40.207,NA,Y:/capuchin_coiba/archive/rawdata/camera_trap_images/renamed_data/R11/CEBUS-02-R11/CEBUS-02-R11__2022-03-02__07-01-43.MP4,1205,1205,,,,
CEBUS-02-R11__2022-03-02__07-01-43,2025-08-27 22:09:07,corrected by LR,Media file,player #1:Y:/capuchin_coiba/archive/rawdata/camera_trap_images/renamed_data/R11/CEBUS-02-R11/CEBUS-02-R11__2022-03-02__07-01-43.MP4,0.0,60.081,60.727,29.970,MC,TOM,0.0,seqstart,Sequence info,almendraunknown,,,,POINT,59.126,59.126,NA,Y:/capuchin_coiba/archive/rawdata/camera_trap_images/renamed_data/R11/CEBUS-02-R11/CEBUS-02-R11__2022-03-02__07-01-43.MP4,1772,1772,,,,
CEBUS-02-R11__2022-03-02__07-01-43,2025-08-27 22:09:07,corrected by LR,Media file,player #1:Y:/capuchin_coiba/archive/rawdata/camera_trap_images/renamed_data/R11/CEBUS-02-R11/CEBUS-02-R11__2022-03-02__07-01-43.MP4,0.0,60.081,60.727,29.970,MC,TOM,0.0,hammerstone,Sequence info,onanvil,None,e_onanvil,,POINT,59.459,59.459,NA,Y:/capuchin_coiba/archive/rawdata/camera_trap_images/renamed_data/R11/CEBUS-02-R11/CEBUS-02-R11__2022-03-02__07-01-43.MP4,1782,1782,,,FRE,
CEBUS-02-R11__2022-03-02__07-01-43,2025-08-27 22:09:07,corrected by LR,Media file,player #1:Y:/capuchin_coiba/archive/rawdata/camera_trap_images/renamed_data/R11/CEBUS-02-R11/CEBUS-02-R11__2022-03-02__07-01-43.MP4,0.0,60.081,60.727,29.970,MC,TOM,0.0,seqend,Sequence info,seqcont,None,None,None,POINT,60.715,60.715,NA,Y:/capuchin_coiba/archive/rawdata/camera_trap_images/renamed_data/R11/CEBUS-02-R11/CEBUS-02-R11__2022-03-02__07-01-43.MP4,1820,1820,,,,
CEBUS-02-R11__2022-03-02__07-02-50,2025-08-27 22:10:31,corrected by LR,Media file,player #1:Y:/capuchin_coiba/archive/rawdata/camera_trap_images/renamed_data/R11/CEBUS-02-R11/CEBUS-02-R11__2022-03-02__07-02-50.MP4,0.0,59.843,60.560,29.970,MC,TOM,0.0,pound,Behavior,crouch,None,None,,POINT,0.701,0.701,NA,Y:/capuchin_coiba/archive/rawdata/camera_trap_images/renamed_data/R11/CEBUS-02-R11/CEBUS-02-R11__2022-03-02__07-02-50.MP4,21,21,,,,
CEBUS-02-R11__2022-03-02__07-02-50,2025-08-27 22:10:31,corrected by LR,Media file,player #1:Y:/capuchin_coiba/archive/rawdata/camera_trap_images/renamed_data/R11/CEBUS-02-R11/CEBUS-02-R11__2022-03-02__07-02-50.MP4,0.0,59.843,60.560,29.970,MC,TOM,0.0,seqend,Sequence info,opened,None,None,None,POINT,10.277,10.277,NA,Y:/capuchin_coiba/archive/rawdata/camera_trap_images/renamed_data/R11/CEBUS-02-R11/CEBUS-02-R11__2022-03-02__07-02-50.MP4,308,308,,,,
CEBUS-02-R11__2022-03-02__07-02-50,2025-08-27 22:10:31,corrected by LR,Media file,player #1:Y:/capuchin_coiba/archive/rawdata/camera_trap_images/renamed_data/R11/CEBUS-02-R11/CEBUS-02-R11__2022-03-02__07-02-50.MP4,0.0,59.843,60.560,29.970,MC,TOM,0.0,seqstart,Sequence info,almendrabrown,,,,POINT,49.550,49.550,NA,Y:/capuchin_coiba/archive/rawdata/camera_trap_images/renamed_data/R11/CEBUS-02-R11/CEBUS-02-R11__2022-03-02__07-02-50.MP4,1485,1485,,,,
CEBUS-02-R11__2022-03-02__07-02-50,2025-08-27 22:10:31,corrected by LR,Media file,player #1:Y:/capuchin_coiba/archive/rawdata/camera_trap_images/renamed_data/R11/CEBUS-02-R11/CEBUS-02-R11__2022-03-02__07-02-50.MP4,0.0,59.843,60.560,29.970,MC,TOM,0.0,hammerstone,Sequence info,onanvil,None,e_onanvil,,POINT,49.716,49.716,NA,Y:/capuchin_coiba/archive/rawdata/camera_trap_images/renamed_data/R11/CEBUS-02-R11/CEBUS-02-R11__2022-03-02__07-02-50.MP4,1490,1490,,,FRE,
CEBUS-02-R11__2022-03-02__07-02-50,2025-08-27 22:10:31,corrected by LR,Media file,player #1:Y:/capuchin_coiba/archive/rawdata/camera_trap_images/renamed_data/R11/CEBUS-02-R11/CEBUS-02-R11__2022-03-02__07-02-50.MP4,0.0,59.843,60.560,29.970,MC,TOM,0.0,pound,Behavior,stand,tailsupport,None,,POINT,50.984,50.984,NA,Y:/capuchin_coiba/archive/rawdata/camera_trap_images/renamed_data/R11/CEBUS-02-R11/CEBUS-02-R11__2022-03-02__07-02-50.MP4,1528,1528,,,,
CEBUS-02-R11__2022-03-02__07-02-50,2025-08-27 22:10:31,corrected by LR,Media file,player #1:Y:/capuchin_coiba/archive/rawdata/camera_trap_images/renamed_data/R11/CEBUS-02-R11/CEBUS-02-R11__2022-03-02__07-02-50.MP4,0.0,59.843,60.560,29.970,MC,TOM,0.0,pound,Behavior,stand,tailsupport,None,,POINT,52.219,52.219,NA,Y:/capuchin_coiba/archive/rawdata/camera_trap_images/renamed_data/R11/CEBUS-02-R11/CEBUS-02-R11__2022-03-02__07-02-50.MP4,1565,1565,,,,
CEBUS-02-R11__2022-03-02__07-02-50,2025-08-27 22:10:31,corrected by LR,Media file,player #1:Y:/capuchin_coiba/archive/rawdata/camera_trap_images/renamed_data/R11/CEBUS-02-R11/CEBUS-02-R11__2022-03-02__07-02-50.MP4,0.0,59.843,60.560,29.970,MC,TOM,0.0,reposit,Behavior,peel,,,,POINT,53.453,53.453,NA,Y:/capuchin_coiba/archive/rawdata/camera_trap_images/renamed_data/R11/CEBUS-02-R11/CEBUS-02-R11__2022-03-02__07-02-50.MP4,1602,1602,,,,
CEBUS-02-R11__2022-03-02__07-02-50,2025-08-27 22:10:31,corrected by LR,Media file,player #1:Y:/capuchin_coiba/archive/rawdata/camera_trap_images/renamed_data/R11/CEBUS-02-R11/CEBUS-02-R11__2022-03-02__07-02-50.MP4,0.0,59.843,60.560,29.970,MC,TOM,0.0,pound,Behavior,crouch,None,None,,POINT,55.522,55.522,NA,Y:/capuchin_coiba/archive/rawdata/camera_trap_images/renamed_data/R11/CEBUS-02-R11/CEBUS-02-R11__2022-03-02__07-02-50.MP4,1664,1664,,,,
CEBUS-02-R11__2022-03-02__07-02-50,2025-08-27 22:10:31,corrected by LR,Media file,player #1:Y:/capuchin_coiba/archive/rawdata/camera_trap_images/renamed_data/R11/CEBUS-02-R11/CEBUS-02-R11__2022-03-02__07-02-50.MP4,0.0,59.843,60.560,29.970,MC,TOM,0.0,seqend,Sequence info,opened,None,None,None,POINT,60.544,60.544,NA,Y:/capuchin_coiba/archive/rawdata/camera_trap_images/renamed_data/R11/CEBUS-02-R11/CEBUS-02-R11__2022-03-02__07-02-50.MP4,1815,1815,,,,
CEBUS-02-R11__2022-03-03__07-13-20,2025-08-27 22:14:10,corrected by LR,Media file,player #1:Y:/capuchin_coiba/archive/rawdata/camera_trap_images/renamed_data/R11/CEBUS-02-R11/CEBUS-02-R11__2022-03-03__07-13-20.MP4,0.0,23.524,60.894,29.970,MC,juvenileunknown,0.0,seqstart,Sequence info,almendrabrown,,,,POINT,3.470,3.470,NA,Y:/capuchin_coiba/archive/rawdata/camera_trap_images/renamed_data/R11/CEBUS-02-R11/CEBUS-02-R11__2022-03-03__07-13-20.MP4,104,104,,,check ID (was marked as PEA but I don't think so),
CEBUS-02-R11__2022-03-03__07-13-20,2025-08-27 22:14:10,corrected by LR,Media file,player #1:Y:/capuchin_coiba/archive/rawdata/camera_trap_images/renamed_data/R11/CEBUS-02-R11/CEBUS-02-R11__2022-03-03__07-13-20.MP4,0.0,23.524,60.894,29.970,MC,juvenileunknown,0.0,hammerstone,Sequence info,onanvil,None,e_onanvil,,POINT,3.670,3.670,NA,Y:/capuchin_coiba/archive/rawdata/camera_trap_images/renamed_data/R11/CEBUS-02-R11/CEBUS-02-R11__2022-03-03__07-13-20.MP4,110,110,,,PEB,
CEBUS-02-R11__2022-03-03__07-13-20,2025-08-27 22:14:10,corrected by LR,Media file,player #1:Y:/capuchin_coiba/archive/rawdata/camera_trap_images/renamed_data/R11/CEBUS-02-R11/CEBUS-02-R11__2022-03-03__07-13-20.MP4,0.0,23.524,60.894,29.970,MC,juvenileunknown,0.0,misstrike,Behavior,None,,,,POINT,4.137,4.137,NA,Y:/capuchin_coiba/archive/rawdata/camera_trap_images/renamed_data/R11/CEBUS-02-R11/CEBUS-02-R11__2022-03-03__07-13-20.MP4,124,124,,,,
CEBUS-02-R11__2022-03-03__07-13-20,2025-08-27 22:14:10,corrected by LR,Media file,player #1:Y:/capuchin_coiba/archive/rawdata/camera_trap_images/renamed_data/R11/CEBUS-02-R11/CEBUS-02-R11__2022-03-03__07-13-20.MP4,0.0,23.524,60.894,29.970,MC,juvenileunknown,0.0,pound,Behavior,crouch,None,None,,POINT,5.239,5.239,NA,Y:/capuchin_coiba/archive/rawdata/camera_trap_images/renamed_data/R11/CEBUS-02-R11/CEBUS-02-R11__2022-03-03__07-13-20.MP4,157,157,,,,
CEBUS-02-R11__2022-03-03__07-13-20,2025-08-27 22:14:10,corrected by LR,Media file,player #1:Y:/capuchin_coiba/archive/rawdata/camera_trap_images/renamed_data/R11/CEBUS-02-R11/CEBUS-02-R11__2022-03-03__07-13-20.MP4,0.0,23.524,60.894,29.970,MC,juvenileunknown,0.0,reposit,Behavior,item,,,,POINT,6.306,6.306,NA,Y:/capuchin_coiba/archive/rawdata/camera_trap_images/renamed_data/R11/CEBUS-02-R11/CEBUS-02-R11__2022-03-03__07-13-20.MP4,189,189,,,,
CEBUS-02-R11__2022-03-03__07-13-20,2025-08-27 22:14:10,corrected by LR,Media file,player #1:Y:/capuchin_coiba/archive/rawdata/camera_trap_images/renamed_data/R11/CEBUS-02-R11/CEBUS-02-R11__2022-03-03__07-13-20.MP4,0.0,23.524,60.894,29.970,MC,juvenileunknown,0.0,hammerswitch,Behavior,onanvil,None,,,POINT,6.940,6.940,NA,Y:/capuchin_coiba/archive/rawdata/camera_trap_images/renamed_data/R11/CEBUS-02-R11/CEBUS-02-R11__2022-03-03__07-13-20.MP4,208,208,,,FRE,
CEBUS-02-R11__2022-03-03__07-13-20,2025-08-27 22:14:10,corrected by LR,Media file,player #1:Y:/capuchin_coiba/archive/rawdata/camera_trap_images/renamed_data/R11/CEBUS-02-R11/CEBUS-02-R11__2022-03-03__07-13-20.MP4,0.0,23.524,60.894,29.970,MC,juvenileunknown,0.0,misstrike,Behavior,None,,,,POINT,7.875,7.875,NA,Y:/capuchin_coiba/archive/rawdata/camera_trap_images/renamed_data/R11/CEBUS-02-R11/CEBUS-02-R11__2022-03-03__07-13-20.MP4,236,236,,,,
CEBUS-02-R11__2022-03-03__07-13-20,2025-08-27 22:14:10,corrected by LR,Media file,player #1:Y:/capuchin_coiba/archive/rawdata/camera_trap_images/renamed_data/R11/CEBUS-02-R11/CEBUS-02-R11__2022-03-03__07-13-20.MP4,0.0,23.524,60.894,29.970,MC,juvenileunknown,0.0,hammerswitch,Behavior,onanvil,None,,,POINT,8.442,8.442,NA,Y:/capuchin_coiba/archive/rawdata/camera_trap_images/renamed_data/R11/CEBUS-02-R11/CEBUS-02-R11__2022-03-03__07-13-20.MP4,253,253,,,PEB,
CEBUS-02-R11__2022-03-03__07-13-20,2025-08-27 22:14:10,corrected by LR,Media file,player #1:Y:/capuchin_coiba/archive/rawdata/camera_trap_images/renamed_data/R11/CEBUS-02-R11/CEBUS-02-R11__2022-03-03__07-13-20.MP4,0.0,23.524,60.894,29.970,MC,juvenileunknown,0.0,reposit,Behavior,item,,,,POINT,9.176,9.176,NA,Y:/capuchin_coiba/archive/rawdata/camera_trap_images/renamed_data/R11/CEBUS-02-R11/CEBUS-02-R11__2022-03-03__07-13-20.MP4,275,275,,,,
CEBUS-02-R11__2022-03-03__07-13-20,2025-08-27 22:14:10,corrected by LR,Media file,player #1:Y:/capuchin_coiba/archive/rawdata/camera_trap_images/renamed_data/R11/CEBUS-02-R11/CEBUS-02-R11__2022-03-03__07-13-20.MP4,0.0,23.524,60.894,29.970,MC,juvenileunknown,0.0,pound,Behavior,crouch,1foot,None,,POINT,9.610,9.610,NA,Y:/capuchin_coiba/archive/rawdata/camera_trap_images/renamed_data/R11/CEBUS-02-R11/CEBUS-02-R11__2022-03-03__07-13-20.MP4,288,288,,,,
CEBUS-02-R11__2022-03-03__07-13-20,2025-08-27 22:14:10,corrected by LR,Media file,player #1:Y:/capuchin_coiba/archive/rawdata/camera_trap_images/renamed_data/R11/CEBUS-02-R11/CEBUS-02-R11__2022-03-03__07-13-20.MP4,0.0,23.524,60.894,29.970,MC,juvenileunknown,0.0,pound,Behavior,stand,None,overhead,,POINT,11.311,11.311,NA,Y:/capuchin_coiba/archive/rawdata/camera_trap_images/renamed_data/R11/CEBUS-02-R11/CEBUS-02-R11__2022-03-03__07-13-20.MP4,339,339,,,,
CEBUS-02-R11__2022-03-03__07-13-20,2025-08-27 22:14:10,corrected by LR,Media file,player #1:Y:/capuchin_coiba/archive/rawdata/camera_trap_images/renamed_data/R11/CEBUS-02-R11/CEBUS-02-R11__2022-03-03__07-13-20.MP4,0.0,23.524,60.894,29.970,MC,juvenileunknown,0.0,misstrike,Behavior,hammerlost,,,,POINT,12.079,12.079,NA,Y:/capuchin_coiba/archive/rawdata/camera_trap_images/renamed_data/R11/CEBUS-02-R11/CEBUS-02-R11__2022-03-03__07-13-20.MP4,362,362,,,,
CEBUS-02-R11__2022-03-03__07-13-20,2025-08-27 22:14:10,corrected by LR,Media file,player #1:Y:/capuchin_coiba/archive/rawdata/camera_trap_images/renamed_data/R11/CEBUS-02-R11/CEBUS-02-R11__2022-03-03__07-13-20.MP4,0.0,23.524,60.894,29.970,MC,juvenileunknown,0.0,misstrike,Behavior,None,,,,POINT,13.347,13.347,NA,Y:/capuchin_coiba/archive/rawdata/camera_trap_images/renamed_data/R11/CEBUS-02-R11/CEBUS-02-R11__2022-03-03__07-13-20.MP4,400,400,,,hits hammer down with Almendra in hand,
CEBUS-02-R11__2022-03-03__07-13-20,2025-08-27 22:14:10,corrected by LR,Media file,player #1:Y:/capuchin_coiba/archive/rawdata/camera_trap_images/renamed_data/R11/CEBUS-02-R11/CEBUS-02-R11__2022-03-03__07-13-20.MP4,0.0,23.524,60.894,29.970,MC,juvenileunknown,0.0,pound,Behavior,crouch,None,None,,POINT,14.615,14.615,NA,Y:/capuchin_coiba/archive/rawdata/camera_trap_images/renamed_data/R11/CEBUS-02-R11/CEBUS-02-R11__2022-03-03__07-13-20.MP4,438,438,,,,
CEBUS-02-R11__2022-03-03__07-13-20,2025-08-27 22:14:10,corrected by LR,Media file,player #1:Y:/capuchin_coiba/archive/rawdata/camera_trap_images/renamed_data/R11/CEBUS-02-R11/CEBUS-02-R11__2022-03-03__07-13-20.MP4,0.0,23.524,60.894,29.970,MC,juvenileunknown,0.0,misstrike,Behavior,hammerlost,,,,POINT,14.715,14.715,NA,Y:/capuchin_coiba/archive/rawdata/camera_trap_images/renamed_data/R11/CEBUS-02-R11/CEBUS-02-R11__2022-03-03__07-13-20.MP4,441,441,,,,
CEBUS-02-R11__2022-03-03__07-13-20,2025-08-27 22:14:10,corrected by LR,Media file,player #1:Y:/capuchin_coiba/archive/rawdata/camera_trap_images/renamed_data/R11/CEBUS-02-R11/CEBUS-02-R11__2022-03-03__07-13-20.MP4,0.0,23.524,60.894,29.970,MC,juvenileunknown,0.0,reposit,Behavior,peel,,,,POINT,16.617,16.617,NA,Y:/capuchin_coiba/archive/rawdata/camera_trap_images/renamed_data/R11/CEBUS-02-R11/CEBUS-02-R11__2022-03-03__07-13-20.MP4,498,498,,,,
CEBUS-02-R11__2022-03-03__07-13-20,2025-08-27 22:14:10,corrected by LR,Media file,player #1:Y:/capuchin_coiba/archive/rawdata/camera_trap_images/renamed_data/R11/CEBUS-02-R11/CEBUS-02-R11__2022-03-03__07-13-20.MP4,0.0,23.524,60.894,29.970,MC,juvenileunknown,0.0,misstrike,Behavior,None,,,,POINT,19.887,19.887,NA,Y:/capuchin_coiba/archive/rawdata/camera_trap_images/renamed_data/R11/CEBUS-02-R11/CEBUS-02-R11__2022-03-03__07-13-20.MP4,596,596,,,,
CEBUS-02-R11__2022-03-03__07-13-20,2025-08-27 22:14:10,corrected by LR,Media file,player #1:Y:/capuchin_coiba/archive/rawdata/camera_trap_images/renamed_data/R11/CEBUS-02-R11/CEBUS-02-R11__2022-03-03__07-13-20.MP4,0.0,23.524,60.894,29.970,MC,juvenileunknown,0.0,pound,Behavior,stand,tailsupport,None,,POINT,22.022,22.022,NA,Y:/capuchin_coiba/archive/rawdata/camera_trap_images/renamed_data/R11/CEBUS-02-R11/CEBUS-02-R11__2022-03-03__07-13-20.MP4,660,660,,,,
CEBUS-02-R11__2022-03-03__07-13-20,2025-08-27 22:14:10,corrected by LR,Media file,player #1:Y:/capuchin_coiba/archive/rawdata/camera_trap_images/renamed_data/R11/CEBUS-02-R11/CEBUS-02-R11__2022-03-03__07-13-20.MP4,0.0,23.524,60.894,29.970,MC,juvenileunknown,0.0,reposit,Behavior,peel,,,,POINT,25.392,25.392,NA,Y:/capuchin_coiba/archive/rawdata/camera_trap_images/renamed_data/R11/CEBUS-02-R11/CEBUS-02-R11__2022-03-03__07-13-20.MP4,761,761,,,,
CEBUS-02-R11__2022-03-03__07-13-20,2025-08-27 22:14:10,corrected by LR,Media file,player #1:Y:/capuchin_coiba/archive/rawdata/camera_trap_images/renamed_data/R11/CEBUS-02-R11/CEBUS-02-R11__2022-03-03__07-13-20.MP4,0.0,23.524,60.894,29.970,MC,juvenileunknown,0.0,seqend,Sequence info,relocated,None,None,None,POINT,26.994,26.994,NA,Y:/capuchin_coiba/archive/rawdata/camera_trap_images/renamed_data/R11/CEBUS-02-R11/CEBUS-02-R11__2022-03-03__07-13-20.MP4,809,809,,,,
CEBUS-02-R11__2022-03-03__13-18-08,2025-08-27 22:18:23,corrected by LR,Media file,player #1:Y:/capuchin_coiba/archive/rawdata/camera_trap_images/renamed_data/R11/CEBUS-02-R11/CEBUS-02-R11__2022-03-03__13-18-08.MP4,0.0,8.675,60.861,29.970,MC,SPT,0.0,seqstart,Sequence info,almendrared,,,,POINT,40.541,40.541,NA,Y:/capuchin_coiba/archive/rawdata/camera_trap_images/renamed_data/R11/CEBUS-02-R11/CEBUS-02-R11__2022-03-03__13-18-08.MP4,1215,1215,,,,
CEBUS-02-R11__2022-03-03__13-18-08,2025-08-27 22:18:23,corrected by LR,Media file,player #1:Y:/capuchin_coiba/archive/rawdata/camera_trap_images/renamed_data/R11/CEBUS-02-R11/CEBUS-02-R11__2022-03-03__13-18-08.MP4,0.0,8.675,60.861,29.970,MC,SPT,0.0,hammerstone,Sequence info,onanvil,None,e_onanvil,,POINT,40.707,40.707,NA,Y:/capuchin_coiba/archive/rawdata/camera_trap_images/renamed_data/R11/CEBUS-02-R11/CEBUS-02-R11__2022-03-03__13-18-08.MP4,1220,1220,,,FRE,
CEBUS-02-R11__2022-03-03__13-18-08,2025-08-27 22:18:23,corrected by LR,Media file,player #1:Y:/capuchin_coiba/archive/rawdata/camera_trap_images/renamed_data/R11/CEBUS-02-R11/CEBUS-02-R11__2022-03-03__13-18-08.MP4,0.0,8.675,60.861,29.970,MC,SPT,0.0,pound,Behavior,stand,None,None,,POINT,41.375,41.375,NA,Y:/capuchin_coiba/archive/rawdata/camera_trap_images/renamed_data/R11/CEBUS-02-R11/CEBUS-02-R11__2022-03-03__13-18-08.MP4,1240,1240,,,,
CEBUS-02-R11__2022-03-03__13-18-08,2025-08-27 22:18:23,corrected by LR,Media file,player #1:Y:/capuchin_coiba/archive/rawdata/camera_trap_images/renamed_data/R11/CEBUS-02-R11/CEBUS-02-R11__2022-03-03__13-18-08.MP4,0.0,8.675,60.861,29.970,MC,SPT,0.0,pound,Behavior,stand,None,overhead,,POINT,42.743,42.743,NA,Y:/capuchin_coiba/archive/rawdata/camera_trap_images/renamed_data/R11/CEBUS-02-R11/CEBUS-02-R11__2022-03-03__13-18-08.MP4,1281,1281,,,,
CEBUS-02-R11__2022-03-03__13-18-08,2025-08-27 22:18:23,corrected by LR,Media file,player #1:Y:/capuchin_coiba/archive/rawdata/camera_trap_images/renamed_data/R11/CEBUS-02-R11/CEBUS-02-R11__2022-03-03__13-18-08.MP4,0.0,8.675,60.861,29.970,MC,SPT,0.0,pound,Behavior,stand,None,None,,POINT,44.144,44.144,NA,Y:/capuchin_coiba/archive/rawdata/camera_trap_images/renamed_data/R11/CEBUS-02-R11/CEBUS-02-R11__2022-03-03__13-18-08.MP4,1323,1323,,,,
CEBUS-02-R11__2022-03-03__13-18-08,2025-08-27 22:18:23,corrected by LR,Media file,player #1:Y:/capuchin_coiba/archive/rawdata/camera_trap_images/renamed_data/R11/CEBUS-02-R11/CEBUS-02-R11__2022-03-03__13-18-08.MP4,0.0,8.675,60.861,29.970,MC,SPT,0.0,seqend,Sequence info,opened,None,None,None,POINT,49.216,49.216,NA,Y:/capuchin_coiba/archive/rawdata/camera_trap_images/renamed_data/R11/CEBUS-02-R11/CEBUS-02-R11__2022-03-03__13-18-08.MP4,1475,1475,,,,
CEBUS-02-R11__2022-03-03__13-21-25,2025-08-27 22:19:24,corrected by LR,Media file,player #1:Y:/capuchin_coiba/archive/rawdata/camera_trap_images/renamed_data/R11/CEBUS-02-R11/CEBUS-02-R11__2022-03-03__13-21-25.MP4,0.0,44.311,60.894,29.970,MC,SPT,0.0,seqstart,Sequence info,almendrabrown,,,,POINT,0.033,0.033,NA,Y:/capuchin_coiba/archive/rawdata/camera_trap_images/renamed_data/R11/CEBUS-02-R11/CEBUS-02-R11__2022-03-03__13-21-25.MP4,1,1,,,,
CEBUS-02-R11__2022-03-03__13-21-25,2025-08-27 22:19:24,corrected by LR,Media file,player #1:Y:/capuchin_coiba/archive/rawdata/camera_trap_images/renamed_data/R11/CEBUS-02-R11/CEBUS-02-R11__2022-03-03__13-21-25.MP4,0.0,44.311,60.894,29.970,MC,SPT,0.0,hammerstone,Sequence info,inhand,None,e_onanvil,,POINT,0.133,0.133,NA,Y:/capuchin_coiba/archive/rawdata/camera_trap_images/renamed_data/R11/CEBUS-02-R11/CEBUS-02-R11__2022-03-03__13-21-25.MP4,4,4,,,FRE,
CEBUS-02-R11__2022-03-03__13-21-25,2025-08-27 22:19:24,corrected by LR,Media file,player #1:Y:/capuchin_coiba/archive/rawdata/camera_trap_images/renamed_data/R11/CEBUS-02-R11/CEBUS-02-R11__2022-03-03__13-21-25.MP4,0.0,44.311,60.894,29.970,MC,SPT,0.0,pound,Behavior,stand,None,overhead,,POINT,1.535,1.535,NA,Y:/capuchin_coiba/archive/rawdata/camera_trap_images/renamed_data/R11/CEBUS-02-R11/CEBUS-02-R11__2022-03-03__13-21-25.MP4,46,46,,,,
CEBUS-02-R11__2022-03-03__13-21-25,2025-08-27 22:19:24,corrected by LR,Media file,player #1:Y:/capuchin_coiba/archive/rawdata/camera_trap_images/renamed_data/R11/CEBUS-02-R11/CEBUS-02-R11__2022-03-03__13-21-25.MP4,0.0,44.311,60.894,29.970,MC,SPT,0.0,reposit,Behavior,peel,,,,POINT,3.604,3.604,NA,Y:/capuchin_coiba/archive/rawdata/camera_trap_images/renamed_data/R11/CEBUS-02-R11/CEBUS-02-R11__2022-03-03__13-21-25.MP4,108,108,,,,
CEBUS-02-R11__2022-03-03__13-21-25,2025-08-27 22:19:24,corrected by LR,Media file,player #1:Y:/capuchin_coiba/archive/rawdata/camera_trap_images/renamed_data/R11/CEBUS-02-R11/CEBUS-02-R11__2022-03-03__13-21-25.MP4,0.0,44.311,60.894,29.970,MC,SPT,0.0,pound,Behavior,stand,None,None,,POINT,5.405,5.405,NA,Y:/capuchin_coiba/archive/rawdata/camera_trap_images/renamed_data/R11/CEBUS-02-R11/CEBUS-02-R11__2022-03-03__13-21-25.MP4,162,162,,,,
CEBUS-02-R11__2022-03-03__13-21-25,2025-08-27 22:19:24,corrected by LR,Media file,player #1:Y:/capuchin_coiba/archive/rawdata/camera_trap_images/renamed_data/R11/CEBUS-02-R11/CEBUS-02-R11__2022-03-03__13-21-25.MP4,0.0,44.311,60.894,29.970,MC,SPT,0.0,seqend,Sequence info,opened,None,None,None,POINT,8.976,8.976,NA,Y:/capuchin_coiba/archive/rawdata/camera_trap_images/renamed_data/R11/CEBUS-02-R11/CEBUS-02-R11__2022-03-03__13-21-25.MP4,269,269,,,,
CEBUS-02-R11__2022-03-03__13-21-25,2025-08-27 22:19:24,corrected by LR,Media file,player #1:Y:/capuchin_coiba/archive/rawdata/camera_trap_images/renamed_data/R11/CEBUS-02-R11/CEBUS-02-R11__2022-03-03__13-21-25.MP4,0.0,44.311,60.894,29.970,MC,SPT,0.0,seqstart,Sequence info,almendrabrown,,,,POINT,39.273,39.273,NA,Y:/capuchin_coiba/archive/rawdata/camera_trap_images/renamed_data/R11/CEBUS-02-R11/CEBUS-02-R11__2022-03-03__13-21-25.MP4,1177,1177,,,,
CEBUS-02-R11__2022-03-03__13-21-25,2025-08-27 22:19:24,corrected by LR,Media file,player #1:Y:/capuchin_coiba/archive/rawdata/camera_trap_images/renamed_data/R11/CEBUS-02-R11/CEBUS-02-R11__2022-03-03__13-21-25.MP4,0.0,44.311,60.894,29.970,MC,SPT,0.0,hammerstone,Sequence info,onanvil,None,e_onanvil,,POINT,39.373,39.373,NA,Y:/capuchin_coiba/archive/rawdata/camera_trap_images/renamed_data/R11/CEBUS-02-R11/CEBUS-02-R11__2022-03-03__13-21-25.MP4,1180,1180,,,FRE,
CEBUS-02-R11__2022-03-03__13-21-25,2025-08-27 22:19:24,corrected by LR,Media file,player #1:Y:/capuchin_coiba/archive/rawdata/camera_trap_images/renamed_data/R11/CEBUS-02-R11/CEBUS-02-R11__2022-03-03__13-21-25.MP4,0.0,44.311,60.894,29.970,MC,SPT,0.0,pound,Behavior,stand,None,None,,POINT,40.307,40.307,NA,Y:/capuchin_coiba/archive/rawdata/camera_trap_images/renamed_data/R11/CEBUS-02-R11/CEBUS-02-R11__2022-03-03__13-21-25.MP4,1208,1208,,,,
CEBUS-02-R11__2022-03-03__13-21-25,2025-08-27 22:19:24,corrected by LR,Media file,player #1:Y:/capuchin_coiba/archive/rawdata/camera_trap_images/renamed_data/R11/CEBUS-02-R11/CEBUS-02-R11__2022-03-03__13-21-25.MP4,0.0,44.311,60.894,29.970,MC,SPT,0.0,pound,Behavior,stand,None,None,,POINT,41.708,41.708,NA,Y:/capuchin_coiba/archive/rawdata/camera_trap_images/renamed_data/R11/CEBUS-02-R11/CEBUS-02-R11__2022-03-03__13-21-25.MP4,1250,1250,,,,
CEBUS-02-R11__2022-03-03__13-21-25,2025-08-27 22:19:24,corrected by LR,Media file,player #1:Y:/capuchin_coiba/archive/rawdata/camera_trap_images/renamed_data/R11/CEBUS-02-R11/CEBUS-02-R11__2022-03-03__13-21-25.MP4,0.0,44.311,60.894,29.970,MC,SPT,0.0,seqend,Sequence info,opened,None,None,None,POINT,44.344,44.344,NA,Y:/capuchin_coiba/archive/rawdata/camera_trap_images/renamed_data/R11/CEBUS-02-R11/CEBUS-02-R11__2022-03-03__13-21-25.MP4,1329,1329,,,,
CEBUS-02-R11__2022-03-03__13-22-48,2025-08-27 22:20:24,corrected by LR,Media file,player #1:Y:/capuchin_coiba/archive/rawdata/camera_trap_images/renamed_data/R11/CEBUS-02-R11/CEBUS-02-R11__2022-03-03__13-22-48.MP4,0.0,60.843,60.861,29.970,MC,SPT,0.0,seqstart,Sequence info,almendrabrown,,,,POINT,0.000,0.000,NA,Y:/capuchin_coiba/archive/rawdata/camera_trap_images/renamed_data/R11/CEBUS-02-R11/CEBUS-02-R11__2022-03-03__13-22-48.MP4,0,0,,,,
CEBUS-02-R11__2022-03-03__13-22-48,2025-08-27 22:20:24,corrected by LR,Media file,player #1:Y:/capuchin_coiba/archive/rawdata/camera_trap_images/renamed_data/R11/CEBUS-02-R11/CEBUS-02-R11__2022-03-03__13-22-48.MP4,0.0,60.843,60.861,29.970,MC,SPT,0.0,hammerstone,Sequence info,inhand,None,e_onanvil,,POINT,0.067,0.067,NA,Y:/capuchin_coiba/archive/rawdata/camera_trap_images/renamed_data/R11/CEBUS-02-R11/CEBUS-02-R11__2022-03-03__13-22-48.MP4,2,2,,,FRE,
CEBUS-02-R11__2022-03-03__13-22-48,2025-08-27 22:20:24,corrected by LR,Media file,player #1:Y:/capuchin_coiba/archive/rawdata/camera_trap_images/renamed_data/R11/CEBUS-02-R11/CEBUS-02-R11__2022-03-03__13-22-48.MP4,0.0,60.843,60.861,29.970,MC,SPT,0.0,pound,Behavior,stand,None,None,,POINT,0.434,0.434,NA,Y:/capuchin_coiba/archive/rawdata/camera_trap_images/renamed_data/R11/CEBUS-02-R11/CEBUS-02-R11__2022-03-03__13-22-48.MP4,13,13,,,,
CEBUS-02-R11__2022-03-03__13-22-48,2025-08-27 22:20:24,corrected by LR,Media file,player #1:Y:/capuchin_coiba/archive/rawdata/camera_trap_images/renamed_data/R11/CEBUS-02-R11/CEBUS-02-R11__2022-03-03__13-22-48.MP4,0.0,60.843,60.861,29.970,MC,SPT,0.0,reposit,Behavior,peel,,,,POINT,3.770,3.770,NA,Y:/capuchin_coiba/archive/rawdata/camera_trap_images/renamed_data/R11/CEBUS-02-R11/CEBUS-02-R11__2022-03-03__13-22-48.MP4,113,113,,,,
CEBUS-02-R11__2022-03-03__13-22-48,2025-08-27 22:20:24,corrected by LR,Media file,player #1:Y:/capuchin_coiba/archive/rawdata/camera_trap_images/renamed_data/R11/CEBUS-02-R11/CEBUS-02-R11__2022-03-03__13-22-48.MP4,0.0,60.843,60.861,29.970,MC,SPT,0.0,pound,Behavior,stand,None,None,,POINT,5.205,5.205,NA,Y:/capuchin_coiba/archive/rawdata/camera_trap_images/renamed_data/R11/CEBUS-02-R11/CEBUS-02-R11__2022-03-03__13-22-48.MP4,156,156,,,,
CEBUS-02-R11__2022-03-03__13-22-48,2025-08-27 22:20:24,corrected by LR,Media file,player #1:Y:/capuchin_coiba/archive/rawdata/camera_trap_images/renamed_data/R11/CEBUS-02-R11/CEBUS-02-R11__2022-03-03__13-22-48.MP4,0.0,60.843,60.861,29.970,MC,SPT,0.0,seqend,Sequence info,opened,None,None,None,POINT,7.808,7.808,NA,Y:/capuchin_coiba/archive/rawdata/camera_trap_images/renamed_data/R11/CEBUS-02-R11/CEBUS-02-R11__2022-03-03__13-22-48.MP4,234,234,,,,
CEBUS-02-R11__2022-03-03__13-22-48,2025-08-27 22:20:24,corrected by LR,Media file,player #1:Y:/capuchin_coiba/archive/rawdata/camera_trap_images/renamed_data/R11/CEBUS-02-R11/CEBUS-02-R11__2022-03-03__13-22-48.MP4,0.0,60.843,60.861,29.970,MC,SPT,0.0,seqstart,Sequence info,almendragreen,,,,POINT,32.432,32.432,NA,Y:/capuchin_coiba/archive/rawdata/camera_trap_images/renamed_data/R11/CEBUS-02-R11/CEBUS-02-R11__2022-03-03__13-22-48.MP4,972,972,,,,
CEBUS-02-R11__2022-03-03__13-22-48,2025-08-27 22:20:24,corrected by LR,Media file,player #1:Y:/capuchin_coiba/archive/rawdata/camera_trap_images/renamed_data/R11/CEBUS-02-R11/CEBUS-02-R11__2022-03-03__13-22-48.MP4,0.0,60.843,60.861,29.970,MC,SPT,0.0,hammerstone,Sequence info,onanvil,None,e_onanvil,,POINT,32.532,32.532,NA,Y:/capuchin_coiba/archive/rawdata/camera_trap_images/renamed_data/R11/CEBUS-02-R11/CEBUS-02-R11__2022-03-03__13-22-48.MP4,975,975,,,FRE,
CEBUS-02-R11__2022-03-03__13-22-48,2025-08-27 22:20:24,corrected by LR,Media file,player #1:Y:/capuchin_coiba/archive/rawdata/camera_trap_images/renamed_data/R11/CEBUS-02-R11/CEBUS-02-R11__2022-03-03__13-22-48.MP4,0.0,60.843,60.861,29.970,MC,SPT,0.0,pound,Behavior,stand,None,None,,POINT,34.434,34.434,NA,Y:/capuchin_coiba/archive/rawdata/camera_trap_images/renamed_data/R11/CEBUS-02-R11/CEBUS-02-R11__2022-03-03__13-22-48.MP4,1032,1032,,,,
CEBUS-02-R11__2022-03-03__13-22-48,2025-08-27 22:20:24,corrected by LR,Media file,player #1:Y:/capuchin_coiba/archive/rawdata/camera_trap_images/renamed_data/R11/CEBUS-02-R11/CEBUS-02-R11__2022-03-03__13-22-48.MP4,0.0,60.843,60.861,29.970,MC,SPT,0.0,pound,Behavior,stand,None,None,,POINT,35.736,35.736,NA,Y:/capuchin_coiba/archive/rawdata/camera_trap_images/renamed_data/R11/CEBUS-02-R11/CEBUS-02-R11__2022-03-03__13-22-48.MP4,1071,1071,,,,
CEBUS-02-R11__2022-03-03__13-22-48,2025-08-27 22:20:24,corrected by LR,Media file,player #1:Y:/capuchin_coiba/archive/rawdata/camera_trap_images/renamed_data/R11/CEBUS-02-R11/CEBUS-02-R11__2022-03-03__13-22-48.MP4,0.0,60.843,60.861,29.970,MC,SPT,0.0,pound,Behavior,stand,None,None,,POINT,37.070,37.070,NA,Y:/capuchin_coiba/archive/rawdata/camera_trap_images/renamed_data/R11/CEBUS-02-R11/CEBUS-02-R11__2022-03-03__13-22-48.MP4,1111,1111,,,,
CEBUS-02-R11__2022-03-03__13-22-48,2025-08-27 22:20:24,corrected by LR,Media file,player #1:Y:/capuchin_coiba/archive/rawdata/camera_trap_images/renamed_data/R11/CEBUS-02-R11/CEBUS-02-R11__2022-03-03__13-22-48.MP4,0.0,60.843,60.861,29.970,MC,SPT,0.0,pound,Behavior,stand,None,None,,POINT,38.472,38.472,NA,Y:/capuchin_coiba/archive/rawdata/camera_trap_images/renamed_data/R11/CEBUS-02-R11/CEBUS-02-R11__2022-03-03__13-22-48.MP4,1153,1153,,,,
CEBUS-02-R11__2022-03-03__13-22-48,2025-08-27 22:20:24,corrected by LR,Media file,player #1:Y:/capuchin_coiba/archive/rawdata/camera_trap_images/renamed_data/R11/CEBUS-02-R11/CEBUS-02-R11__2022-03-03__13-22-48.MP4,0.0,60.843,60.861,29.970,MC,SPT,0.0,seqend,Sequence info,opened,None,None,None,POINT,42.109,42.109,NA,Y:/capuchin_coiba/archive/rawdata/camera_trap_images/renamed_data/R11/CEBUS-02-R11/CEBUS-02-R11__2022-03-03__13-22-48.MP4,1262,1262,,,,
CEBUS-02-R11__2022-03-03__13-22-48,2025-08-27 22:20:24,corrected by LR,Media file,player #1:Y:/capuchin_coiba/archive/rawdata/camera_trap_images/renamed_data/R11/CEBUS-02-R11/CEBUS-02-R11__2022-03-03__13-22-48.MP4,0.0,60.843,60.861,29.970,MC,SPT,0.0,seqstart,Sequence info,almendrared,,,,POINT,56.490,56.490,NA,Y:/capuchin_coiba/archive/rawdata/camera_trap_images/renamed_data/R11/CEBUS-02-R11/CEBUS-02-R11__2022-03-03__13-22-48.MP4,1693,1693,,,,
CEBUS-02-R11__2022-03-03__13-22-48,2025-08-27 22:20:24,corrected by LR,Media file,player #1:Y:/capuchin_coiba/archive/rawdata/camera_trap_images/renamed_data/R11/CEBUS-02-R11/CEBUS-02-R11__2022-03-03__13-22-48.MP4,0.0,60.843,60.861,29.970,MC,SPT,0.0,hammerstone,Sequence info,onanvil,None,e_onanvil,,POINT,56.623,56.623,NA,Y:/capuchin_coiba/archive/rawdata/camera_trap_images/renamed_data/R11/CEBUS-02-R11/CEBUS-02-R11__2022-03-03__13-22-48.MP4,1697,1697,,,FRE,
CEBUS-02-R11__2022-03-03__13-22-48,2025-08-27 22:20:24,corrected by LR,Media file,player #1:Y:/capuchin_coiba/archive/rawdata/camera_trap_images/renamed_data/R11/CEBUS-02-R11/CEBUS-02-R11__2022-03-03__13-22-48.MP4,0.0,60.843,60.861,29.970,MC,SPT,0.0,pound,Behavior,stand,None,None,,POINT,58.926,58.926,NA,Y:/capuchin_coiba/archive/rawdata/camera_trap_images/renamed_data/R11/CEBUS-02-R11/CEBUS-02-R11__2022-03-03__13-22-48.MP4,1766,1766,,,,
CEBUS-02-R11__2022-03-03__13-22-48,2025-08-27 22:20:24,corrected by LR,Media file,player #1:Y:/capuchin_coiba/archive/rawdata/camera_trap_images/renamed_data/R11/CEBUS-02-R11/CEBUS-02-R11__2022-03-03__13-22-48.MP4,0.0,60.843,60.861,29.970,MC,SPT,0.0,pound,Behavior,stand,None,None,,POINT,60.561,60.561,NA,Y:/capuchin_coiba/archive/rawdata/camera_trap_images/renamed_data/R11/CEBUS-02-R11/CEBUS-02-R11__2022-03-03__13-22-48.MP4,1815,1815,,,,
CEBUS-02-R11__2022-03-03__13-22-48,2025-08-27 22:20:24,corrected by LR,Media file,player #1:Y:/capuchin_coiba/archive/rawdata/camera_trap_images/renamed_data/R11/CEBUS-02-R11/CEBUS-02-R11__2022-03-03__13-22-48.MP4,0.0,60.843,60.861,29.970,MC,SPT,0.0,seqend,Sequence info,None,None,None,None,POINT,60.843,60.843,NA,Y:/capuchin_coiba/archive/rawdata/camera_trap_images/renamed_data/R11/CEBUS-02-R11/CEBUS-02-R11__2022-03-03__13-22-48.MP4,1823,1823,,,"success missed, not on camera",
CEBUS-02-R11__2022-03-03__13-33-10,2025-08-27 22:21:56,corrected by LR,Media file,player #1:Y:/capuchin_coiba/archive/rawdata/camera_trap_images/renamed_data/R11/CEBUS-02-R11/CEBUS-02-R11__2022-03-03__13-33-10.MP4,0.0,5.038,60.894,29.970,MC,SPT,0.0,seqstart,Sequence info,almendragreen,,,,POINT,0.000,0.000,NA,Y:/capuchin_coiba/archive/rawdata/camera_trap_images/renamed_data/R11/CEBUS-02-R11/CEBUS-02-R11__2022-03-03__13-33-10.MP4,0,0,,,,
CEBUS-02-R11__2022-03-03__13-33-10,2025-08-27 22:21:56,corrected by LR,Media file,player #1:Y:/capuchin_coiba/archive/rawdata/camera_trap_images/renamed_data/R11/CEBUS-02-R11/CEBUS-02-R11__2022-03-03__13-33-10.MP4,0.0,5.038,60.894,29.970,MC,SPT,0.0,hammerstone,Sequence info,inhand,None,e_onanvil,,POINT,0.367,0.367,NA,Y:/capuchin_coiba/archive/rawdata/camera_trap_images/renamed_data/R11/CEBUS-02-R11/CEBUS-02-R11__2022-03-03__13-33-10.MP4,11,11,,,FRE,
CEBUS-02-R11__2022-03-03__13-33-10,2025-08-27 22:21:56,corrected by LR,Media file,player #1:Y:/capuchin_coiba/archive/rawdata/camera_trap_images/renamed_data/R11/CEBUS-02-R11/CEBUS-02-R11__2022-03-03__13-33-10.MP4,0.0,5.038,60.894,29.970,MC,SPT,0.0,pound,Behavior,stand,tailsupport,None,,POINT,1.301,1.301,NA,Y:/capuchin_coiba/archive/rawdata/camera_trap_images/renamed_data/R11/CEBUS-02-R11/CEBUS-02-R11__2022-03-03__13-33-10.MP4,39,39,,,,
CEBUS-02-R11__2022-03-03__13-33-10,2025-08-27 22:21:56,corrected by LR,Media file,player #1:Y:/capuchin_coiba/archive/rawdata/camera_trap_images/renamed_data/R11/CEBUS-02-R11/CEBUS-02-R11__2022-03-03__13-33-10.MP4,0.0,5.038,60.894,29.970,MC,SPT,0.0,seqend,Sequence info,opened,None,None,None,POINT,5.038,5.038,NA,Y:/capuchin_coiba/archive/rawdata/camera_trap_images/renamed_data/R11/CEBUS-02-R11/CEBUS-02-R11__2022-03-03__13-33-10.MP4,151,151,,,,
CEBUS-02-R11__2022-03-03__13-46-21,2025-08-27 22:22:20,corrected by LR,Media file,player #1:Y:/capuchin_coiba/archive/rawdata/camera_trap_images/renamed_data/R11/CEBUS-02-R11/CEBUS-02-R11__2022-03-03__13-46-21.MP4,0.0,44.444,60.894,29.970,MC,BAL,0.0,seqstart,Sequence info,almendrabrown,,,,POINT,0.000,0.000,NA,Y:/capuchin_coiba/archive/rawdata/camera_trap_images/renamed_data/R11/CEBUS-02-R11/CEBUS-02-R11__2022-03-03__13-46-21.MP4,0,0,,,,
CEBUS-02-R11__2022-03-03__13-46-21,2025-08-27 22:22:20,corrected by LR,Media file,player #1:Y:/capuchin_coiba/archive/rawdata/camera_trap_images/renamed_data/R11/CEBUS-02-R11/CEBUS-02-R11__2022-03-03__13-46-21.MP4,0.0,44.444,60.894,29.970,MC,BAL,0.0,hammerstone,Sequence info,inhand,None,e_onanvil,,POINT,0.100,0.100,NA,Y:/capuchin_coiba/archive/rawdata/camera_trap_images/renamed_data/R11/CEBUS-02-R11/CEBUS-02-R11__2022-03-03__13-46-21.MP4,3,3,,,FRE,
CEBUS-02-R11__2022-03-03__13-46-21,2025-08-27 22:22:20,corrected by LR,Media file,player #1:Y:/capuchin_coiba/archive/rawdata/camera_trap_images/renamed_data/R11/CEBUS-02-R11/CEBUS-02-R11__2022-03-03__13-46-21.MP4,0.0,44.444,60.894,29.970,MC,BAL,0.0,misstrike,Behavior,hammerlost,,,,POINT,0.133,0.133,NA,Y:/capuchin_coiba/archive/rawdata/camera_trap_images/renamed_data/R11/CEBUS-02-R11/CEBUS-02-R11__2022-03-03__13-46-21.MP4,4,4,,,,
CEBUS-02-R11__2022-03-03__13-46-21,2025-08-27 22:22:20,corrected by LR,Media file,player #1:Y:/capuchin_coiba/archive/rawdata/camera_trap_images/renamed_data/R11/CEBUS-02-R11/CEBUS-02-R11__2022-03-03__13-46-21.MP4,0.0,44.444,60.894,29.970,MC,BAL,0.0,pound,Behavior,stand,1foot,None,,POINT,2.236,2.236,NA,Y:/capuchin_coiba/archive/rawdata/camera_trap_images/renamed_data/R11/CEBUS-02-R11/CEBUS-02-R11__2022-03-03__13-46-21.MP4,67,67,,,,
CEBUS-02-R11__2022-03-03__13-46-21,2025-08-27 22:22:20,corrected by LR,Media file,player #1:Y:/capuchin_coiba/archive/rawdata/camera_trap_images/renamed_data/R11/CEBUS-02-R11/CEBUS-02-R11__2022-03-03__13-46-21.MP4,0.0,44.444,60.894,29.970,MC,BAL,0.0,reposit,Behavior,peel,,,,POINT,2.936,2.936,NA,Y:/capuchin_coiba/archive/rawdata/camera_trap_images/renamed_data/R11/CEBUS-02-R11/CEBUS-02-R11__2022-03-03__13-46-21.MP4,88,88,,,,
CEBUS-02-R11__2022-03-03__13-46-21,2025-08-27 22:22:20,corrected by LR,Media file,player #1:Y:/capuchin_coiba/archive/rawdata/camera_trap_images/renamed_data/R11/CEBUS-02-R11/CEBUS-02-R11__2022-03-03__13-46-21.MP4,0.0,44.444,60.894,29.970,MC,BAL,0.0,pound,Behavior,stand,1foot,None,,POINT,14.514,14.514,NA,Y:/capuchin_coiba/archive/rawdata/camera_trap_images/renamed_data/R11/CEBUS-02-R11/CEBUS-02-R11__2022-03-03__13-46-21.MP4,435,435,,,,
CEBUS-02-R11__2022-03-03__13-46-21,2025-08-27 22:22:20,corrected by LR,Media file,player #1:Y:/capuchin_coiba/archive/rawdata/camera_trap_images/renamed_data/R11/CEBUS-02-R11/CEBUS-02-R11__2022-03-03__13-46-21.MP4,0.0,44.444,60.894,29.970,MC,BAL,0.0,pound,Behavior,stand,1foot,None,,POINT,16.450,16.450,NA,Y:/capuchin_coiba/archive/rawdata/camera_trap_images/renamed_data/R11/CEBUS-02-R11/CEBUS-02-R11__2022-03-03__13-46-21.MP4,493,493,,,,
CEBUS-02-R11__2022-03-03__13-46-21,2025-08-27 22:22:20,corrected by LR,Media file,player #1:Y:/capuchin_coiba/archive/rawdata/camera_trap_images/renamed_data/R11/CEBUS-02-R11/CEBUS-02-R11__2022-03-03__13-46-21.MP4,0.0,44.444,60.894,29.970,MC,BAL,0.0,reposit,Behavior,item,,,,POINT,20.087,20.087,NA,Y:/capuchin_coiba/archive/rawdata/camera_trap_images/renamed_data/R11/CEBUS-02-R11/CEBUS-02-R11__2022-03-03__13-46-21.MP4,602,602,,,,
CEBUS-02-R11__2022-03-03__13-46-21,2025-08-27 22:22:20,corrected by LR,Media file,player #1:Y:/capuchin_coiba/archive/rawdata/camera_trap_images/renamed_data/R11/CEBUS-02-R11/CEBUS-02-R11__2022-03-03__13-46-21.MP4,0.0,44.444,60.894,29.970,MC,BAL,0.0,pound,Behavior,stand,1foot,None,,POINT,24.691,24.691,NA,Y:/capuchin_coiba/archive/rawdata/camera_trap_images/renamed_data/R11/CEBUS-02-R11/CEBUS-02-R11__2022-03-03__13-46-21.MP4,740,740,,,,
CEBUS-02-R11__2022-03-03__13-46-21,2025-08-27 22:22:20,corrected by LR,Media file,player #1:Y:/capuchin_coiba/archive/rawdata/camera_trap_images/renamed_data/R11/CEBUS-02-R11/CEBUS-02-R11__2022-03-03__13-46-21.MP4,0.0,44.444,60.894,29.970,MC,BAL,0.0,pound,Behavior,stand,1foot,None,,POINT,27.594,27.594,NA,Y:/capuchin_coiba/archive/rawdata/camera_trap_images/renamed_data/R11/CEBUS-02-R11/CEBUS-02-R11__2022-03-03__13-46-21.MP4,827,827,,,,
CEBUS-02-R11__2022-03-03__13-46-21,2025-08-27 22:22:20,corrected by LR,Media file,player #1:Y:/capuchin_coiba/archive/rawdata/camera_trap_images/renamed_data/R11/CEBUS-02-R11/CEBUS-02-R11__2022-03-03__13-46-21.MP4,0.0,44.444,60.894,29.970,MC,BAL,0.0,pound,Behavior,stand,1foot,None,,POINT,29.363,29.363,NA,Y:/capuchin_coiba/archive/rawdata/camera_trap_images/renamed_data/R11/CEBUS-02-R11/CEBUS-02-R11__2022-03-03__13-46-21.MP4,880,880,,,,
CEBUS-02-R11__2022-03-03__13-46-21,2025-08-27 22:22:20,corrected by LR,Media file,player #1:Y:/capuchin_coiba/archive/rawdata/camera_trap_images/renamed_data/R11/CEBUS-02-R11/CEBUS-02-R11__2022-03-03__13-46-21.MP4,0.0,44.444,60.894,29.970,MC,BAL,0.0,pound,Behavior,stand,1foot,overhead,,POINT,31.164,31.164,NA,Y:/capuchin_coiba/archive/rawdata/camera_trap_images/renamed_data/R11/CEBUS-02-R11/CEBUS-02-R11__2022-03-03__13-46-21.MP4,934,934,,,,
CEBUS-02-R11__2022-03-03__13-46-21,2025-08-27 22:22:20,corrected by LR,Media file,player #1:Y:/capuchin_coiba/archive/rawdata/camera_trap_images/renamed_data/R11/CEBUS-02-R11/CEBUS-02-R11__2022-03-03__13-46-21.MP4,0.0,44.444,60.894,29.970,MC,BAL,0.0,reposit,Behavior,peel,,,,POINT,34.201,34.201,NA,Y:/capuchin_coiba/archive/rawdata/camera_trap_images/renamed_data/R11/CEBUS-02-R11/CEBUS-02-R11__2022-03-03__13-46-21.MP4,1025,1025,,,,
CEBUS-02-R11__2022-03-03__13-46-21,2025-08-27 22:22:20,corrected by LR,Media file,player #1:Y:/capuchin_coiba/archive/rawdata/camera_trap_images/renamed_data/R11/CEBUS-02-R11/CEBUS-02-R11__2022-03-03__13-46-21.MP4,0.0,44.444,60.894,29.970,MC,BAL,0.0,pound,Behavior,stand,1foot,overhead,,POINT,37.638,37.638,NA,Y:/capuchin_coiba/archive/rawdata/camera_trap_images/renamed_data/R11/CEBUS-02-R11/CEBUS-02-R11__2022-03-03__13-46-21.MP4,1128,1128,,,,
CEBUS-02-R11__2022-03-03__13-46-21,2025-08-27 22:22:20,corrected by LR,Media file,player #1:Y:/capuchin_coiba/archive/rawdata/camera_trap_images/renamed_data/R11/CEBUS-02-R11/CEBUS-02-R11__2022-03-03__13-46-21.MP4,0.0,44.444,60.894,29.970,MC,BAL,0.0,seqend,Sequence info,opened,None,None,None,POINT,44.444,44.444,NA,Y:/capuchin_coiba/archive/rawdata/camera_trap_images/renamed_data/R11/CEBUS-02-R11/CEBUS-02-R11__2022-03-03__13-46-21.MP4,1332,1332,,,,
CEBUS-02-R11__2022-03-03__17-16-49,2025-08-27 22:24:49,corrected by LR,Media file,player #1:Y:/capuchin_coiba/archive/rawdata/camera_trap_images/renamed_data/R11/CEBUS-02-R11/CEBUS-02-R11__2022-03-03__17-16-49.MP4,0.0,23.490,60.928,29.970,MC,MIC,0.0,seqstart,Sequence info,almendrared,,,,POINT,0.000,0.000,NA,Y:/capuchin_coiba/archive/rawdata/camera_trap_images/renamed_data/R11/CEBUS-02-R11/CEBUS-02-R11__2022-03-03__17-16-49.MP4,0,0,,,,
CEBUS-02-R11__2022-03-03__17-16-49,2025-08-27 22:24:49,corrected by LR,Media file,player #1:Y:/capuchin_coiba/archive/rawdata/camera_trap_images/renamed_data/R11/CEBUS-02-R11/CEBUS-02-R11__2022-03-03__17-16-49.MP4,0.0,23.490,60.928,29.970,MC,MIC,0.0,hammerstone,Sequence info,onanvil,None,e_onanvil,,POINT,0.067,0.067,NA,Y:/capuchin_coiba/archive/rawdata/camera_trap_images/renamed_data/R11/CEBUS-02-R11/CEBUS-02-R11__2022-03-03__17-16-49.MP4,2,2,,,FRE,
CEBUS-02-R11__2022-03-03__17-16-49,2025-08-27 22:24:49,corrected by LR,Media file,player #1:Y:/capuchin_coiba/archive/rawdata/camera_trap_images/renamed_data/R11/CEBUS-02-R11/CEBUS-02-R11__2022-03-03__17-16-49.MP4,0.0,23.490,60.928,29.970,MC,MIC,0.0,pound,Behavior,stand,None,None,,POINT,3.937,3.937,NA,Y:/capuchin_coiba/archive/rawdata/camera_trap_images/renamed_data/R11/CEBUS-02-R11/CEBUS-02-R11__2022-03-03__17-16-49.MP4,118,118,,,,
CEBUS-02-R11__2022-03-03__17-16-49,2025-08-27 22:24:49,corrected by LR,Media file,player #1:Y:/capuchin_coiba/archive/rawdata/camera_trap_images/renamed_data/R11/CEBUS-02-R11/CEBUS-02-R11__2022-03-03__17-16-49.MP4,0.0,23.490,60.928,29.970,MC,MIC,0.0,pound,Behavior,jump,None,None,,POINT,5.639,5.639,NA,Y:/capuchin_coiba/archive/rawdata/camera_trap_images/renamed_data/R11/CEBUS-02-R11/CEBUS-02-R11__2022-03-03__17-16-49.MP4,169,169,,,,
CEBUS-02-R11__2022-03-03__17-16-49,2025-08-27 22:24:49,corrected by LR,Media file,player #1:Y:/capuchin_coiba/archive/rawdata/camera_trap_images/renamed_data/R11/CEBUS-02-R11/CEBUS-02-R11__2022-03-03__17-16-49.MP4,0.0,23.490,60.928,29.970,MC,MIC,0.0,pound,Behavior,jump,None,None,,POINT,7.708,7.708,NA,Y:/capuchin_coiba/archive/rawdata/camera_trap_images/renamed_data/R11/CEBUS-02-R11/CEBUS-02-R11__2022-03-03__17-16-49.MP4,231,231,,,,
CEBUS-02-R11__2022-03-03__17-16-49,2025-08-27 22:24:49,corrected by LR,Media file,player #1:Y:/capuchin_coiba/archive/rawdata/camera_trap_images/renamed_data/R11/CEBUS-02-R11/CEBUS-02-R11__2022-03-03__17-16-49.MP4,0.0,23.490,60.928,29.970,MC,MIC,0.0,reposit,Behavior,item,,,,POINT,8.976,8.976,NA,Y:/capuchin_coiba/archive/rawdata/camera_trap_images/renamed_data/R11/CEBUS-02-R11/CEBUS-02-R11__2022-03-03__17-16-49.MP4,269,269,,,,
CEBUS-02-R11__2022-03-03__17-16-49,2025-08-27 22:24:49,corrected by LR,Media file,player #1:Y:/capuchin_coiba/archive/rawdata/camera_trap_images/renamed_data/R11/CEBUS-02-R11/CEBUS-02-R11__2022-03-03__17-16-49.MP4,0.0,23.490,60.928,29.970,MC,MIC,0.0,pound,Behavior,stand,None,None,,POINT,9.843,9.843,NA,Y:/capuchin_coiba/archive/rawdata/camera_trap_images/renamed_data/R11/CEBUS-02-R11/CEBUS-02-R11__2022-03-03__17-16-49.MP4,295,295,,,,
CEBUS-02-R11__2022-03-03__17-16-49,2025-08-27 22:24:49,corrected by LR,Media file,player #1:Y:/capuchin_coiba/archive/rawdata/camera_trap_images/renamed_data/R11/CEBUS-02-R11/CEBUS-02-R11__2022-03-03__17-16-49.MP4,0.0,23.490,60.928,29.970,MC,MIC,0.0,pound,Behavior,stand,None,None,,POINT,11.545,11.545,NA,Y:/capuchin_coiba/archive/rawdata/camera_trap_images/renamed_data/R11/CEBUS-02-R11/CEBUS-02-R11__2022-03-03__17-16-49.MP4,346,346,,,,
CEBUS-02-R11__2022-03-03__17-16-49,2025-08-27 22:24:49,corrected by LR,Media file,player #1:Y:/capuchin_coiba/archive/rawdata/camera_trap_images/renamed_data/R11/CEBUS-02-R11/CEBUS-02-R11__2022-03-03__17-16-49.MP4,0.0,23.490,60.928,29.970,MC,MIC,0.0,pound,Behavior,stand,None,None,,POINT,13.013,13.013,NA,Y:/capuchin_coiba/archive/rawdata/camera_trap_images/renamed_data/R11/CEBUS-02-R11/CEBUS-02-R11__2022-03-03__17-16-49.MP4,390,390,,,,
CEBUS-02-R11__2022-03-03__17-16-49,2025-08-27 22:24:49,corrected by LR,Media file,player #1:Y:/capuchin_coiba/archive/rawdata/camera_trap_images/renamed_data/R11/CEBUS-02-R11/CEBUS-02-R11__2022-03-03__17-16-49.MP4,0.0,23.490,60.928,29.970,MC,MIC,0.0,pound,Behavior,stand,1foot,None,,POINT,15.115,15.115,NA,Y:/capuchin_coiba/archive/rawdata/camera_trap_images/renamed_data/R11/CEBUS-02-R11/CEBUS-02-R11__2022-03-03__17-16-49.MP4,453,453,,,,
CEBUS-02-R11__2022-03-03__17-16-49,2025-08-27 22:24:49,corrected by LR,Media file,player #1:Y:/capuchin_coiba/archive/rawdata/camera_trap_images/renamed_data/R11/CEBUS-02-R11/CEBUS-02-R11__2022-03-03__17-16-49.MP4,0.0,23.490,60.928,29.970,MC,MIC,0.0,seqend,Sequence info,opened,noscrounging,nodisplacement,noattention,POINT,23.490,23.490,NA,Y:/capuchin_coiba/archive/rawdata/camera_trap_images/renamed_data/R11/CEBUS-02-R11/CEBUS-02-R11__2022-03-03__17-16-49.MP4,704,704,,,,
CEBUS-02-R11__2022-03-03__17-19-47,2025-08-27 22:25:48,corrected by LR,Media file,player #1:Y:/capuchin_coiba/archive/rawdata/camera_trap_images/renamed_data/R11/CEBUS-02-R11/CEBUS-02-R11__2022-03-03__17-19-47.MP4,0.0,18.385,60.928,29.970,MC,SPT,0.0,seqstart,Sequence info,almendrared,,,,POINT,0.000,0.000,NA,Y:/capuchin_coiba/archive/rawdata/camera_trap_images/renamed_data/R11/CEBUS-02-R11/CEBUS-02-R11__2022-03-03__17-19-47.MP4,0,0,,,,
CEBUS-02-R11__2022-03-03__17-19-47,2025-08-27 22:25:48,corrected by LR,Media file,player #1:Y:/capuchin_coiba/archive/rawdata/camera_trap_images/renamed_data/R11/CEBUS-02-R11/CEBUS-02-R11__2022-03-03__17-19-47.MP4,0.0,18.385,60.928,29.970,MC,SPT,0.0,hammerstone,Sequence info,inhand,None,e_onanvil,,POINT,0.067,0.067,NA,Y:/capuchin_coiba/archive/rawdata/camera_trap_images/renamed_data/R11/CEBUS-02-R11/CEBUS-02-R11__2022-03-03__17-19-47.MP4,2,2,,,FRE,
CEBUS-02-R11__2022-03-03__17-19-47,2025-08-27 22:25:48,corrected by LR,Media file,player #1:Y:/capuchin_coiba/archive/rawdata/camera_trap_images/renamed_data/R11/CEBUS-02-R11/CEBUS-02-R11__2022-03-03__17-19-47.MP4,0.0,18.385,60.928,29.970,MC,SPT,0.0,pound,Behavior,stand,None,None,,POINT,1.034,1.034,NA,Y:/capuchin_coiba/archive/rawdata/camera_trap_images/renamed_data/R11/CEBUS-02-R11/CEBUS-02-R11__2022-03-03__17-19-47.MP4,31,31,,,,
CEBUS-02-R11__2022-03-03__17-19-47,2025-08-27 22:25:48,corrected by LR,Media file,player #1:Y:/capuchin_coiba/archive/rawdata/camera_trap_images/renamed_data/R11/CEBUS-02-R11/CEBUS-02-R11__2022-03-03__17-19-47.MP4,0.0,18.385,60.928,29.970,MC,SPT,0.0,pound,Behavior,stand,None,None,,POINT,2.502,2.502,NA,Y:/capuchin_coiba/archive/rawdata/camera_trap_images/renamed_data/R11/CEBUS-02-R11/CEBUS-02-R11__2022-03-03__17-19-47.MP4,75,75,,,,
CEBUS-02-R11__2022-03-03__17-19-47,2025-08-27 22:25:48,corrected by LR,Media file,player #1:Y:/capuchin_coiba/archive/rawdata/camera_trap_images/renamed_data/R11/CEBUS-02-R11/CEBUS-02-R11__2022-03-03__17-19-47.MP4,0.0,18.385,60.928,29.970,MC,SPT,0.0,reposit,Behavior,item,,,,POINT,3.604,3.604,NA,Y:/capuchin_coiba/archive/rawdata/camera_trap_images/renamed_data/R11/CEBUS-02-R11/CEBUS-02-R11__2022-03-03__17-19-47.MP4,108,108,,,,
CEBUS-02-R11__2022-03-03__17-19-47,2025-08-27 22:25:48,corrected by LR,Media file,player #1:Y:/capuchin_coiba/archive/rawdata/camera_trap_images/renamed_data/R11/CEBUS-02-R11/CEBUS-02-R11__2022-03-03__17-19-47.MP4,0.0,18.385,60.928,29.970,MC,SPT,0.0,pound,Behavior,stand,None,None,,POINT,5.239,5.239,NA,Y:/capuchin_coiba/archive/rawdata/camera_trap_images/renamed_data/R11/CEBUS-02-R11/CEBUS-02-R11__2022-03-03__17-19-47.MP4,157,157,,,,
CEBUS-02-R11__2022-03-03__17-19-47,2025-08-27 22:25:48,corrected by LR,Media file,player #1:Y:/capuchin_coiba/archive/rawdata/camera_trap_images/renamed_data/R11/CEBUS-02-R11/CEBUS-02-R11__2022-03-03__17-19-47.MP4,0.0,18.385,60.928,29.970,MC,SPT,0.0,pound,Behavior,stand,None,None,,POINT,6.773,6.773,NA,Y:/capuchin_coiba/archive/rawdata/camera_trap_images/renamed_data/R11/CEBUS-02-R11/CEBUS-02-R11__2022-03-03__17-19-47.MP4,203,203,,,,
CEBUS-02-R11__2022-03-03__17-19-47,2025-08-27 22:25:48,corrected by LR,Media file,player #1:Y:/capuchin_coiba/archive/rawdata/camera_trap_images/renamed_data/R11/CEBUS-02-R11/CEBUS-02-R11__2022-03-03__17-19-47.MP4,0.0,18.385,60.928,29.970,MC,SPT,0.0,pound,Behavior,stand,None,None,,POINT,8.242,8.242,NA,Y:/capuchin_coiba/archive/rawdata/camera_trap_images/renamed_data/R11/CEBUS-02-R11/CEBUS-02-R11__2022-03-03__17-19-47.MP4,247,247,,,,
CEBUS-02-R11__2022-03-03__17-19-47,2025-08-27 22:25:48,corrected by LR,Media file,player #1:Y:/capuchin_coiba/archive/rawdata/camera_trap_images/renamed_data/R11/CEBUS-02-R11/CEBUS-02-R11__2022-03-03__17-19-47.MP4,0.0,18.385,60.928,29.970,MC,SPT,0.0,reposit,Behavior,peel,,,,POINT,9.776,9.776,NA,Y:/capuchin_coiba/archive/rawdata/camera_trap_images/renamed_data/R11/CEBUS-02-R11/CEBUS-02-R11__2022-03-03__17-19-47.MP4,293,293,,,,
CEBUS-02-R11__2022-03-03__17-19-47,2025-08-27 22:25:48,corrected by LR,Media file,player #1:Y:/capuchin_coiba/archive/rawdata/camera_trap_images/renamed_data/R11/CEBUS-02-R11/CEBUS-02-R11__2022-03-03__17-19-47.MP4,0.0,18.385,60.928,29.970,MC,SPT,0.0,pound,Behavior,stand,None,None,,POINT,14.014,14.014,NA,Y:/capuchin_coiba/archive/rawdata/camera_trap_images/renamed_data/R11/CEBUS-02-R11/CEBUS-02-R11__2022-03-03__17-19-47.MP4,420,420,,,,
CEBUS-02-R11__2022-03-03__17-19-47,2025-08-27 22:25:48,corrected by LR,Media file,player #1:Y:/capuchin_coiba/archive/rawdata/camera_trap_images/renamed_data/R11/CEBUS-02-R11/CEBUS-02-R11__2022-03-03__17-19-47.MP4,0.0,18.385,60.928,29.970,MC,SPT,0.0,pound,Behavior,stand,None,None,,POINT,15.449,15.449,NA,Y:/capuchin_coiba/archive/rawdata/camera_trap_images/renamed_data/R11/CEBUS-02-R11/CEBUS-02-R11__2022-03-03__17-19-47.MP4,463,463,,,,
CEBUS-02-R11__2022-03-03__17-19-47,2025-08-27 22:25:48,corrected by LR,Media file,player #1:Y:/capuchin_coiba/archive/rawdata/camera_trap_images/renamed_data/R11/CEBUS-02-R11/CEBUS-02-R11__2022-03-03__17-19-47.MP4,0.0,18.385,60.928,29.970,MC,SPT,0.0,seqend,Sequence info,opened,noscrounging,nodisplacement,noattention,POINT,18.385,18.385,NA,Y:/capuchin_coiba/archive/rawdata/camera_trap_images/renamed_data/R11/CEBUS-02-R11/CEBUS-02-R11__2022-03-03__17-19-47.MP4,551,551,,,,
CEBUS-02-R11__2022-03-03__17-21-32,2025-08-27 22:26:45,corrected by LR,Media file,player #1:Y:/capuchin_coiba/archive/rawdata/camera_trap_images/renamed_data/R11/CEBUS-02-R11/CEBUS-02-R11__2022-03-03__17-21-32.MP4,0.0,20.521,60.894,29.970,MC,SPT,0.0,seqstart,Sequence info,almendragreen,,,,POINT,0.000,0.000,NA,Y:/capuchin_coiba/archive/rawdata/camera_trap_images/renamed_data/R11/CEBUS-02-R11/CEBUS-02-R11__2022-03-03__17-21-32.MP4,0,0,,,yellow,
CEBUS-02-R11__2022-03-03__17-21-32,2025-08-27 22:26:45,corrected by LR,Media file,player #1:Y:/capuchin_coiba/archive/rawdata/camera_trap_images/renamed_data/R11/CEBUS-02-R11/CEBUS-02-R11__2022-03-03__17-21-32.MP4,0.0,20.521,60.894,29.970,MC,SPT,0.0,hammerstone,Sequence info,inhand,None,e_onanvil,,POINT,0.067,0.067,NA,Y:/capuchin_coiba/archive/rawdata/camera_trap_images/renamed_data/R11/CEBUS-02-R11/CEBUS-02-R11__2022-03-03__17-21-32.MP4,2,2,,,FRE,
CEBUS-02-R11__2022-03-03__17-21-32,2025-08-27 22:26:45,corrected by LR,Media file,player #1:Y:/capuchin_coiba/archive/rawdata/camera_trap_images/renamed_data/R11/CEBUS-02-R11/CEBUS-02-R11__2022-03-03__17-21-32.MP4,0.0,20.521,60.894,29.970,MC,SPT,0.0,pound,Behavior,stand,None,None,,POINT,1.134,1.134,NA,Y:/capuchin_coiba/archive/rawdata/camera_trap_images/renamed_data/R11/CEBUS-02-R11/CEBUS-02-R11__2022-03-03__17-21-32.MP4,34,34,,,,
CEBUS-02-R11__2022-03-03__17-21-32,2025-08-27 22:26:45,corrected by LR,Media file,player #1:Y:/capuchin_coiba/archive/rawdata/camera_trap_images/renamed_data/R11/CEBUS-02-R11/CEBUS-02-R11__2022-03-03__17-21-32.MP4,0.0,20.521,60.894,29.970,MC,SPT,0.0,pound,Behavior,stand,None,None,,POINT,2.603,2.603,NA,Y:/capuchin_coiba/archive/rawdata/camera_trap_images/renamed_data/R11/CEBUS-02-R11/CEBUS-02-R11__2022-03-03__17-21-32.MP4,78,78,,,,
CEBUS-02-R11__2022-03-03__17-21-32,2025-08-27 22:26:45,corrected by LR,Media file,player #1:Y:/capuchin_coiba/archive/rawdata/camera_trap_images/renamed_data/R11/CEBUS-02-R11/CEBUS-02-R11__2022-03-03__17-21-32.MP4,0.0,20.521,60.894,29.970,MC,SPT,0.0,misstrike,Behavior,itemflies,,,,POINT,2.636,2.636,NA,Y:/capuchin_coiba/archive/rawdata/camera_trap_images/renamed_data/R11/CEBUS-02-R11/CEBUS-02-R11__2022-03-03__17-21-32.MP4,79,79,,,,
CEBUS-02-R11__2022-03-03__17-21-32,2025-08-27 22:26:45,corrected by LR,Media file,player #1:Y:/capuchin_coiba/archive/rawdata/camera_trap_images/renamed_data/R11/CEBUS-02-R11/CEBUS-02-R11__2022-03-03__17-21-32.MP4,0.0,20.521,60.894,29.970,MC,SPT,0.0,pound,Behavior,stand,None,None,,POINT,11.311,11.311,NA,Y:/capuchin_coiba/archive/rawdata/camera_trap_images/renamed_data/R11/CEBUS-02-R11/CEBUS-02-R11__2022-03-03__17-21-32.MP4,339,339,,,,
CEBUS-02-R11__2022-03-03__17-21-32,2025-08-27 22:26:45,corrected by LR,Media file,player #1:Y:/capuchin_coiba/archive/rawdata/camera_trap_images/renamed_data/R11/CEBUS-02-R11/CEBUS-02-R11__2022-03-03__17-21-32.MP4,0.0,20.521,60.894,29.970,MC,SPT,0.0,pound,Behavior,stand,None,None,,POINT,12.746,12.746,NA,Y:/capuchin_coiba/archive/rawdata/camera_trap_images/renamed_data/R11/CEBUS-02-R11/CEBUS-02-R11__2022-03-03__17-21-32.MP4,382,382,,,,
CEBUS-02-R11__2022-03-03__17-21-32,2025-08-27 22:26:45,corrected by LR,Media file,player #1:Y:/capuchin_coiba/archive/rawdata/camera_trap_images/renamed_data/R11/CEBUS-02-R11/CEBUS-02-R11__2022-03-03__17-21-32.MP4,0.0,20.521,60.894,29.970,MC,SPT,0.0,pound,Behavior,stand,None,None,,POINT,14.248,14.248,NA,Y:/capuchin_coiba/archive/rawdata/camera_trap_images/renamed_data/R11/CEBUS-02-R11/CEBUS-02-R11__2022-03-03__17-21-32.MP4,427,427,,,,
CEBUS-02-R11__2022-03-03__17-21-32,2025-08-27 22:26:45,corrected by LR,Media file,player #1:Y:/capuchin_coiba/archive/rawdata/camera_trap_images/renamed_data/R11/CEBUS-02-R11/CEBUS-02-R11__2022-03-03__17-21-32.MP4,0.0,20.521,60.894,29.970,MC,SPT,0.0,pound,Behavior,stand,None,None,,POINT,15.482,15.482,NA,Y:/capuchin_coiba/archive/rawdata/camera_trap_images/renamed_data/R11/CEBUS-02-R11/CEBUS-02-R11__2022-03-03__17-21-32.MP4,464,464,,,,
CEBUS-02-R11__2022-03-03__17-21-32,2025-08-27 22:26:45,corrected by LR,Media file,player #1:Y:/capuchin_coiba/archive/rawdata/camera_trap_images/renamed_data/R11/CEBUS-02-R11/CEBUS-02-R11__2022-03-03__17-21-32.MP4,0.0,20.521,60.894,29.970,MC,SPT,0.0,pound,Behavior,stand,None,None,,POINT,17.184,17.184,NA,Y:/capuchin_coiba/archive/rawdata/camera_trap_images/renamed_data/R11/CEBUS-02-R11/CEBUS-02-R11__2022-03-03__17-21-32.MP4,515,515,,,,
CEBUS-02-R11__2022-03-03__17-21-32,2025-08-27 22:26:45,corrected by LR,Media file,player #1:Y:/capuchin_coiba/archive/rawdata/camera_trap_images/renamed_data/R11/CEBUS-02-R11/CEBUS-02-R11__2022-03-03__17-21-32.MP4,0.0,20.521,60.894,29.970,MC,SPT,0.0,seqend,Sequence info,opened,noscrounging,nodisplacement,noattention,POINT,20.521,20.521,NA,Y:/capuchin_coiba/archive/rawdata/camera_trap_images/renamed_data/R11/CEBUS-02-R11/CEBUS-02-R11__2022-03-03__17-21-32.MP4,615,615,,,,
CEBUS-02-R11__2022-03-03__17-30-53,2025-08-27 22:29:16,corrected by LR,Media file,player #1:Y:/capuchin_coiba/archive/rawdata/camera_trap_images/renamed_data/R11/CEBUS-02-R11/CEBUS-02-R11__2022-03-03__17-30-53.MP4,0.0,59.660,60.894,29.970,MC,SPT,0.0,seqstart,Sequence info,almendrabrown,,,,POINT,0.000,0.000,NA,Y:/capuchin_coiba/archive/rawdata/camera_trap_images/renamed_data/R11/CEBUS-02-R11/CEBUS-02-R11__2022-03-03__17-30-53.MP4,0,0,,,,
CEBUS-02-R11__2022-03-03__17-30-53,2025-08-27 22:29:16,corrected by LR,Media file,player #1:Y:/capuchin_coiba/archive/rawdata/camera_trap_images/renamed_data/R11/CEBUS-02-R11/CEBUS-02-R11__2022-03-03__17-30-53.MP4,0.0,59.660,60.894,29.970,MC,SPT,0.0,hammerstone,Sequence info,inhand,None,e_onanvil,,POINT,0.067,0.067,NA,Y:/capuchin_coiba/archive/rawdata/camera_trap_images/renamed_data/R11/CEBUS-02-R11/CEBUS-02-R11__2022-03-03__17-30-53.MP4,2,2,,,FRE,
CEBUS-02-R11__2022-03-03__17-30-53,2025-08-27 22:29:16,corrected by LR,Media file,player #1:Y:/capuchin_coiba/archive/rawdata/camera_trap_images/renamed_data/R11/CEBUS-02-R11/CEBUS-02-R11__2022-03-03__17-30-53.MP4,0.0,59.660,60.894,29.970,MC,SPT,0.0,pound,Behavior,stand,None,None,,POINT,1.869,1.869,NA,Y:/capuchin_coiba/archive/rawdata/camera_trap_images/renamed_data/R11/CEBUS-02-R11/CEBUS-02-R11__2022-03-03__17-30-53.MP4,56,56,,,,
CEBUS-02-R11__2022-03-03__17-30-53,2025-08-27 22:29:16,corrected by LR,Media file,player #1:Y:/capuchin_coiba/archive/rawdata/camera_trap_images/renamed_data/R11/CEBUS-02-R11/CEBUS-02-R11__2022-03-03__17-30-53.MP4,0.0,59.660,60.894,29.970,MC,SPT,0.0,pound,Behavior,stand,None,None,,POINT,3.103,3.103,NA,Y:/capuchin_coiba/archive/rawdata/camera_trap_images/renamed_data/R11/CEBUS-02-R11/CEBUS-02-R11__2022-03-03__17-30-53.MP4,93,93,,,,
CEBUS-02-R11__2022-03-03__17-30-53,2025-08-27 22:29:16,corrected by LR,Media file,player #1:Y:/capuchin_coiba/archive/rawdata/camera_trap_images/renamed_data/R11/CEBUS-02-R11/CEBUS-02-R11__2022-03-03__17-30-53.MP4,0.0,59.660,60.894,29.970,MC,SPT,0.0,pound,Behavior,crouch,None,None,,POINT,4.438,4.438,NA,Y:/capuchin_coiba/archive/rawdata/camera_trap_images/renamed_data/R11/CEBUS-02-R11/CEBUS-02-R11__2022-03-03__17-30-53.MP4,133,133,,,,
CEBUS-02-R11__2022-03-03__17-30-53,2025-08-27 22:29:16,corrected by LR,Media file,player #1:Y:/capuchin_coiba/archive/rawdata/camera_trap_images/renamed_data/R11/CEBUS-02-R11/CEBUS-02-R11__2022-03-03__17-30-53.MP4,0.0,59.660,60.894,29.970,MC,SPT,0.0,reposit,Behavior,peel,,,,POINT,6.039,6.039,NA,Y:/capuchin_coiba/archive/rawdata/camera_trap_images/renamed_data/R11/CEBUS-02-R11/CEBUS-02-R11__2022-03-03__17-30-53.MP4,181,181,,,,
CEBUS-02-R11__2022-03-03__17-30-53,2025-08-27 22:29:16,corrected by LR,Media file,player #1:Y:/capuchin_coiba/archive/rawdata/camera_trap_images/renamed_data/R11/CEBUS-02-R11/CEBUS-02-R11__2022-03-03__17-30-53.MP4,0.0,59.660,60.894,29.970,MC,SPT,0.0,pound,Behavior,stand,None,None,,POINT,27.961,27.961,NA,Y:/capuchin_coiba/archive/rawdata/camera_trap_images/renamed_data/R11/CEBUS-02-R11/CEBUS-02-R11__2022-03-03__17-30-53.MP4,838,838,,,,
CEBUS-02-R11__2022-03-03__17-30-53,2025-08-27 22:29:16,corrected by LR,Media file,player #1:Y:/capuchin_coiba/archive/rawdata/camera_trap_images/renamed_data/R11/CEBUS-02-R11/CEBUS-02-R11__2022-03-03__17-30-53.MP4,0.0,59.660,60.894,29.970,MC,SPT,0.0,pound,Behavior,stand,None,None,,POINT,29.229,29.229,NA,Y:/capuchin_coiba/archive/rawdata/camera_trap_images/renamed_data/R11/CEBUS-02-R11/CEBUS-02-R11__2022-03-03__17-30-53.MP4,876,876,,,,
CEBUS-02-R11__2022-03-03__17-30-53,2025-08-27 22:29:16,corrected by LR,Media file,player #1:Y:/capuchin_coiba/archive/rawdata/camera_trap_images/renamed_data/R11/CEBUS-02-R11/CEBUS-02-R11__2022-03-03__17-30-53.MP4,0.0,59.660,60.894,29.970,MC,SPT,0.0,seqend,Sequence info,opened,noscrounging,nodisplacement,noattention,POINT,30.864,30.864,NA,Y:/capuchin_coiba/archive/rawdata/camera_trap_images/renamed_data/R11/CEBUS-02-R11/CEBUS-02-R11__2022-03-03__17-30-53.MP4,925,925,,,,
CEBUS-02-R11__2022-03-03__17-30-53,2025-08-27 22:29:16,corrected by LR,Media file,player #1:Y:/capuchin_coiba/archive/rawdata/camera_trap_images/renamed_data/R11/CEBUS-02-R11/CEBUS-02-R11__2022-03-03__17-30-53.MP4,0.0,59.660,60.894,29.970,MC,SPT,0.0,seqstart,Sequence info,almendrabrown,,,,POINT,50.450,50.450,NA,Y:/capuchin_coiba/archive/rawdata/camera_trap_images/renamed_data/R11/CEBUS-02-R11/CEBUS-02-R11__2022-03-03__17-30-53.MP4,1512,1512,,,,
CEBUS-02-R11__2022-03-03__17-30-53,2025-08-27 22:29:16,corrected by LR,Media file,player #1:Y:/capuchin_coiba/archive/rawdata/camera_trap_images/renamed_data/R11/CEBUS-02-R11/CEBUS-02-R11__2022-03-03__17-30-53.MP4,0.0,59.660,60.894,29.970,MC,SPT,0.0,hammerstone,Sequence info,onanvil,None,e_onanvil,,POINT,50.550,50.550,NA,Y:/capuchin_coiba/archive/rawdata/camera_trap_images/renamed_data/R11/CEBUS-02-R11/CEBUS-02-R11__2022-03-03__17-30-53.MP4,1515,1515,,,FRE,
CEBUS-02-R11__2022-03-03__17-30-53,2025-08-27 22:29:16,corrected by LR,Media file,player #1:Y:/capuchin_coiba/archive/rawdata/camera_trap_images/renamed_data/R11/CEBUS-02-R11/CEBUS-02-R11__2022-03-03__17-30-53.MP4,0.0,59.660,60.894,29.970,MC,SPT,0.0,pound,Behavior,stand,None,None,,POINT,52.052,52.052,NA,Y:/capuchin_coiba/archive/rawdata/camera_trap_images/renamed_data/R11/CEBUS-02-R11/CEBUS-02-R11__2022-03-03__17-30-53.MP4,1560,1560,,,,
CEBUS-02-R11__2022-03-03__17-30-53,2025-08-27 22:29:16,corrected by LR,Media file,player #1:Y:/capuchin_coiba/archive/rawdata/camera_trap_images/renamed_data/R11/CEBUS-02-R11/CEBUS-02-R11__2022-03-03__17-30-53.MP4,0.0,59.660,60.894,29.970,MC,SPT,0.0,pound,Behavior,stand,None,None,,POINT,53.353,53.353,NA,Y:/capuchin_coiba/archive/rawdata/camera_trap_images/renamed_data/R11/CEBUS-02-R11/CEBUS-02-R11__2022-03-03__17-30-53.MP4,1599,1599,,,,
CEBUS-02-R11__2022-03-03__17-30-53,2025-08-27 22:29:16,corrected by LR,Media file,player #1:Y:/capuchin_coiba/archive/rawdata/camera_trap_images/renamed_data/R11/CEBUS-02-R11/CEBUS-02-R11__2022-03-03__17-30-53.MP4,0.0,59.660,60.894,29.970,MC,SPT,0.0,reposit,Behavior,peel,,,,POINT,54.488,54.488,NA,Y:/capuchin_coiba/archive/rawdata/camera_trap_images/renamed_data/R11/CEBUS-02-R11/CEBUS-02-R11__2022-03-03__17-30-53.MP4,1633,1633,,,,
CEBUS-02-R11__2022-03-03__17-30-53,2025-08-27 22:29:16,corrected by LR,Media file,player #1:Y:/capuchin_coiba/archive/rawdata/camera_trap_images/renamed_data/R11/CEBUS-02-R11/CEBUS-02-R11__2022-03-03__17-30-53.MP4,0.0,59.660,60.894,29.970,MC,SPT,0.0,pound,Behavior,crouch,None,None,,POINT,57.124,57.124,NA,Y:/capuchin_coiba/archive/rawdata/camera_trap_images/renamed_data/R11/CEBUS-02-R11/CEBUS-02-R11__2022-03-03__17-30-53.MP4,1712,1712,,,,
CEBUS-02-R11__2022-03-03__17-30-53,2025-08-27 22:29:16,corrected by LR,Media file,player #1:Y:/capuchin_coiba/archive/rawdata/camera_trap_images/renamed_data/R11/CEBUS-02-R11/CEBUS-02-R11__2022-03-03__17-30-53.MP4,0.0,59.660,60.894,29.970,MC,SPT,0.0,seqend,Sequence info,opened,noscrounging,nodisplacement,noattention,POINT,59.660,59.660,NA,Y:/capuchin_coiba/archive/rawdata/camera_trap_images/renamed_data/R11/CEBUS-02-R11/CEBUS-02-R11__2022-03-03__17-30-53.MP4,1788,1788,,,,
CEBUS-02-R11__2022-03-03__17-32-07,2025-08-27 22:32:29,corrected by LR,Media file,player #1:Y:/capuchin_coiba/archive/rawdata/camera_trap_images/renamed_data/R11/CEBUS-02-R11/CEBUS-02-R11__2022-03-03__17-32-07.MP4,0.0,60.727,60.861,29.970,MC,SPT,0.0,seqstart,Sequence info,almendraunknown,,,,POINT,0.000,0.000,NA,Y:/capuchin_coiba/archive/rawdata/camera_trap_images/renamed_data/R11/CEBUS-02-R11/CEBUS-02-R11__2022-03-03__17-32-07.MP4,0,0,,,,
CEBUS-02-R11__2022-03-03__17-32-07,2025-08-27 22:32:29,corrected by LR,Media file,player #1:Y:/capuchin_coiba/archive/rawdata/camera_trap_images/renamed_data/R11/CEBUS-02-R11/CEBUS-02-R11__2022-03-03__17-32-07.MP4,0.0,60.727,60.861,29.970,MC,SPT,0.0,hammerstone,Sequence info,inhand,None,e_onanvil,,POINT,0.067,0.067,NA,Y:/capuchin_coiba/archive/rawdata/camera_trap_images/renamed_data/R11/CEBUS-02-R11/CEBUS-02-R11__2022-03-03__17-32-07.MP4,2,2,,,FRE,
CEBUS-02-R11__2022-03-03__17-32-07,2025-08-27 22:32:29,corrected by LR,Media file,player #1:Y:/capuchin_coiba/archive/rawdata/camera_trap_images/renamed_data/R11/CEBUS-02-R11/CEBUS-02-R11__2022-03-03__17-32-07.MP4,0.0,60.727,60.861,29.970,MC,SPT,0.0,reposit,Behavior,peel,,,,POINT,0.534,0.534,NA,Y:/capuchin_coiba/archive/rawdata/camera_trap_images/renamed_data/R11/CEBUS-02-R11/CEBUS-02-R11__2022-03-03__17-32-07.MP4,16,16,,,,
CEBUS-02-R11__2022-03-03__17-32-07,2025-08-27 22:32:29,corrected by LR,Media file,player #1:Y:/capuchin_coiba/archive/rawdata/camera_trap_images/renamed_data/R11/CEBUS-02-R11/CEBUS-02-R11__2022-03-03__17-32-07.MP4,0.0,60.727,60.861,29.970,MC,SPT,0.0,pound,Behavior,crouch,None,None,,POINT,4.538,4.538,NA,Y:/capuchin_coiba/archive/rawdata/camera_trap_images/renamed_data/R11/CEBUS-02-R11/CEBUS-02-R11__2022-03-03__17-32-07.MP4,136,136,,,,
CEBUS-02-R11__2022-03-03__17-32-07,2025-08-27 22:32:29,corrected by LR,Media file,player #1:Y:/capuchin_coiba/archive/rawdata/camera_trap_images/renamed_data/R11/CEBUS-02-R11/CEBUS-02-R11__2022-03-03__17-32-07.MP4,0.0,60.727,60.861,29.970,MC,SPT,0.0,seqend,Sequence info,opened,noscrounging,nodisplacement,noattention,POINT,7.107,7.107,NA,Y:/capuchin_coiba/archive/rawdata/camera_trap_images/renamed_data/R11/CEBUS-02-R11/CEBUS-02-R11__2022-03-03__17-32-07.MP4,213,213,,,,
CEBUS-02-R11__2022-03-03__17-32-07,2025-08-27 22:32:29,corrected by LR,Media file,player #1:Y:/capuchin_coiba/archive/rawdata/camera_trap_images/renamed_data/R11/CEBUS-02-R11/CEBUS-02-R11__2022-03-03__17-32-07.MP4,0.0,60.727,60.861,29.970,MC,SPT,0.0,seqstart,Sequence info,almendrabrown,,,,POINT,17.851,17.851,NA,Y:/capuchin_coiba/archive/rawdata/camera_trap_images/renamed_data/R11/CEBUS-02-R11/CEBUS-02-R11__2022-03-03__17-32-07.MP4,535,535,,,,
CEBUS-02-R11__2022-03-03__17-32-07,2025-08-27 22:32:29,corrected by LR,Media file,player #1:Y:/capuchin_coiba/archive/rawdata/camera_trap_images/renamed_data/R11/CEBUS-02-R11/CEBUS-02-R11__2022-03-03__17-32-07.MP4,0.0,60.727,60.861,29.970,MC,SPT,0.0,hammerstone,Sequence info,onanvil,None,e_onanvil,,POINT,17.918,17.918,NA,Y:/capuchin_coiba/archive/rawdata/camera_trap_images/renamed_data/R11/CEBUS-02-R11/CEBUS-02-R11__2022-03-03__17-32-07.MP4,537,537,,,FRE,
CEBUS-02-R11__2022-03-03__17-32-07,2025-08-27 22:32:29,corrected by LR,Media file,player #1:Y:/capuchin_coiba/archive/rawdata/camera_trap_images/renamed_data/R11/CEBUS-02-R11/CEBUS-02-R11__2022-03-03__17-32-07.MP4,0.0,60.727,60.861,29.970,MC,SPT,0.0,pound,Behavior,stand,None,None,,POINT,19.253,19.253,NA,Y:/capuchin_coiba/archive/rawdata/camera_trap_images/renamed_data/R11/CEBUS-02-R11/CEBUS-02-R11__2022-03-03__17-32-07.MP4,577,577,,,,
CEBUS-02-R11__2022-03-03__17-32-07,2025-08-27 22:32:29,corrected by LR,Media file,player #1:Y:/capuchin_coiba/archive/rawdata/camera_trap_images/renamed_data/R11/CEBUS-02-R11/CEBUS-02-R11__2022-03-03__17-32-07.MP4,0.0,60.727,60.861,29.970,MC,SPT,0.0,pound,Behavior,stand,None,None,,POINT,20.721,20.721,NA,Y:/capuchin_coiba/archive/rawdata/camera_trap_images/renamed_data/R11/CEBUS-02-R11/CEBUS-02-R11__2022-03-03__17-32-07.MP4,621,621,,,,
CEBUS-02-R11__2022-03-03__17-32-07,2025-08-27 22:32:29,corrected by LR,Media file,player #1:Y:/capuchin_coiba/archive/rawdata/camera_trap_images/renamed_data/R11/CEBUS-02-R11/CEBUS-02-R11__2022-03-03__17-32-07.MP4,0.0,60.727,60.861,29.970,MC,SPT,0.0,seqend,Sequence info,opened,noscrounging,nodisplacement,noattention,POINT,24.391,24.391,NA,Y:/capuchin_coiba/archive/rawdata/camera_trap_images/renamed_data/R11/CEBUS-02-R11/CEBUS-02-R11__2022-03-03__17-32-07.MP4,731,731,,,,
CEBUS-02-R11__2022-03-03__17-32-07,2025-08-27 22:32:29,corrected by LR,Media file,player #1:Y:/capuchin_coiba/archive/rawdata/camera_trap_images/renamed_data/R11/CEBUS-02-R11/CEBUS-02-R11__2022-03-03__17-32-07.MP4,0.0,60.727,60.861,29.970,MC,SPT,0.0,seqstart,Sequence info,almendragreen,,,,POINT,51.518,51.518,NA,Y:/capuchin_coiba/archive/rawdata/camera_trap_images/renamed_data/R11/CEBUS-02-R11/CEBUS-02-R11__2022-03-03__17-32-07.MP4,1544,1544,,,,
CEBUS-02-R11__2022-03-03__17-32-07,2025-08-27 22:32:29,corrected by LR,Media file,player #1:Y:/capuchin_coiba/archive/rawdata/camera_trap_images/renamed_data/R11/CEBUS-02-R11/CEBUS-02-R11__2022-03-03__17-32-07.MP4,0.0,60.727,60.861,29.970,MC,SPT,0.0,hammerstone,Sequence info,onanvil,None,e_onanvil,,POINT,51.552,51.552,NA,Y:/capuchin_coiba/archive/rawdata/camera_trap_images/renamed_data/R11/CEBUS-02-R11/CEBUS-02-R11__2022-03-03__17-32-07.MP4,1545,1545,,,FRE,
CEBUS-02-R11__2022-03-03__17-32-07,2025-08-27 22:32:29,corrected by LR,Media file,player #1:Y:/capuchin_coiba/archive/rawdata/camera_trap_images/renamed_data/R11/CEBUS-02-R11/CEBUS-02-R11__2022-03-03__17-32-07.MP4,0.0,60.727,60.861,29.970,MC,SPT,0.0,pound,Behavior,stand,None,None,,POINT,52.185,52.185,NA,Y:/capuchin_coiba/archive/rawdata/camera_trap_images/renamed_data/R11/CEBUS-02-R11/CEBUS-02-R11__2022-03-03__17-32-07.MP4,1564,1564,,,,
CEBUS-02-R11__2022-03-03__17-32-07,2025-08-27 22:32:29,corrected by LR,Media file,player #1:Y:/capuchin_coiba/archive/rawdata/camera_trap_images/renamed_data/R11/CEBUS-02-R11/CEBUS-02-R11__2022-03-03__17-32-07.MP4,0.0,60.727,60.861,29.970,MC,SPT,0.0,pound,Behavior,stand,None,None,,POINT,54.154,54.154,NA,Y:/capuchin_coiba/archive/rawdata/camera_trap_images/renamed_data/R11/CEBUS-02-R11/CEBUS-02-R11__2022-03-03__17-32-07.MP4,1623,1623,,,,
CEBUS-02-R11__2022-03-03__17-32-07,2025-08-27 22:32:29,corrected by LR,Media file,player #1:Y:/capuchin_coiba/archive/rawdata/camera_trap_images/renamed_data/R11/CEBUS-02-R11/CEBUS-02-R11__2022-03-03__17-32-07.MP4,0.0,60.727,60.861,29.970,MC,SPT,0.0,pound,Behavior,stand,None,None,,POINT,55.522,55.522,NA,Y:/capuchin_coiba/archive/rawdata/camera_trap_images/renamed_data/R11/CEBUS-02-R11/CEBUS-02-R11__2022-03-03__17-32-07.MP4,1664,1664,,,,
CEBUS-02-R11__2022-03-03__17-32-07,2025-08-27 22:32:29,corrected by LR,Media file,player #1:Y:/capuchin_coiba/archive/rawdata/camera_trap_images/renamed_data/R11/CEBUS-02-R11/CEBUS-02-R11__2022-03-03__17-32-07.MP4,0.0,60.727,60.861,29.970,MC,SPT,0.0,reposit,Behavior,hammer,,,,POINT,56.823,56.823,NA,Y:/capuchin_coiba/archive/rawdata/camera_trap_images/renamed_data/R11/CEBUS-02-R11/CEBUS-02-R11__2022-03-03__17-32-07.MP4,1703,1703,,,,
CEBUS-02-R11__2022-03-03__17-32-07,2025-08-27 22:32:29,corrected by LR,Media file,player #1:Y:/capuchin_coiba/archive/rawdata/camera_trap_images/renamed_data/R11/CEBUS-02-R11/CEBUS-02-R11__2022-03-03__17-32-07.MP4,0.0,60.727,60.861,29.970,MC,SPT,0.0,pound,Behavior,stand,None,None,,POINT,57.858,57.858,NA,Y:/capuchin_coiba/archive/rawdata/camera_trap_images/renamed_data/R11/CEBUS-02-R11/CEBUS-02-R11__2022-03-03__17-32-07.MP4,1735,1735,,,,
CEBUS-02-R11__2022-03-03__17-32-07,2025-08-27 22:32:29,corrected by LR,Media file,player #1:Y:/capuchin_coiba/archive/rawdata/camera_trap_images/renamed_data/R11/CEBUS-02-R11/CEBUS-02-R11__2022-03-03__17-32-07.MP4,0.0,60.727,60.861,29.970,MC,SPT,0.0,seqend,Sequence info,opened,noscrounging,nodisplacement,noattention,POINT,60.727,60.727,NA,Y:/capuchin_coiba/archive/rawdata/camera_trap_images/renamed_data/R11/CEBUS-02-R11/CEBUS-02-R11__2022-03-03__17-32-07.MP4,1820,1820,,,,
CEBUS-02-R11__2022-03-03__17-36-57,2025-08-27 22:36:22,corrected by LR,Media file,player #1:Y:/capuchin_coiba/archive/rawdata/camera_trap_images/renamed_data/R11/CEBUS-02-R11/CEBUS-02-R11__2022-03-03__17-36-57.MP4,0.0,60.810,60.861,29.970,MC,BAL,0.0,seqstart,Sequence info,almendrabrown,,,,POINT,0.033,0.033,NA,Y:/capuchin_coiba/archive/rawdata/camera_trap_images/renamed_data/R11/CEBUS-02-R11/CEBUS-02-R11__2022-03-03__17-36-57.MP4,1,1,,,,
CEBUS-02-R11__2022-03-03__17-36-57,2025-08-27 22:36:22,corrected by LR,Media file,player #1:Y:/capuchin_coiba/archive/rawdata/camera_trap_images/renamed_data/R11/CEBUS-02-R11/CEBUS-02-R11__2022-03-03__17-36-57.MP4,0.0,60.810,60.861,29.970,MC,BAL,0.0,hammerstone,Sequence info,inhand,None,e_onanvil,,POINT,0.100,0.100,NA,Y:/capuchin_coiba/archive/rawdata/camera_trap_images/renamed_data/R11/CEBUS-02-R11/CEBUS-02-R11__2022-03-03__17-36-57.MP4,3,3,,,FRE,
CEBUS-02-R11__2022-03-03__17-36-57,2025-08-27 22:36:22,corrected by LR,Media file,player #1:Y:/capuchin_coiba/archive/rawdata/camera_trap_images/renamed_data/R11/CEBUS-02-R11/CEBUS-02-R11__2022-03-03__17-36-57.MP4,0.0,60.810,60.861,29.970,MC,BAL,0.0,pound,Behavior,stand,None,None,,POINT,1.268,1.268,NA,Y:/capuchin_coiba/archive/rawdata/camera_trap_images/renamed_data/R11/CEBUS-02-R11/CEBUS-02-R11__2022-03-03__17-36-57.MP4,38,38,,,,
CEBUS-02-R11__2022-03-03__17-36-57,2025-08-27 22:36:22,corrected by LR,Media file,player #1:Y:/capuchin_coiba/archive/rawdata/camera_trap_images/renamed_data/R11/CEBUS-02-R11/CEBUS-02-R11__2022-03-03__17-36-57.MP4,0.0,60.810,60.861,29.970,MC,BAL,0.0,pound,Behavior,stand,None,None,,POINT,2.903,2.903,NA,Y:/capuchin_coiba/archive/rawdata/camera_trap_images/renamed_data/R11/CEBUS-02-R11/CEBUS-02-R11__2022-03-03__17-36-57.MP4,87,87,,,,
CEBUS-02-R11__2022-03-03__17-36-57,2025-08-27 22:36:22,corrected by LR,Media file,player #1:Y:/capuchin_coiba/archive/rawdata/camera_trap_images/renamed_data/R11/CEBUS-02-R11/CEBUS-02-R11__2022-03-03__17-36-57.MP4,0.0,60.810,60.861,29.970,MC,BAL,0.0,reposit,Behavior,item,,,,POINT,4.605,4.605,NA,Y:/capuchin_coiba/archive/rawdata/camera_trap_images/renamed_data/R11/CEBUS-02-R11/CEBUS-02-R11__2022-03-03__17-36-57.MP4,138,138,,,,
CEBUS-02-R11__2022-03-03__17-36-57,2025-08-27 22:36:22,corrected by LR,Media file,player #1:Y:/capuchin_coiba/archive/rawdata/camera_trap_images/renamed_data/R11/CEBUS-02-R11/CEBUS-02-R11__2022-03-03__17-36-57.MP4,0.0,60.810,60.861,29.970,MC,BAL,0.0,pound,Behavior,stand,None,None,,POINT,6.039,6.039,NA,Y:/capuchin_coiba/archive/rawdata/camera_trap_images/renamed_data/R11/CEBUS-02-R11/CEBUS-02-R11__2022-03-03__17-36-57.MP4,181,181,,,,
CEBUS-02-R11__2022-03-03__17-36-57,2025-08-27 22:36:22,corrected by LR,Media file,player #1:Y:/capuchin_coiba/archive/rawdata/camera_trap_images/renamed_data/R11/CEBUS-02-R11/CEBUS-02-R11__2022-03-03__17-36-57.MP4,0.0,60.810,60.861,29.970,MC,BAL,0.0,reposit,Behavior,hammer,,,,POINT,8.442,8.442,NA,Y:/capuchin_coiba/archive/rawdata/camera_trap_images/renamed_data/R11/CEBUS-02-R11/CEBUS-02-R11__2022-03-03__17-36-57.MP4,253,253,,,,
CEBUS-02-R11__2022-03-03__17-36-57,2025-08-27 22:36:22,corrected by LR,Media file,player #1:Y:/capuchin_coiba/archive/rawdata/camera_trap_images/renamed_data/R11/CEBUS-02-R11/CEBUS-02-R11__2022-03-03__17-36-57.MP4,0.0,60.810,60.861,29.970,MC,BAL,0.0,pound,Behavior,stand,None,None,,POINT,10.344,10.344,NA,Y:/capuchin_coiba/archive/rawdata/camera_trap_images/renamed_data/R11/CEBUS-02-R11/CEBUS-02-R11__2022-03-03__17-36-57.MP4,310,310,,,,
CEBUS-02-R11__2022-03-03__17-36-57,2025-08-27 22:36:22,corrected by LR,Media file,player #1:Y:/capuchin_coiba/archive/rawdata/camera_trap_images/renamed_data/R11/CEBUS-02-R11/CEBUS-02-R11__2022-03-03__17-36-57.MP4,0.0,60.810,60.861,29.970,MC,BAL,0.0,seqend,Sequence info,opened,noscrounging,nodisplacement,noattention,POINT,13.580,13.580,NA,Y:/capuchin_coiba/archive/rawdata/camera_trap_images/renamed_data/R11/CEBUS-02-R11/CEBUS-02-R11__2022-03-03__17-36-57.MP4,407,407,,,,
CEBUS-02-R11__2022-03-03__17-36-57,2025-08-27 22:36:22,corrected by LR,Media file,player #1:Y:/capuchin_coiba/archive/rawdata/camera_trap_images/renamed_data/R11/CEBUS-02-R11/CEBUS-02-R11__2022-03-03__17-36-57.MP4,0.0,60.810,60.861,29.970,MC,BAL,0.0,seqstart,Sequence info,almendragreen,,,,POINT,51.184,51.184,NA,Y:/capuchin_coiba/archive/rawdata/camera_trap_images/renamed_data/R11/CEBUS-02-R11/CEBUS-02-R11__2022-03-03__17-36-57.MP4,1534,1534,,,,
CEBUS-02-R11__2022-03-03__17-36-57,2025-08-27 22:36:22,corrected by LR,Media file,player #1:Y:/capuchin_coiba/archive/rawdata/camera_trap_images/renamed_data/R11/CEBUS-02-R11/CEBUS-02-R11__2022-03-03__17-36-57.MP4,0.0,60.810,60.861,29.970,MC,BAL,0.0,hammerstone,Sequence info,onanvil,None,e_onanvil,,POINT,51.251,51.251,NA,Y:/capuchin_coiba/archive/rawdata/camera_trap_images/renamed_data/R11/CEBUS-02-R11/CEBUS-02-R11__2022-03-03__17-36-57.MP4,1536,1536,,,FRE,
CEBUS-02-R11__2022-03-03__17-36-57,2025-08-27 22:36:22,corrected by LR,Media file,player #1:Y:/capuchin_coiba/archive/rawdata/camera_trap_images/renamed_data/R11/CEBUS-02-R11/CEBUS-02-R11__2022-03-03__17-36-57.MP4,0.0,60.810,60.861,29.970,MC,BAL,0.0,pound,Behavior,stand,None,None,,POINT,53.453,53.453,NA,Y:/capuchin_coiba/archive/rawdata/camera_trap_images/renamed_data/R11/CEBUS-02-R11/CEBUS-02-R11__2022-03-03__17-36-57.MP4,1602,1602,,,,
CEBUS-02-R11__2022-03-03__17-36-57,2025-08-27 22:36:22,corrected by LR,Media file,player #1:Y:/capuchin_coiba/archive/rawdata/camera_trap_images/renamed_data/R11/CEBUS-02-R11/CEBUS-02-R11__2022-03-03__17-36-57.MP4,0.0,60.810,60.861,29.970,MC,BAL,0.0,misstrike,Behavior,itemflies,,,,POINT,53.487,53.487,NA,Y:/capuchin_coiba/archive/rawdata/camera_trap_images/renamed_data/R11/CEBUS-02-R11/CEBUS-02-R11__2022-03-03__17-36-57.MP4,1603,1603,,,,
CEBUS-02-R11__2022-03-03__17-36-57,2025-08-27 22:36:22,corrected by LR,Media file,player #1:Y:/capuchin_coiba/archive/rawdata/camera_trap_images/renamed_data/R11/CEBUS-02-R11/CEBUS-02-R11__2022-03-03__17-36-57.MP4,0.0,60.810,60.861,29.970,MC,BAL,0.0,pound,Behavior,stand,None,None,,POINT,55.956,55.956,NA,Y:/capuchin_coiba/archive/rawdata/camera_trap_images/renamed_data/R11/CEBUS-02-R11/CEBUS-02-R11__2022-03-03__17-36-57.MP4,1677,1677,,,,
CEBUS-02-R11__2022-03-03__17-36-57,2025-08-27 22:36:22,corrected by LR,Media file,player #1:Y:/capuchin_coiba/archive/rawdata/camera_trap_images/renamed_data/R11/CEBUS-02-R11/CEBUS-02-R11__2022-03-03__17-36-57.MP4,0.0,60.810,60.861,29.970,MC,BAL,0.0,reposit,Behavior,peel,,,,POINT,60.394,60.394,NA,Y:/capuchin_coiba/archive/rawdata/camera_trap_images/renamed_data/R11/CEBUS-02-R11/CEBUS-02-R11__2022-03-03__17-36-57.MP4,1810,1810,,,,
CEBUS-02-R11__2022-03-03__17-36-57,2025-08-27 22:36:22,corrected by LR,Media file,player #1:Y:/capuchin_coiba/archive/rawdata/camera_trap_images/renamed_data/R11/CEBUS-02-R11/CEBUS-02-R11__2022-03-03__17-36-57.MP4,0.0,60.810,60.861,29.970,MC,BAL,0.0,seqend,Sequence info,seqcont,noscrounging,nodisplacement,noattention,POINT,60.843,60.843,NA,Y:/capuchin_coiba/archive/rawdata/camera_trap_images/renamed_data/R11/CEBUS-02-R11/CEBUS-02-R11__2022-03-03__17-36-57.MP4,1823,1823,,,,
CEBUS-02-R11__2022-03-03__17-38-07,2025-08-27 22:37:08,corrected by LR,Media file,player #1:Y:/capuchin_coiba/archive/rawdata/camera_trap_images/renamed_data/R11/CEBUS-02-R11/CEBUS-02-R11__2022-03-03__17-38-07.MP4,0.0,52.152,60.861,29.970,MC,BAL,0.0,pound,Behavior,stand,None,None,,POINT,0.667,0.667,NA,Y:/capuchin_coiba/archive/rawdata/camera_trap_images/renamed_data/R11/CEBUS-02-R11/CEBUS-02-R11__2022-03-03__17-38-07.MP4,20,20,,,,
CEBUS-02-R11__2022-03-03__17-38-07,2025-08-27 22:37:08,corrected by LR,Media file,player #1:Y:/capuchin_coiba/archive/rawdata/camera_trap_images/renamed_data/R11/CEBUS-02-R11/CEBUS-02-R11__2022-03-03__17-38-07.MP4,0.0,52.152,60.861,29.970,MC,BAL,0.0,misstrike,Behavior,itemflies,,,,POINT,0.734,0.734,NA,Y:/capuchin_coiba/archive/rawdata/camera_trap_images/renamed_data/R11/CEBUS-02-R11/CEBUS-02-R11__2022-03-03__17-38-07.MP4,22,22,,,,
CEBUS-02-R11__2022-03-03__17-38-07,2025-08-27 22:37:08,corrected by LR,Media file,player #1:Y:/capuchin_coiba/archive/rawdata/camera_trap_images/renamed_data/R11/CEBUS-02-R11/CEBUS-02-R11__2022-03-03__17-38-07.MP4,0.0,52.152,60.861,29.970,MC,BAL,0.0,reposit,Behavior,peel,,,,POINT,2.269,2.269,NA,Y:/capuchin_coiba/archive/rawdata/camera_trap_images/renamed_data/R11/CEBUS-02-R11/CEBUS-02-R11__2022-03-03__17-38-07.MP4,68,68,,,,
CEBUS-02-R11__2022-03-03__17-38-07,2025-08-27 22:37:08,corrected by LR,Media file,player #1:Y:/capuchin_coiba/archive/rawdata/camera_trap_images/renamed_data/R11/CEBUS-02-R11/CEBUS-02-R11__2022-03-03__17-38-07.MP4,0.0,52.152,60.861,29.970,MC,BAL,0.0,misstrike,Behavior,None,,,,POINT,11.712,11.712,NA,Y:/capuchin_coiba/archive/rawdata/camera_trap_images/renamed_data/R11/CEBUS-02-R11/CEBUS-02-R11__2022-03-03__17-38-07.MP4,351,351,,,,
CEBUS-02-R11__2022-03-03__17-38-07,2025-08-27 22:37:08,corrected by LR,Media file,player #1:Y:/capuchin_coiba/archive/rawdata/camera_trap_images/renamed_data/R11/CEBUS-02-R11/CEBUS-02-R11__2022-03-03__17-38-07.MP4,0.0,52.152,60.861,29.970,MC,BAL,0.0,reposit,Behavior,item,,,,POINT,13.914,13.914,NA,Y:/capuchin_coiba/archive/rawdata/camera_trap_images/renamed_data/R11/CEBUS-02-R11/CEBUS-02-R11__2022-03-03__17-38-07.MP4,417,417,,,,
CEBUS-02-R11__2022-03-03__17-38-07,2025-08-27 22:37:08,corrected by LR,Media file,player #1:Y:/capuchin_coiba/archive/rawdata/camera_trap_images/renamed_data/R11/CEBUS-02-R11/CEBUS-02-R11__2022-03-03__17-38-07.MP4,0.0,52.152,60.861,29.970,MC,BAL,0.0,reposit,Behavior,hammer,,,,POINT,15.082,15.082,NA,Y:/capuchin_coiba/archive/rawdata/camera_trap_images/renamed_data/R11/CEBUS-02-R11/CEBUS-02-R11__2022-03-03__17-38-07.MP4,452,452,,,,
CEBUS-02-R11__2022-03-03__17-38-07,2025-08-27 22:37:08,corrected by LR,Media file,player #1:Y:/capuchin_coiba/archive/rawdata/camera_trap_images/renamed_data/R11/CEBUS-02-R11/CEBUS-02-R11__2022-03-03__17-38-07.MP4,0.0,52.152,60.861,29.970,MC,BAL,0.0,pound,Behavior,stand,1foot,None,,POINT,18.518,18.518,NA,Y:/capuchin_coiba/archive/rawdata/camera_trap_images/renamed_data/R11/CEBUS-02-R11/CEBUS-02-R11__2022-03-03__17-38-07.MP4,555,555,,,,
CEBUS-02-R11__2022-03-03__17-38-07,2025-08-27 22:37:08,corrected by LR,Media file,player #1:Y:/capuchin_coiba/archive/rawdata/camera_trap_images/renamed_data/R11/CEBUS-02-R11/CEBUS-02-R11__2022-03-03__17-38-07.MP4,0.0,52.152,60.861,29.970,MC,BAL,0.0,pound,Behavior,stand,None,None,,POINT,20.621,20.621,NA,Y:/capuchin_coiba/archive/rawdata/camera_trap_images/renamed_data/R11/CEBUS-02-R11/CEBUS-02-R11__2022-03-03__17-38-07.MP4,618,618,,,,
CEBUS-02-R11__2022-03-03__17-38-07,2025-08-27 22:37:08,corrected by LR,Media file,player #1:Y:/capuchin_coiba/archive/rawdata/camera_trap_images/renamed_data/R11/CEBUS-02-R11/CEBUS-02-R11__2022-03-03__17-38-07.MP4,0.0,52.152,60.861,29.970,MC,BAL,0.0,pound,Behavior,stand,None,None,,POINT,22.122,22.122,NA,Y:/capuchin_coiba/archive/rawdata/camera_trap_images/renamed_data/R11/CEBUS-02-R11/CEBUS-02-R11__2022-03-03__17-38-07.MP4,663,663,,,,
CEBUS-02-R11__2022-03-03__17-38-07,2025-08-27 22:37:08,corrected by LR,Media file,player #1:Y:/capuchin_coiba/archive/rawdata/camera_trap_images/renamed_data/R11/CEBUS-02-R11/CEBUS-02-R11__2022-03-03__17-38-07.MP4,0.0,52.152,60.861,29.970,MC,BAL,0.0,reposit,Behavior,peel,,,,POINT,24.491,24.491,NA,Y:/capuchin_coiba/archive/rawdata/camera_trap_images/renamed_data/R11/CEBUS-02-R11/CEBUS-02-R11__2022-03-03__17-38-07.MP4,734,734,,,,
CEBUS-02-R11__2022-03-03__17-38-07,2025-08-27 22:37:08,corrected by LR,Media file,player #1:Y:/capuchin_coiba/archive/rawdata/camera_trap_images/renamed_data/R11/CEBUS-02-R11/CEBUS-02-R11__2022-03-03__17-38-07.MP4,0.0,52.152,60.861,29.970,MC,BAL,0.0,reposit,Behavior,item,,,,POINT,26.960,26.960,NA,Y:/capuchin_coiba/archive/rawdata/camera_trap_images/renamed_data/R11/CEBUS-02-R11/CEBUS-02-R11__2022-03-03__17-38-07.MP4,808,808,,,,
CEBUS-02-R11__2022-03-03__17-38-07,2025-08-27 22:37:08,corrected by LR,Media file,player #1:Y:/capuchin_coiba/archive/rawdata/camera_trap_images/renamed_data/R11/CEBUS-02-R11/CEBUS-02-R11__2022-03-03__17-38-07.MP4,0.0,52.152,60.861,29.970,MC,BAL,0.0,pound,Behavior,stand,None,None,,POINT,32.966,32.966,NA,Y:/capuchin_coiba/archive/rawdata/camera_trap_images/renamed_data/R11/CEBUS-02-R11/CEBUS-02-R11__2022-03-03__17-38-07.MP4,988,988,,,,
CEBUS-02-R11__2022-03-03__17-38-07,2025-08-27 22:37:08,corrected by LR,Media file,player #1:Y:/capuchin_coiba/archive/rawdata/camera_trap_images/renamed_data/R11/CEBUS-02-R11/CEBUS-02-R11__2022-03-03__17-38-07.MP4,0.0,52.152,60.861,29.970,MC,BAL,0.0,reposit,Behavior,item,,,,POINT,36.169,36.169,NA,Y:/capuchin_coiba/archive/rawdata/camera_trap_images/renamed_data/R11/CEBUS-02-R11/CEBUS-02-R11__2022-03-03__17-38-07.MP4,1084,1084,,,,
CEBUS-02-R11__2022-03-03__17-38-07,2025-08-27 22:37:08,corrected by LR,Media file,player #1:Y:/capuchin_coiba/archive/rawdata/camera_trap_images/renamed_data/R11/CEBUS-02-R11/CEBUS-02-R11__2022-03-03__17-38-07.MP4,0.0,52.152,60.861,29.970,MC,BAL,0.0,pound,Behavior,stand,None,None,,POINT,38.372,38.372,NA,Y:/capuchin_coiba/archive/rawdata/camera_trap_images/renamed_data/R11/CEBUS-02-R11/CEBUS-02-R11__2022-03-03__17-38-07.MP4,1150,1150,,,,
CEBUS-02-R11__2022-03-03__17-38-07,2025-08-27 22:37:08,corrected by LR,Media file,player #1:Y:/capuchin_coiba/archive/rawdata/camera_trap_images/renamed_data/R11/CEBUS-02-R11/CEBUS-02-R11__2022-03-03__17-38-07.MP4,0.0,52.152,60.861,29.970,MC,BAL,0.0,pound,Behavior,stand,None,None,,POINT,41.074,41.074,NA,Y:/capuchin_coiba/archive/rawdata/camera_trap_images/renamed_data/R11/CEBUS-02-R11/CEBUS-02-R11__2022-03-03__17-38-07.MP4,1231,1231,,,,
CEBUS-02-R11__2022-03-03__17-38-07,2025-08-27 22:37:08,corrected by LR,Media file,player #1:Y:/capuchin_coiba/archive/rawdata/camera_trap_images/renamed_data/R11/CEBUS-02-R11/CEBUS-02-R11__2022-03-03__17-38-07.MP4,0.0,52.152,60.861,29.970,MC,BAL,0.0,reposit,Behavior,item,,,,POINT,42.509,42.509,NA,Y:/capuchin_coiba/archive/rawdata/camera_trap_images/renamed_data/R11/CEBUS-02-R11/CEBUS-02-R11__2022-03-03__17-38-07.MP4,1274,1274,,,,
CEBUS-02-R11__2022-03-03__17-38-07,2025-08-27 22:37:08,corrected by LR,Media file,player #1:Y:/capuchin_coiba/archive/rawdata/camera_trap_images/renamed_data/R11/CEBUS-02-R11/CEBUS-02-R11__2022-03-03__17-38-07.MP4,0.0,52.152,60.861,29.970,MC,BAL,0.0,pound,Behavior,stand,1foot,None,,POINT,46.613,46.613,NA,Y:/capuchin_coiba/archive/rawdata/camera_trap_images/renamed_data/R11/CEBUS-02-R11/CEBUS-02-R11__2022-03-03__17-38-07.MP4,1397,1397,,,,
CEBUS-02-R11__2022-03-03__17-38-07,2025-08-27 22:37:08,corrected by LR,Media file,player #1:Y:/capuchin_coiba/archive/rawdata/camera_trap_images/renamed_data/R11/CEBUS-02-R11/CEBUS-02-R11__2022-03-03__17-38-07.MP4,0.0,52.152,60.861,29.970,MC,BAL,0.0,reposit,Behavior,item,,,,POINT,48.348,48.348,NA,Y:/capuchin_coiba/archive/rawdata/camera_trap_images/renamed_data/R11/CEBUS-02-R11/CEBUS-02-R11__2022-03-03__17-38-07.MP4,1449,1449,,,,
CEBUS-02-R11__2022-03-03__17-38-07,2025-08-27 22:37:08,corrected by LR,Media file,player #1:Y:/capuchin_coiba/archive/rawdata/camera_trap_images/renamed_data/R11/CEBUS-02-R11/CEBUS-02-R11__2022-03-03__17-38-07.MP4,0.0,52.152,60.861,29.970,MC,BAL,0.0,pound,Behavior,stand,None,overhead,,POINT,50.651,50.651,NA,Y:/capuchin_coiba/archive/rawdata/camera_trap_images/renamed_data/R11/CEBUS-02-R11/CEBUS-02-R11__2022-03-03__17-38-07.MP4,1518,1518,,,,
CEBUS-02-R11__2022-03-03__17-38-07,2025-08-27 22:37:08,corrected by LR,Media file,player #1:Y:/capuchin_coiba/archive/rawdata/camera_trap_images/renamed_data/R11/CEBUS-02-R11/CEBUS-02-R11__2022-03-03__17-38-07.MP4,0.0,52.152,60.861,29.970,MC,BAL,0.0,seqend,Sequence info,opened,noscrounging,nodisplacement,noattention,POINT,52.819,52.819,NA,Y:/capuchin_coiba/archive/rawdata/camera_trap_images/renamed_data/R11/CEBUS-02-R11/CEBUS-02-R11__2022-03-03__17-38-07.MP4,1583,1583,,,,
CEBUS-02-R11__2022-03-03__17-53-05,2025-08-27 22:38:36,corrected by LR,Media file,player #1:Y:/capuchin_coiba/archive/rawdata/camera_trap_images/renamed_data/R11/CEBUS-02-R11/CEBUS-02-R11__2022-03-03__17-53-05.MP4,0.0,10.810,60.894,29.970,MC,SPT,0.0,seqstart,Sequence info,almendragreen,,,,POINT,36.904,36.904,NA,Y:/capuchin_coiba/archive/rawdata/camera_trap_images/renamed_data/R11/CEBUS-02-R11/CEBUS-02-R11__2022-03-03__17-53-05.MP4,1106,1106,,,,
CEBUS-02-R11__2022-03-03__17-53-05,2025-08-27 22:38:36,corrected by LR,Media file,player #1:Y:/capuchin_coiba/archive/rawdata/camera_trap_images/renamed_data/R11/CEBUS-02-R11/CEBUS-02-R11__2022-03-03__17-53-05.MP4,0.0,10.810,60.894,29.970,MC,SPT,0.0,hammerstone,Sequence info,onanvil,None,e_onanvil,,POINT,37.471,37.471,NA,Y:/capuchin_coiba/archive/rawdata/camera_trap_images/renamed_data/R11/CEBUS-02-R11/CEBUS-02-R11__2022-03-03__17-53-05.MP4,1123,1123,,,FRE,
CEBUS-02-R11__2022-03-03__17-53-05,2025-08-27 22:38:36,corrected by LR,Media file,player #1:Y:/capuchin_coiba/archive/rawdata/camera_trap_images/renamed_data/R11/CEBUS-02-R11/CEBUS-02-R11__2022-03-03__17-53-05.MP4,0.0,10.810,60.894,29.970,MC,SPT,0.0,pound,Behavior,stand,tailsupport,None,,POINT,38.272,38.272,NA,Y:/capuchin_coiba/archive/rawdata/camera_trap_images/renamed_data/R11/CEBUS-02-R11/CEBUS-02-R11__2022-03-03__17-53-05.MP4,1147,1147,,,,
CEBUS-02-R11__2022-03-03__17-53-05,2025-08-27 22:38:36,corrected by LR,Media file,player #1:Y:/capuchin_coiba/archive/rawdata/camera_trap_images/renamed_data/R11/CEBUS-02-R11/CEBUS-02-R11__2022-03-03__17-53-05.MP4,0.0,10.810,60.894,29.970,MC,SPT,0.0,pound,Behavior,stand,None,None,,POINT,40.574,40.574,NA,Y:/capuchin_coiba/archive/rawdata/camera_trap_images/renamed_data/R11/CEBUS-02-R11/CEBUS-02-R11__2022-03-03__17-53-05.MP4,1216,1216,,,,
CEBUS-02-R11__2022-03-03__17-53-05,2025-08-27 22:38:36,corrected by LR,Media file,player #1:Y:/capuchin_coiba/archive/rawdata/camera_trap_images/renamed_data/R11/CEBUS-02-R11/CEBUS-02-R11__2022-03-03__17-53-05.MP4,0.0,10.810,60.894,29.970,MC,SPT,0.0,pound,Behavior,stand,None,None,,POINT,41.942,41.942,NA,Y:/capuchin_coiba/archive/rawdata/camera_trap_images/renamed_data/R11/CEBUS-02-R11/CEBUS-02-R11__2022-03-03__17-53-05.MP4,1257,1257,,,,
CEBUS-02-R11__2022-03-03__17-53-05,2025-08-27 22:38:36,corrected by LR,Media file,player #1:Y:/capuchin_coiba/archive/rawdata/camera_trap_images/renamed_data/R11/CEBUS-02-R11/CEBUS-02-R11__2022-03-03__17-53-05.MP4,0.0,10.810,60.894,29.970,MC,SPT,0.0,pound,Behavior,crouch,None,None,,POINT,43.410,43.410,NA,Y:/capuchin_coiba/archive/rawdata/camera_trap_images/renamed_data/R11/CEBUS-02-R11/CEBUS-02-R11__2022-03-03__17-53-05.MP4,1301,1301,,,,
CEBUS-02-R11__2022-03-03__17-53-05,2025-08-27 22:38:36,corrected by LR,Media file,player #1:Y:/capuchin_coiba/archive/rawdata/camera_trap_images/renamed_data/R11/CEBUS-02-R11/CEBUS-02-R11__2022-03-03__17-53-05.MP4,0.0,10.810,60.894,29.970,MC,SPT,0.0,seqend,Sequence info,opened,noscrounging,nodisplacement,socialattention,POINT,47.714,47.714,NA,Y:/capuchin_coiba/archive/rawdata/camera_trap_images/renamed_data/R11/CEBUS-02-R11/CEBUS-02-R11__2022-03-03__17-53-05.MP4,1430,1430,,,,
CEBUS-02-R11__2022-03-03__17-54-23,2025-08-27 22:40:15,corrected by LR,Media file,player #1:Y:/capuchin_coiba/archive/rawdata/camera_trap_images/renamed_data/R11/CEBUS-02-R11/CEBUS-02-R11__2022-03-03__17-54-23.MP4,0.0,60.627,60.894,29.970,MC,SPT,0.0,seqstart,Sequence info,almendragreen,,,,POINT,0.000,0.000,NA,Y:/capuchin_coiba/archive/rawdata/camera_trap_images/renamed_data/R11/CEBUS-02-R11/CEBUS-02-R11__2022-03-03__17-54-23.MP4,0,0,,,,
CEBUS-02-R11__2022-03-03__17-54-23,2025-08-27 22:40:15,corrected by LR,Media file,player #1:Y:/capuchin_coiba/archive/rawdata/camera_trap_images/renamed_data/R11/CEBUS-02-R11/CEBUS-02-R11__2022-03-03__17-54-23.MP4,0.0,60.627,60.894,29.970,MC,SPT,0.0,hammerstone,Sequence info,inhand,None,e_onanvil,,POINT,0.067,0.067,NA,Y:/capuchin_coiba/archive/rawdata/camera_trap_images/renamed_data/R11/CEBUS-02-R11/CEBUS-02-R11__2022-03-03__17-54-23.MP4,2,2,,,FRE,
CEBUS-02-R11__2022-03-03__17-54-23,2025-08-27 22:40:15,corrected by LR,Media file,player #1:Y:/capuchin_coiba/archive/rawdata/camera_trap_images/renamed_data/R11/CEBUS-02-R11/CEBUS-02-R11__2022-03-03__17-54-23.MP4,0.0,60.627,60.894,29.970,MC,SPT,0.0,pound,Behavior,stand,None,overhead,,POINT,0.367,0.367,NA,Y:/capuchin_coiba/archive/rawdata/camera_trap_images/renamed_data/R11/CEBUS-02-R11/CEBUS-02-R11__2022-03-03__17-54-23.MP4,11,11,,,,
CEBUS-02-R11__2022-03-03__17-54-23,2025-08-27 22:40:15,corrected by LR,Media file,player #1:Y:/capuchin_coiba/archive/rawdata/camera_trap_images/renamed_data/R11/CEBUS-02-R11/CEBUS-02-R11__2022-03-03__17-54-23.MP4,0.0,60.627,60.894,29.970,MC,SPT,0.0,seqend,Sequence info,opened,scrounging,nodisplacement,noattention,POINT,3.604,3.604,NA,Y:/capuchin_coiba/archive/rawdata/camera_trap_images/renamed_data/R11/CEBUS-02-R11/CEBUS-02-R11__2022-03-03__17-54-23.MP4,108,108,,,,
CEBUS-02-R11__2022-03-03__17-54-23,2025-08-27 22:40:15,corrected by LR,Media file,player #1:Y:/capuchin_coiba/archive/rawdata/camera_trap_images/renamed_data/R11/CEBUS-02-R11/CEBUS-02-R11__2022-03-03__17-54-23.MP4,0.0,60.627,60.894,29.970,MC,SPT,0.0,seqstart,Sequence info,almendrabrown,,,,POINT,48.515,48.515,NA,Y:/capuchin_coiba/archive/rawdata/camera_trap_images/renamed_data/R11/CEBUS-02-R11/CEBUS-02-R11__2022-03-03__17-54-23.MP4,1454,1454,,,,
CEBUS-02-R11__2022-03-03__17-54-23,2025-08-27 22:40:15,corrected by LR,Media file,player #1:Y:/capuchin_coiba/archive/rawdata/camera_trap_images/renamed_data/R11/CEBUS-02-R11/CEBUS-02-R11__2022-03-03__17-54-23.MP4,0.0,60.627,60.894,29.970,MC,SPT,0.0,hammerstone,Sequence info,onanvil,None,e_onanvil,,POINT,48.582,48.582,NA,Y:/capuchin_coiba/archive/rawdata/camera_trap_images/renamed_data/R11/CEBUS-02-R11/CEBUS-02-R11__2022-03-03__17-54-23.MP4,1456,1456,,,FRE,
CEBUS-02-R11__2022-03-03__17-54-23,2025-08-27 22:40:15,corrected by LR,Media file,player #1:Y:/capuchin_coiba/archive/rawdata/camera_trap_images/renamed_data/R11/CEBUS-02-R11/CEBUS-02-R11__2022-03-03__17-54-23.MP4,0.0,60.627,60.894,29.970,MC,SPT,0.0,pound,Behavior,stand,tailsupport,None,,POINT,49.616,49.616,NA,Y:/capuchin_coiba/archive/rawdata/camera_trap_images/renamed_data/R11/CEBUS-02-R11/CEBUS-02-R11__2022-03-03__17-54-23.MP4,1487,1487,,,,
CEBUS-02-R11__2022-03-03__17-54-23,2025-08-27 22:40:15,corrected by LR,Media file,player #1:Y:/capuchin_coiba/archive/rawdata/camera_trap_images/renamed_data/R11/CEBUS-02-R11/CEBUS-02-R11__2022-03-03__17-54-23.MP4,0.0,60.627,60.894,29.970,MC,SPT,0.0,pound,Behavior,stand,tailsupport,None,,POINT,51.084,51.084,NA,Y:/capuchin_coiba/archive/rawdata/camera_trap_images/renamed_data/R11/CEBUS-02-R11/CEBUS-02-R11__2022-03-03__17-54-23.MP4,1531,1531,,,,
CEBUS-02-R11__2022-03-03__17-54-23,2025-08-27 22:40:15,corrected by LR,Media file,player #1:Y:/capuchin_coiba/archive/rawdata/camera_trap_images/renamed_data/R11/CEBUS-02-R11/CEBUS-02-R11__2022-03-03__17-54-23.MP4,0.0,60.627,60.894,29.970,MC,SPT,0.0,pound,Behavior,stand,tailsupport,None,,POINT,52.519,52.519,NA,Y:/capuchin_coiba/archive/rawdata/camera_trap_images/renamed_data/R11/CEBUS-02-R11/CEBUS-02-R11__2022-03-03__17-54-23.MP4,1574,1574,,,,
CEBUS-02-R11__2022-03-03__17-54-23,2025-08-27 22:40:15,corrected by LR,Media file,player #1:Y:/capuchin_coiba/archive/rawdata/camera_trap_images/renamed_data/R11/CEBUS-02-R11/CEBUS-02-R11__2022-03-03__17-54-23.MP4,0.0,60.627,60.894,29.970,MC,SPT,0.0,reposit,Behavior,peel,,,,POINT,55.322,55.322,NA,Y:/capuchin_coiba/archive/rawdata/camera_trap_images/renamed_data/R11/CEBUS-02-R11/CEBUS-02-R11__2022-03-03__17-54-23.MP4,1658,1658,,,,
CEBUS-02-R11__2022-03-03__17-54-23,2025-08-27 22:40:15,corrected by LR,Media file,player #1:Y:/capuchin_coiba/archive/rawdata/camera_trap_images/renamed_data/R11/CEBUS-02-R11/CEBUS-02-R11__2022-03-03__17-54-23.MP4,0.0,60.627,60.894,29.970,MC,SPT,0.0,pound,Behavior,stand,None,None,,POINT,56.657,56.657,NA,Y:/capuchin_coiba/archive/rawdata/camera_trap_images/renamed_data/R11/CEBUS-02-R11/CEBUS-02-R11__2022-03-03__17-54-23.MP4,1698,1698,,,,
CEBUS-02-R11__2022-03-03__17-54-23,2025-08-27 22:40:15,corrected by LR,Media file,player #1:Y:/capuchin_coiba/archive/rawdata/camera_trap_images/renamed_data/R11/CEBUS-02-R11/CEBUS-02-R11__2022-03-03__17-54-23.MP4,0.0,60.627,60.894,29.970,MC,SPT,0.0,seqend,Sequence info,opened,noscrounging,nodisplacement,noattention,POINT,60.627,60.627,NA,Y:/capuchin_coiba/archive/rawdata/camera_trap_images/renamed_data/R11/CEBUS-02-R11/CEBUS-02-R11__2022-03-03__17-54-23.MP4,1817,1817,,,,
CEBUS-02-R11__2022-03-03__17-58-38,2025-08-27 22:41:04,corrected by LR,Media file,player #1:Y:/capuchin_coiba/archive/rawdata/camera_trap_images/renamed_data/R11/CEBUS-02-R11/CEBUS-02-R11__2022-03-03__17-58-38.MP4,0.0,26.526,60.861,29.970,MC,SPT,0.0,seqstart,Sequence info,almendrabrown,,,,POINT,10.711,10.711,NA,Y:/capuchin_coiba/archive/rawdata/camera_trap_images/renamed_data/R11/CEBUS-02-R11/CEBUS-02-R11__2022-03-03__17-58-38.MP4,321,321,,,,
CEBUS-02-R11__2022-03-03__17-58-38,2025-08-27 22:41:04,corrected by LR,Media file,player #1:Y:/capuchin_coiba/archive/rawdata/camera_trap_images/renamed_data/R11/CEBUS-02-R11/CEBUS-02-R11__2022-03-03__17-58-38.MP4,0.0,26.526,60.861,29.970,MC,SPT,0.0,hammerstone,Sequence info,onanvil,None,e_onanvil,,POINT,10.811,10.811,NA,Y:/capuchin_coiba/archive/rawdata/camera_trap_images/renamed_data/R11/CEBUS-02-R11/CEBUS-02-R11__2022-03-03__17-58-38.MP4,324,324,,,FRE,
CEBUS-02-R11__2022-03-03__17-58-38,2025-08-27 22:41:04,corrected by LR,Media file,player #1:Y:/capuchin_coiba/archive/rawdata/camera_trap_images/renamed_data/R11/CEBUS-02-R11/CEBUS-02-R11__2022-03-03__17-58-38.MP4,0.0,26.526,60.861,29.970,MC,SPT,0.0,pound,Behavior,stand,None,None,,POINT,12.679,12.679,NA,Y:/capuchin_coiba/archive/rawdata/camera_trap_images/renamed_data/R11/CEBUS-02-R11/CEBUS-02-R11__2022-03-03__17-58-38.MP4,380,380,,,,
CEBUS-02-R11__2022-03-03__17-58-38,2025-08-27 22:41:04,corrected by LR,Media file,player #1:Y:/capuchin_coiba/archive/rawdata/camera_trap_images/renamed_data/R11/CEBUS-02-R11/CEBUS-02-R11__2022-03-03__17-58-38.MP4,0.0,26.526,60.861,29.970,MC,SPT,0.0,pound,Behavior,crouch,None,None,,POINT,14.514,14.514,NA,Y:/capuchin_coiba/archive/rawdata/camera_trap_images/renamed_data/R11/CEBUS-02-R11/CEBUS-02-R11__2022-03-03__17-58-38.MP4,435,435,,,,
CEBUS-02-R11__2022-03-03__17-58-38,2025-08-27 22:41:04,corrected by LR,Media file,player #1:Y:/capuchin_coiba/archive/rawdata/camera_trap_images/renamed_data/R11/CEBUS-02-R11/CEBUS-02-R11__2022-03-03__17-58-38.MP4,0.0,26.526,60.861,29.970,MC,SPT,0.0,pound,Behavior,crouch,None,None,,POINT,15.716,15.716,NA,Y:/capuchin_coiba/archive/rawdata/camera_trap_images/renamed_data/R11/CEBUS-02-R11/CEBUS-02-R11__2022-03-03__17-58-38.MP4,471,471,,,,
CEBUS-02-R11__2022-03-03__17-58-38,2025-08-27 22:41:04,corrected by LR,Media file,player #1:Y:/capuchin_coiba/archive/rawdata/camera_trap_images/renamed_data/R11/CEBUS-02-R11/CEBUS-02-R11__2022-03-03__17-58-38.MP4,0.0,26.526,60.861,29.970,MC,SPT,0.0,seqend,Sequence info,opened,noscrounging,nodisplacement,noattention,POINT,19.753,19.753,NA,Y:/capuchin_coiba/archive/rawdata/camera_trap_images/renamed_data/R11/CEBUS-02-R11/CEBUS-02-R11__2022-03-03__17-58-38.MP4,592,592,,,,
CEBUS-02-R11__2022-03-03__17-58-38,2025-08-27 22:41:04,corrected by LR,Media file,player #1:Y:/capuchin_coiba/archive/rawdata/camera_trap_images/renamed_data/R11/CEBUS-02-R11/CEBUS-02-R11__2022-03-03__17-58-38.MP4,0.0,26.526,60.861,29.970,MC,SPT,0.0,seqstart,Sequence info,almendrabrown,,,,POINT,31.932,31.932,NA,Y:/capuchin_coiba/archive/rawdata/camera_trap_images/renamed_data/R11/CEBUS-02-R11/CEBUS-02-R11__2022-03-03__17-58-38.MP4,957,957,,,,
CEBUS-02-R11__2022-03-03__17-58-38,2025-08-27 22:41:04,corrected by LR,Media file,player #1:Y:/capuchin_coiba/archive/rawdata/camera_trap_images/renamed_data/R11/CEBUS-02-R11/CEBUS-02-R11__2022-03-03__17-58-38.MP4,0.0,26.526,60.861,29.970,MC,SPT,0.0,hammerstone,Sequence info,onanvil,None,e_onanvil,,POINT,31.999,31.999,NA,Y:/capuchin_coiba/archive/rawdata/camera_trap_images/renamed_data/R11/CEBUS-02-R11/CEBUS-02-R11__2022-03-03__17-58-38.MP4,959,959,,,FRE,
CEBUS-02-R11__2022-03-03__17-58-38,2025-08-27 22:41:04,corrected by LR,Media file,player #1:Y:/capuchin_coiba/archive/rawdata/camera_trap_images/renamed_data/R11/CEBUS-02-R11/CEBUS-02-R11__2022-03-03__17-58-38.MP4,0.0,26.526,60.861,29.970,MC,SPT,0.0,pound,Behavior,stand,tailsupport,overhead,,POINT,33.467,33.467,NA,Y:/capuchin_coiba/archive/rawdata/camera_trap_images/renamed_data/R11/CEBUS-02-R11/CEBUS-02-R11__2022-03-03__17-58-38.MP4,1003,1003,,,,
CEBUS-02-R11__2022-03-03__17-58-38,2025-08-27 22:41:04,corrected by LR,Media file,player #1:Y:/capuchin_coiba/archive/rawdata/camera_trap_images/renamed_data/R11/CEBUS-02-R11/CEBUS-02-R11__2022-03-03__17-58-38.MP4,0.0,26.526,60.861,29.970,MC,SPT,0.0,pound,Behavior,stand,tailsupport,None,,POINT,34.768,34.768,NA,Y:/capuchin_coiba/archive/rawdata/camera_trap_images/renamed_data/R11/CEBUS-02-R11/CEBUS-02-R11__2022-03-03__17-58-38.MP4,1042,1042,,,,
CEBUS-02-R11__2022-03-03__17-58-38,2025-08-27 22:41:04,corrected by LR,Media file,player #1:Y:/capuchin_coiba/archive/rawdata/camera_trap_images/renamed_data/R11/CEBUS-02-R11/CEBUS-02-R11__2022-03-03__17-58-38.MP4,0.0,26.526,60.861,29.970,MC,SPT,0.0,seqend,Sequence info,opened,noscrounging,nodisplacement,noattention,POINT,37.237,37.237,NA,Y:/capuchin_coiba/archive/rawdata/camera_trap_images/renamed_data/R11/CEBUS-02-R11/CEBUS-02-R11__2022-03-03__17-58-38.MP4,1116,1116,,,,
CEBUS-02-R11__2022-03-04__06-38-47,2025-08-27 22:43:10,corrected by LR,Media file,player #1:Y:/capuchin_coiba/archive/rawdata/camera_trap_images/renamed_data/R11/CEBUS-02-R11/CEBUS-02-R11__2022-03-04__06-38-47.MP4,0.0,44.444,60.527,29.970,MC,SPT,0.0,seqstart,Sequence info,almendraunknown,,,,POINT,0.000,0.000,NA,Y:/capuchin_coiba/archive/rawdata/camera_trap_images/renamed_data/R11/CEBUS-02-R11/CEBUS-02-R11__2022-03-04__06-38-47.MP4,0,0,,,,
CEBUS-02-R11__2022-03-04__06-38-47,2025-08-27 22:43:10,corrected by LR,Media file,player #1:Y:/capuchin_coiba/archive/rawdata/camera_trap_images/renamed_data/R11/CEBUS-02-R11/CEBUS-02-R11__2022-03-04__06-38-47.MP4,0.0,44.444,60.527,29.970,MC,SPT,0.0,hammerstone,Sequence info,inhand,None,e_onanvil,,POINT,0.067,0.067,NA,Y:/capuchin_coiba/archive/rawdata/camera_trap_images/renamed_data/R11/CEBUS-02-R11/CEBUS-02-R11__2022-03-04__06-38-47.MP4,2,2,,,FRE,
CEBUS-02-R11__2022-03-04__06-38-47,2025-08-27 22:43:10,corrected by LR,Media file,player #1:Y:/capuchin_coiba/archive/rawdata/camera_trap_images/renamed_data/R11/CEBUS-02-R11/CEBUS-02-R11__2022-03-04__06-38-47.MP4,0.0,44.444,60.527,29.970,MC,SPT,0.0,pound,Behavior,crouch,None,None,,POINT,0.133,0.133,NA,Y:/capuchin_coiba/archive/rawdata/camera_trap_images/renamed_data/R11/CEBUS-02-R11/CEBUS-02-R11__2022-03-04__06-38-47.MP4,4,4,,,,
CEBUS-02-R11__2022-03-04__06-38-47,2025-08-27 22:43:10,corrected by LR,Media file,player #1:Y:/capuchin_coiba/archive/rawdata/camera_trap_images/renamed_data/R11/CEBUS-02-R11/CEBUS-02-R11__2022-03-04__06-38-47.MP4,0.0,44.444,60.527,29.970,MC,SPT,0.0,reposit,Behavior,item,,,,POINT,1.535,1.535,NA,Y:/capuchin_coiba/archive/rawdata/camera_trap_images/renamed_data/R11/CEBUS-02-R11/CEBUS-02-R11__2022-03-04__06-38-47.MP4,46,46,,,,
CEBUS-02-R11__2022-03-04__06-38-47,2025-08-27 22:43:10,corrected by LR,Media file,player #1:Y:/capuchin_coiba/archive/rawdata/camera_trap_images/renamed_data/R11/CEBUS-02-R11/CEBUS-02-R11__2022-03-04__06-38-47.MP4,0.0,44.444,60.527,29.970,MC,SPT,0.0,pound,Behavior,stand,tailsupport,None,,POINT,2.870,2.870,NA,Y:/capuchin_coiba/archive/rawdata/camera_trap_images/renamed_data/R11/CEBUS-02-R11/CEBUS-02-R11__2022-03-04__06-38-47.MP4,86,86,,,,
CEBUS-02-R11__2022-03-04__06-38-47,2025-08-27 22:43:10,corrected by LR,Media file,player #1:Y:/capuchin_coiba/archive/rawdata/camera_trap_images/renamed_data/R11/CEBUS-02-R11/CEBUS-02-R11__2022-03-04__06-38-47.MP4,0.0,44.444,60.527,29.970,MC,SPT,0.0,pound,Behavior,crouch,None,None,,POINT,4.905,4.905,NA,Y:/capuchin_coiba/archive/rawdata/camera_trap_images/renamed_data/R11/CEBUS-02-R11/CEBUS-02-R11__2022-03-04__06-38-47.MP4,147,147,,,,
CEBUS-02-R11__2022-03-04__06-38-47,2025-08-27 22:43:10,corrected by LR,Media file,player #1:Y:/capuchin_coiba/archive/rawdata/camera_trap_images/renamed_data/R11/CEBUS-02-R11/CEBUS-02-R11__2022-03-04__06-38-47.MP4,0.0,44.444,60.527,29.970,MC,SPT,0.0,reposit,Behavior,item,,,,POINT,8.175,8.175,NA,Y:/capuchin_coiba/archive/rawdata/camera_trap_images/renamed_data/R11/CEBUS-02-R11/CEBUS-02-R11__2022-03-04__06-38-47.MP4,245,245,,,,
CEBUS-02-R11__2022-03-04__06-38-47,2025-08-27 22:43:10,corrected by LR,Media file,player #1:Y:/capuchin_coiba/archive/rawdata/camera_trap_images/renamed_data/R11/CEBUS-02-R11/CEBUS-02-R11__2022-03-04__06-38-47.MP4,0.0,44.444,60.527,29.970,MC,SPT,0.0,pound,Behavior,crouch,None,None,,POINT,9.009,9.009,NA,Y:/capuchin_coiba/archive/rawdata/camera_trap_images/renamed_data/R11/CEBUS-02-R11/CEBUS-02-R11__2022-03-04__06-38-47.MP4,270,270,,,,
CEBUS-02-R11__2022-03-04__06-38-47,2025-08-27 22:43:10,corrected by LR,Media file,player #1:Y:/capuchin_coiba/archive/rawdata/camera_trap_images/renamed_data/R11/CEBUS-02-R11/CEBUS-02-R11__2022-03-04__06-38-47.MP4,0.0,44.444,60.527,29.970,MC,SPT,0.0,seqend,Sequence info,opened,noscrounging,nodisplacement,noattention,POINT,13.113,13.113,NA,Y:/capuchin_coiba/archive/rawdata/camera_trap_images/renamed_data/R11/CEBUS-02-R11/CEBUS-02-R11__2022-03-04__06-38-47.MP4,393,393,,,,
CEBUS-02-R11__2022-03-04__06-38-47,2025-08-27 22:43:10,corrected by LR,Media file,player #1:Y:/capuchin_coiba/archive/rawdata/camera_trap_images/renamed_data/R11/CEBUS-02-R11/CEBUS-02-R11__2022-03-04__06-38-47.MP4,0.0,44.444,60.527,29.970,MC,SPT,0.0,seqstart,Sequence info,almendraunknown,,,,POINT,35.335,35.335,NA,Y:/capuchin_coiba/archive/rawdata/camera_trap_images/renamed_data/R11/CEBUS-02-R11/CEBUS-02-R11__2022-03-04__06-38-47.MP4,1059,1059,,,,
CEBUS-02-R11__2022-03-04__06-38-47,2025-08-27 22:43:10,corrected by LR,Media file,player #1:Y:/capuchin_coiba/archive/rawdata/camera_trap_images/renamed_data/R11/CEBUS-02-R11/CEBUS-02-R11__2022-03-04__06-38-47.MP4,0.0,44.444,60.527,29.970,MC,SPT,0.0,hammerstone,Sequence info,onanvil,None,e_onanvil,,POINT,35.469,35.469,NA,Y:/capuchin_coiba/archive/rawdata/camera_trap_images/renamed_data/R11/CEBUS-02-R11/CEBUS-02-R11__2022-03-04__06-38-47.MP4,1063,1063,,,FRE,
CEBUS-02-R11__2022-03-04__06-38-47,2025-08-27 22:43:10,corrected by LR,Media file,player #1:Y:/capuchin_coiba/archive/rawdata/camera_trap_images/renamed_data/R11/CEBUS-02-R11/CEBUS-02-R11__2022-03-04__06-38-47.MP4,0.0,44.444,60.527,29.970,MC,SPT,0.0,pound,Behavior,stand,None,None,,POINT,36.470,36.470,NA,Y:/capuchin_coiba/archive/rawdata/camera_trap_images/renamed_data/R11/CEBUS-02-R11/CEBUS-02-R11__2022-03-04__06-38-47.MP4,1093,1093,,,,
CEBUS-02-R11__2022-03-04__06-38-47,2025-08-27 22:43:10,corrected by LR,Media file,player #1:Y:/capuchin_coiba/archive/rawdata/camera_trap_images/renamed_data/R11/CEBUS-02-R11/CEBUS-02-R11__2022-03-04__06-38-47.MP4,0.0,44.444,60.527,29.970,MC,SPT,0.0,pound,Behavior,stand,None,None,,POINT,39.006,39.006,NA,Y:/capuchin_coiba/archive/rawdata/camera_trap_images/renamed_data/R11/CEBUS-02-R11/CEBUS-02-R11__2022-03-04__06-38-47.MP4,1169,1169,,,,
CEBUS-02-R11__2022-03-04__06-38-47,2025-08-27 22:43:10,corrected by LR,Media file,player #1:Y:/capuchin_coiba/archive/rawdata/camera_trap_images/renamed_data/R11/CEBUS-02-R11/CEBUS-02-R11__2022-03-04__06-38-47.MP4,0.0,44.444,60.527,29.970,MC,SPT,0.0,pound,Behavior,stand,None,None,,POINT,40.541,40.541,NA,Y:/capuchin_coiba/archive/rawdata/camera_trap_images/renamed_data/R11/CEBUS-02-R11/CEBUS-02-R11__2022-03-04__06-38-47.MP4,1215,1215,,,,
CEBUS-02-R11__2022-03-04__06-38-47,2025-08-27 22:43:10,corrected by LR,Media file,player #1:Y:/capuchin_coiba/archive/rawdata/camera_trap_images/renamed_data/R11/CEBUS-02-R11/CEBUS-02-R11__2022-03-04__06-38-47.MP4,0.0,44.444,60.527,29.970,MC,SPT,0.0,pound,Behavior,crouch,None,None,,POINT,42.042,42.042,NA,Y:/capuchin_coiba/archive/rawdata/camera_trap_images/renamed_data/R11/CEBUS-02-R11/CEBUS-02-R11__2022-03-04__06-38-47.MP4,1260,1260,,,,
CEBUS-02-R11__2022-03-04__06-38-47,2025-08-27 22:43:10,corrected by LR,Media file,player #1:Y:/capuchin_coiba/archive/rawdata/camera_trap_images/renamed_data/R11/CEBUS-02-R11/CEBUS-02-R11__2022-03-04__06-38-47.MP4,0.0,44.444,60.527,29.970,MC,SPT,0.0,seqend,Sequence info,opened,noscrounging,nodisplacement,noattention,POINT,44.444,44.444,NA,Y:/capuchin_coiba/archive/rawdata/camera_trap_images/renamed_data/R11/CEBUS-02-R11/CEBUS-02-R11__2022-03-04__06-38-47.MP4,1332,1332,,,,
CEBUS-02-R11__2022-03-04__06-40-15,2025-08-27 22:45:25,corrected by LR,Media file,player #1:Y:/capuchin_coiba/archive/rawdata/camera_trap_images/renamed_data/R11/CEBUS-02-R11/CEBUS-02-R11__2022-03-04__06-40-15.MP4,0.0,59.192,60.527,29.970,MC,SPT,0.0,seqstart,Sequence info,almendraunknown,,,,POINT,0.000,0.000,NA,Y:/capuchin_coiba/archive/rawdata/camera_trap_images/renamed_data/R11/CEBUS-02-R11/CEBUS-02-R11__2022-03-04__06-40-15.MP4,0,0,,,,
CEBUS-02-R11__2022-03-04__06-40-15,2025-08-27 22:45:25,corrected by LR,Media file,player #1:Y:/capuchin_coiba/archive/rawdata/camera_trap_images/renamed_data/R11/CEBUS-02-R11/CEBUS-02-R11__2022-03-04__06-40-15.MP4,0.0,59.192,60.527,29.970,MC,SPT,0.0,hammerstone,Sequence info,inhand,None,e_onanvil,,POINT,0.133,0.133,NA,Y:/capuchin_coiba/archive/rawdata/camera_trap_images/renamed_data/R11/CEBUS-02-R11/CEBUS-02-R11__2022-03-04__06-40-15.MP4,4,4,,,FRE,
CEBUS-02-R11__2022-03-04__06-40-15,2025-08-27 22:45:25,corrected by LR,Media file,player #1:Y:/capuchin_coiba/archive/rawdata/camera_trap_images/renamed_data/R11/CEBUS-02-R11/CEBUS-02-R11__2022-03-04__06-40-15.MP4,0.0,59.192,60.527,29.970,MC,SPT,0.0,pound,Behavior,crouch,None,None,,POINT,1.468,1.468,NA,Y:/capuchin_coiba/archive/rawdata/camera_trap_images/renamed_data/R11/CEBUS-02-R11/CEBUS-02-R11__2022-03-04__06-40-15.MP4,44,44,,,,
CEBUS-02-R11__2022-03-04__06-40-15,2025-08-27 22:45:25,corrected by LR,Media file,player #1:Y:/capuchin_coiba/archive/rawdata/camera_trap_images/renamed_data/R11/CEBUS-02-R11/CEBUS-02-R11__2022-03-04__06-40-15.MP4,0.0,59.192,60.527,29.970,MC,SPT,0.0,pound,Behavior,crouch,None,None,,POINT,2.736,2.736,NA,Y:/capuchin_coiba/archive/rawdata/camera_trap_images/renamed_data/R11/CEBUS-02-R11/CEBUS-02-R11__2022-03-04__06-40-15.MP4,82,82,,,,
CEBUS-02-R11__2022-03-04__06-40-15,2025-08-27 22:45:25,corrected by LR,Media file,player #1:Y:/capuchin_coiba/archive/rawdata/camera_trap_images/renamed_data/R11/CEBUS-02-R11/CEBUS-02-R11__2022-03-04__06-40-15.MP4,0.0,59.192,60.527,29.970,MC,SPT,0.0,pound,Behavior,crouch,None,None,,POINT,5.739,5.739,NA,Y:/capuchin_coiba/archive/rawdata/camera_trap_images/renamed_data/R11/CEBUS-02-R11/CEBUS-02-R11__2022-03-04__06-40-15.MP4,172,172,,,,
CEBUS-02-R11__2022-03-04__06-40-15,2025-08-27 22:45:25,corrected by LR,Media file,player #1:Y:/capuchin_coiba/archive/rawdata/camera_trap_images/renamed_data/R11/CEBUS-02-R11/CEBUS-02-R11__2022-03-04__06-40-15.MP4,0.0,59.192,60.527,29.970,MC,SPT,0.0,pound,Behavior,stand,None,None,,POINT,7.207,7.207,NA,Y:/capuchin_coiba/archive/rawdata/camera_trap_images/renamed_data/R11/CEBUS-02-R11/CEBUS-02-R11__2022-03-04__06-40-15.MP4,216,216,,,,
CEBUS-02-R11__2022-03-04__06-40-15,2025-08-27 22:45:25,corrected by LR,Media file,player #1:Y:/capuchin_coiba/archive/rawdata/camera_trap_images/renamed_data/R11/CEBUS-02-R11/CEBUS-02-R11__2022-03-04__06-40-15.MP4,0.0,59.192,60.527,29.970,MC,SPT,0.0,pound,Behavior,stand,None,None,,POINT,8.508,8.508,NA,Y:/capuchin_coiba/archive/rawdata/camera_trap_images/renamed_data/R11/CEBUS-02-R11/CEBUS-02-R11__2022-03-04__06-40-15.MP4,255,255,,,,
CEBUS-02-R11__2022-03-04__06-40-15,2025-08-27 22:45:25,corrected by LR,Media file,player #1:Y:/capuchin_coiba/archive/rawdata/camera_trap_images/renamed_data/R11/CEBUS-02-R11/CEBUS-02-R11__2022-03-04__06-40-15.MP4,0.0,59.192,60.527,29.970,MC,SPT,0.0,pound,Behavior,stand,None,None,,POINT,10.310,10.310,NA,Y:/capuchin_coiba/archive/rawdata/camera_trap_images/renamed_data/R11/CEBUS-02-R11/CEBUS-02-R11__2022-03-04__06-40-15.MP4,309,309,,,,
CEBUS-02-R11__2022-03-04__06-40-15,2025-08-27 22:45:25,corrected by LR,Media file,player #1:Y:/capuchin_coiba/archive/rawdata/camera_trap_images/renamed_data/R11/CEBUS-02-R11/CEBUS-02-R11__2022-03-04__06-40-15.MP4,0.0,59.192,60.527,29.970,MC,SPT,0.0,seqend,Sequence info,opened,noscrounging,nodisplacement,noattention,POINT,14.348,14.348,NA,Y:/capuchin_coiba/archive/rawdata/camera_trap_images/renamed_data/R11/CEBUS-02-R11/CEBUS-02-R11__2022-03-04__06-40-15.MP4,430,430,,,,
CEBUS-02-R11__2022-03-04__06-40-15,2025-08-27 22:45:25,corrected by LR,Media file,player #1:Y:/capuchin_coiba/archive/rawdata/camera_trap_images/renamed_data/R11/CEBUS-02-R11/CEBUS-02-R11__2022-03-04__06-40-15.MP4,0.0,59.192,60.527,29.970,MC,SPT,0.0,seqstart,Sequence info,almendraunknown,,,,POINT,45.646,45.646,NA,Y:/capuchin_coiba/archive/rawdata/camera_trap_images/renamed_data/R11/CEBUS-02-R11/CEBUS-02-R11__2022-03-04__06-40-15.MP4,1368,1368,,,,
CEBUS-02-R11__2022-03-04__06-40-15,2025-08-27 22:45:25,corrected by LR,Media file,player #1:Y:/capuchin_coiba/archive/rawdata/camera_trap_images/renamed_data/R11/CEBUS-02-R11/CEBUS-02-R11__2022-03-04__06-40-15.MP4,0.0,59.192,60.527,29.970,MC,SPT,0.0,hammerstone,Sequence info,onanvil,None,e_onanvil,,POINT,45.779,45.779,NA,Y:/capuchin_coiba/archive/rawdata/camera_trap_images/renamed_data/R11/CEBUS-02-R11/CEBUS-02-R11__2022-03-04__06-40-15.MP4,1372,1372,,,FRE,
CEBUS-02-R11__2022-03-04__06-40-15,2025-08-27 22:45:25,corrected by LR,Media file,player #1:Y:/capuchin_coiba/archive/rawdata/camera_trap_images/renamed_data/R11/CEBUS-02-R11/CEBUS-02-R11__2022-03-04__06-40-15.MP4,0.0,59.192,60.527,29.970,MC,SPT,0.0,pound,Behavior,crouch,None,None,,POINT,47.414,47.414,NA,Y:/capuchin_coiba/archive/rawdata/camera_trap_images/renamed_data/R11/CEBUS-02-R11/CEBUS-02-R11__2022-03-04__06-40-15.MP4,1421,1421,,,,
CEBUS-02-R11__2022-03-04__06-40-15,2025-08-27 22:45:25,corrected by LR,Media file,player #1:Y:/capuchin_coiba/archive/rawdata/camera_trap_images/renamed_data/R11/CEBUS-02-R11/CEBUS-02-R11__2022-03-04__06-40-15.MP4,0.0,59.192,60.527,29.970,MC,SPT,0.0,pound,Behavior,stand,None,None,,POINT,48.815,48.815,NA,Y:/capuchin_coiba/archive/rawdata/camera_trap_images/renamed_data/R11/CEBUS-02-R11/CEBUS-02-R11__2022-03-04__06-40-15.MP4,1463,1463,,,,
CEBUS-02-R11__2022-03-04__06-40-15,2025-08-27 22:45:25,corrected by LR,Media file,player #1:Y:/capuchin_coiba/archive/rawdata/camera_trap_images/renamed_data/R11/CEBUS-02-R11/CEBUS-02-R11__2022-03-04__06-40-15.MP4,0.0,59.192,60.527,29.970,MC,SPT,0.0,reposit,Behavior,item,,,,POINT,50.117,50.117,NA,Y:/capuchin_coiba/archive/rawdata/camera_trap_images/renamed_data/R11/CEBUS-02-R11/CEBUS-02-R11__2022-03-04__06-40-15.MP4,1502,1502,,,,
CEBUS-02-R11__2022-03-04__06-40-15,2025-08-27 22:45:25,corrected by LR,Media file,player #1:Y:/capuchin_coiba/archive/rawdata/camera_trap_images/renamed_data/R11/CEBUS-02-R11/CEBUS-02-R11__2022-03-04__06-40-15.MP4,0.0,59.192,60.527,29.970,MC,SPT,0.0,pound,Behavior,crouch,None,None,,POINT,51.184,51.184,NA,Y:/capuchin_coiba/archive/rawdata/camera_trap_images/renamed_data/R11/CEBUS-02-R11/CEBUS-02-R11__2022-03-04__06-40-15.MP4,1534,1534,,,,
CEBUS-02-R11__2022-03-04__06-40-15,2025-08-27 22:45:25,corrected by LR,Media file,player #1:Y:/capuchin_coiba/archive/rawdata/camera_trap_images/renamed_data/R11/CEBUS-02-R11/CEBUS-02-R11__2022-03-04__06-40-15.MP4,0.0,59.192,60.527,29.970,MC,SPT,0.0,pound,Behavior,stand,None,None,,POINT,52.653,52.653,NA,Y:/capuchin_coiba/archive/rawdata/camera_trap_images/renamed_data/R11/CEBUS-02-R11/CEBUS-02-R11__2022-03-04__06-40-15.MP4,1578,1578,,,,
CEBUS-02-R11__2022-03-04__06-40-15,2025-08-27 22:45:25,corrected by LR,Media file,player #1:Y:/capuchin_coiba/archive/rawdata/camera_trap_images/renamed_data/R11/CEBUS-02-R11/CEBUS-02-R11__2022-03-04__06-40-15.MP4,0.0,59.192,60.527,29.970,MC,SPT,0.0,pound,Behavior,stand,None,None,,POINT,55.289,55.289,NA,Y:/capuchin_coiba/archive/rawdata/camera_trap_images/renamed_data/R11/CEBUS-02-R11/CEBUS-02-R11__2022-03-04__06-40-15.MP4,1657,1657,,,,
CEBUS-02-R11__2022-03-04__06-40-15,2025-08-27 22:45:25,corrected by LR,Media file,player #1:Y:/capuchin_coiba/archive/rawdata/camera_trap_images/renamed_data/R11/CEBUS-02-R11/CEBUS-02-R11__2022-03-04__06-40-15.MP4,0.0,59.192,60.527,29.970,MC,SPT,0.0,seqend,Sequence info,opened,noscrounging,nodisplacement,noattention,POINT,59.192,59.192,NA,Y:/capuchin_coiba/archive/rawdata/camera_trap_images/renamed_data/R11/CEBUS-02-R11/CEBUS-02-R11__2022-03-04__06-40-15.MP4,1774,1774,,,,
CEBUS-02-R11__2022-03-04__06-42-30,2025-08-27 22:46:41,corrected by LR,Media file,player #1:Y:/capuchin_coiba/archive/rawdata/camera_trap_images/renamed_data/R11/CEBUS-02-R11/CEBUS-02-R11__2022-03-04__06-42-30.MP4,0.0,39.039,60.527,29.970,MC,SPT,0.0,seqstart,Sequence info,almendraunknown,,,,POINT,21.455,21.455,NA,Y:/capuchin_coiba/archive/rawdata/camera_trap_images/renamed_data/R11/CEBUS-02-R11/CEBUS-02-R11__2022-03-04__06-42-30.MP4,643,643,,,,
CEBUS-02-R11__2022-03-04__06-42-30,2025-08-27 22:46:41,corrected by LR,Media file,player #1:Y:/capuchin_coiba/archive/rawdata/camera_trap_images/renamed_data/R11/CEBUS-02-R11/CEBUS-02-R11__2022-03-04__06-42-30.MP4,0.0,39.039,60.527,29.970,MC,SPT,0.0,hammerstone,Sequence info,onanvil,None,e_onanvil,,POINT,21.521,21.521,NA,Y:/capuchin_coiba/archive/rawdata/camera_trap_images/renamed_data/R11/CEBUS-02-R11/CEBUS-02-R11__2022-03-04__06-42-30.MP4,645,645,,,FRE,
CEBUS-02-R11__2022-03-04__06-42-30,2025-08-27 22:46:41,corrected by LR,Media file,player #1:Y:/capuchin_coiba/archive/rawdata/camera_trap_images/renamed_data/R11/CEBUS-02-R11/CEBUS-02-R11__2022-03-04__06-42-30.MP4,0.0,39.039,60.527,29.970,MC,SPT,0.0,pound,Behavior,crouch,None,None,,POINT,22.990,22.990,NA,Y:/capuchin_coiba/archive/rawdata/camera_trap_images/renamed_data/R11/CEBUS-02-R11/CEBUS-02-R11__2022-03-04__06-42-30.MP4,689,689,,,,
CEBUS-02-R11__2022-03-04__06-42-30,2025-08-27 22:46:41,corrected by LR,Media file,player #1:Y:/capuchin_coiba/archive/rawdata/camera_trap_images/renamed_data/R11/CEBUS-02-R11/CEBUS-02-R11__2022-03-04__06-42-30.MP4,0.0,39.039,60.527,29.970,MC,SPT,0.0,reposit,Behavior,item,,,,POINT,24.791,24.791,NA,Y:/capuchin_coiba/archive/rawdata/camera_trap_images/renamed_data/R11/CEBUS-02-R11/CEBUS-02-R11__2022-03-04__06-42-30.MP4,743,743,,,,
CEBUS-02-R11__2022-03-04__06-42-30,2025-08-27 22:46:41,corrected by LR,Media file,player #1:Y:/capuchin_coiba/archive/rawdata/camera_trap_images/renamed_data/R11/CEBUS-02-R11/CEBUS-02-R11__2022-03-04__06-42-30.MP4,0.0,39.039,60.527,29.970,MC,SPT,0.0,pound,Behavior,crouch,None,None,,POINT,25.492,25.492,NA,Y:/capuchin_coiba/archive/rawdata/camera_trap_images/renamed_data/R11/CEBUS-02-R11/CEBUS-02-R11__2022-03-04__06-42-30.MP4,764,764,,,,
CEBUS-02-R11__2022-03-04__06-42-30,2025-08-27 22:46:41,corrected by LR,Media file,player #1:Y:/capuchin_coiba/archive/rawdata/camera_trap_images/renamed_data/R11/CEBUS-02-R11/CEBUS-02-R11__2022-03-04__06-42-30.MP4,0.0,39.039,60.527,29.970,MC,SPT,0.0,reposit,Behavior,item,,,,POINT,26.627,26.627,NA,Y:/capuchin_coiba/archive/rawdata/camera_trap_images/renamed_data/R11/CEBUS-02-R11/CEBUS-02-R11__2022-03-04__06-42-30.MP4,798,798,,,,
CEBUS-02-R11__2022-03-04__06-42-30,2025-08-27 22:46:41,corrected by LR,Media file,player #1:Y:/capuchin_coiba/archive/rawdata/camera_trap_images/renamed_data/R11/CEBUS-02-R11/CEBUS-02-R11__2022-03-04__06-42-30.MP4,0.0,39.039,60.527,29.970,MC,SPT,0.0,pound,Behavior,crouch,None,None,,POINT,27.828,27.828,NA,Y:/capuchin_coiba/archive/rawdata/camera_trap_images/renamed_data/R11/CEBUS-02-R11/CEBUS-02-R11__2022-03-04__06-42-30.MP4,834,834,,,,
CEBUS-02-R11__2022-03-04__06-42-30,2025-08-27 22:46:41,corrected by LR,Media file,player #1:Y:/capuchin_coiba/archive/rawdata/camera_trap_images/renamed_data/R11/CEBUS-02-R11/CEBUS-02-R11__2022-03-04__06-42-30.MP4,0.0,39.039,60.527,29.970,MC,SPT,0.0,pound,Behavior,stand,None,None,,POINT,29.029,29.029,NA,Y:/capuchin_coiba/archive/rawdata/camera_trap_images/renamed_data/R11/CEBUS-02-R11/CEBUS-02-R11__2022-03-04__06-42-30.MP4,870,870,,,,
CEBUS-02-R11__2022-03-04__06-42-30,2025-08-27 22:46:41,corrected by LR,Media file,player #1:Y:/capuchin_coiba/archive/rawdata/camera_trap_images/renamed_data/R11/CEBUS-02-R11/CEBUS-02-R11__2022-03-04__06-42-30.MP4,0.0,39.039,60.527,29.970,MC,SPT,0.0,pound,Behavior,stand,None,None,,POINT,30.397,30.397,NA,Y:/capuchin_coiba/archive/rawdata/camera_trap_images/renamed_data/R11/CEBUS-02-R11/CEBUS-02-R11__2022-03-04__06-42-30.MP4,911,911,,,,
CEBUS-02-R11__2022-03-04__06-42-30,2025-08-27 22:46:41,corrected by LR,Media file,player #1:Y:/capuchin_coiba/archive/rawdata/camera_trap_images/renamed_data/R11/CEBUS-02-R11/CEBUS-02-R11__2022-03-04__06-42-30.MP4,0.0,39.039,60.527,29.970,MC,SPT,0.0,pound,Behavior,stand,None,None,,POINT,31.832,31.832,NA,Y:/capuchin_coiba/archive/rawdata/camera_trap_images/renamed_data/R11/CEBUS-02-R11/CEBUS-02-R11__2022-03-04__06-42-30.MP4,954,954,,,,
CEBUS-02-R11__2022-03-04__06-42-30,2025-08-27 22:46:41,corrected by LR,Media file,player #1:Y:/capuchin_coiba/archive/rawdata/camera_trap_images/renamed_data/R11/CEBUS-02-R11/CEBUS-02-R11__2022-03-04__06-42-30.MP4,0.0,39.039,60.527,29.970,MC,SPT,0.0,seqend,Sequence info,opened,noscrounging,fulldisp,noattention,POINT,34.434,34.434,NA,Y:/capuchin_coiba/archive/rawdata/camera_trap_images/renamed_data/R11/CEBUS-02-R11/CEBUS-02-R11__2022-03-04__06-42-30.MP4,1032,1032,,,SPT displaces ABE at the beginning of the video,
CEBUS-02-R11__2022-03-04__06-42-30,2025-08-27 22:46:41,corrected by LR,Media file,player #1:Y:/capuchin_coiba/archive/rawdata/camera_trap_images/renamed_data/R11/CEBUS-02-R11/CEBUS-02-R11__2022-03-04__06-42-30.MP4,0.0,39.039,60.527,29.970,MC,SPT,0.0,seqstart,Sequence info,almendraunknown,,,,POINT,47.047,47.047,NA,Y:/capuchin_coiba/archive/rawdata/camera_trap_images/renamed_data/R11/CEBUS-02-R11/CEBUS-02-R11__2022-03-04__06-42-30.MP4,1410,1410,,,,
CEBUS-02-R11__2022-03-04__06-42-30,2025-08-27 22:46:41,corrected by LR,Media file,player #1:Y:/capuchin_coiba/archive/rawdata/camera_trap_images/renamed_data/R11/CEBUS-02-R11/CEBUS-02-R11__2022-03-04__06-42-30.MP4,0.0,39.039,60.527,29.970,MC,SPT,0.0,hammerstone,Sequence info,onanvil,None,e_onanvil,,POINT,47.648,47.648,NA,Y:/capuchin_coiba/archive/rawdata/camera_trap_images/renamed_data/R11/CEBUS-02-R11/CEBUS-02-R11__2022-03-04__06-42-30.MP4,1428,1428,,,FRE,
CEBUS-02-R11__2022-03-04__06-42-30,2025-08-27 22:46:41,corrected by LR,Media file,player #1:Y:/capuchin_coiba/archive/rawdata/camera_trap_images/renamed_data/R11/CEBUS-02-R11/CEBUS-02-R11__2022-03-04__06-42-30.MP4,0.0,39.039,60.527,29.970,MC,SPT,0.0,pound,Behavior,crouch,None,None,,POINT,48.615,48.615,NA,Y:/capuchin_coiba/archive/rawdata/camera_trap_images/renamed_data/R11/CEBUS-02-R11/CEBUS-02-R11__2022-03-04__06-42-30.MP4,1457,1457,,,,
CEBUS-02-R11__2022-03-04__06-42-30,2025-08-27 22:46:41,corrected by LR,Media file,player #1:Y:/capuchin_coiba/archive/rawdata/camera_trap_images/renamed_data/R11/CEBUS-02-R11/CEBUS-02-R11__2022-03-04__06-42-30.MP4,0.0,39.039,60.527,29.970,MC,SPT,0.0,reposit,Behavior,item,,,,POINT,50.617,50.617,NA,Y:/capuchin_coiba/archive/rawdata/camera_trap_images/renamed_data/R11/CEBUS-02-R11/CEBUS-02-R11__2022-03-04__06-42-30.MP4,1517,1517,,,female steals from anvil,
CEBUS-02-R11__2022-03-04__06-42-30,2025-08-27 22:46:41,corrected by LR,Media file,player #1:Y:/capuchin_coiba/archive/rawdata/camera_trap_images/renamed_data/R11/CEBUS-02-R11/CEBUS-02-R11__2022-03-04__06-42-30.MP4,0.0,39.039,60.527,29.970,MC,SPT,0.0,pound,Behavior,stand,None,None,,POINT,53.954,53.954,NA,Y:/capuchin_coiba/archive/rawdata/camera_trap_images/renamed_data/R11/CEBUS-02-R11/CEBUS-02-R11__2022-03-04__06-42-30.MP4,1617,1617,,,,
CEBUS-02-R11__2022-03-04__06-42-30,2025-08-27 22:46:41,corrected by LR,Media file,player #1:Y:/capuchin_coiba/archive/rawdata/camera_trap_images/renamed_data/R11/CEBUS-02-R11/CEBUS-02-R11__2022-03-04__06-42-30.MP4,0.0,39.039,60.527,29.970,MC,SPT,0.0,misstrike,Behavior,itemflies,,,,POINT,54.021,54.021,NA,Y:/capuchin_coiba/archive/rawdata/camera_trap_images/renamed_data/R11/CEBUS-02-R11/CEBUS-02-R11__2022-03-04__06-42-30.MP4,1619,1619,,,,
CEBUS-02-R11__2022-03-04__06-42-30,2025-08-27 22:46:41,corrected by LR,Media file,player #1:Y:/capuchin_coiba/archive/rawdata/camera_trap_images/renamed_data/R11/CEBUS-02-R11/CEBUS-02-R11__2022-03-04__06-42-30.MP4,0.0,39.039,60.527,29.970,MC,SPT,0.0,pound,Behavior,stand,None,None,,POINT,57.824,57.824,NA,Y:/capuchin_coiba/archive/rawdata/camera_trap_images/renamed_data/R11/CEBUS-02-R11/CEBUS-02-R11__2022-03-04__06-42-30.MP4,1733,1733,,,,
CEBUS-02-R11__2022-03-04__06-42-30,2025-08-27 22:46:41,corrected by LR,Media file,player #1:Y:/capuchin_coiba/archive/rawdata/camera_trap_images/renamed_data/R11/CEBUS-02-R11/CEBUS-02-R11__2022-03-04__06-42-30.MP4,0.0,39.039,60.527,29.970,MC,SPT,0.0,pound,Behavior,stand,None,None,,POINT,59.459,59.459,NA,Y:/capuchin_coiba/archive/rawdata/camera_trap_images/renamed_data/R11/CEBUS-02-R11/CEBUS-02-R11__2022-03-04__06-42-30.MP4,1782,1782,,,,
CEBUS-02-R11__2022-03-04__06-42-30,2025-08-27 22:46:41,corrected by LR,Media file,player #1:Y:/capuchin_coiba/archive/rawdata/camera_trap_images/renamed_data/R11/CEBUS-02-R11/CEBUS-02-R11__2022-03-04__06-42-30.MP4,0.0,39.039,60.527,29.970,MC,SPT,0.0,pound,Behavior,stand,None,overhead,,POINT,60.427,60.427,NA,Y:/capuchin_coiba/archive/rawdata/camera_trap_images/renamed_data/R11/CEBUS-02-R11/CEBUS-02-R11__2022-03-04__06-42-30.MP4,1811,1811,,,,
CEBUS-02-R11__2022-03-04__06-42-30,2025-08-27 22:46:41,corrected by LR,Media file,player #1:Y:/capuchin_coiba/archive/rawdata/camera_trap_images/renamed_data/R11/CEBUS-02-R11/CEBUS-02-R11__2022-03-04__06-42-30.MP4,0.0,39.039,60.527,29.970,MC,SPT,0.0,seqend,Sequence info,seqcont,scrounging,nodisplacement,noattention,POINT,60.494,60.494,NA,Y:/capuchin_coiba/archive/rawdata/camera_trap_images/renamed_data/R11/CEBUS-02-R11/CEBUS-02-R11__2022-03-04__06-42-30.MP4,1813,1813,,,,
CEBUS-02-R11__2022-03-04__06-43-40,2025-08-27 22:51:13,corrected by LR,Media file,player #1:Y:/capuchin_coiba/archive/rawdata/camera_trap_images/renamed_data/R11/CEBUS-02-R11/CEBUS-02-R11__2022-03-04__06-43-40.MP4,0.0,0.000,60.527,29.970,MC,SPT,0.0,seqend,Sequence info,opened,scrounging,nodisplacement,noattention,POINT,0.000,0.000,NA,Y:/capuchin_coiba/archive/rawdata/camera_trap_images/renamed_data/R11/CEBUS-02-R11/CEBUS-02-R11__2022-03-04__06-43-40.MP4,NA,NA,,,scrounging during and after,
CEBUS-02-R11__2022-03-04__17-04-56,2025-08-27 22:51:41,corrected by LR,Media file,player #1:Y:/capuchin_coiba/archive/rawdata/camera_trap_images/renamed_data/R11/CEBUS-02-R11/CEBUS-02-R11__2022-03-04__17-04-56.MP4,0.0,2.284,60.861,29.970,MC,juvenileunknown,0.0,seqstart,Sequence info,halloweencrab,,,,POINT,58.559,58.559,NA,Y:/capuchin_coiba/archive/rawdata/camera_trap_images/renamed_data/R11/CEBUS-02-R11/CEBUS-02-R11__2022-03-04__17-04-56.MP4,1755,1755,,,check ID,
CEBUS-02-R11__2022-03-04__17-04-56,2025-08-27 22:51:41,corrected by LR,Media file,player #1:Y:/capuchin_coiba/archive/rawdata/camera_trap_images/renamed_data/R11/CEBUS-02-R11/CEBUS-02-R11__2022-03-04__17-04-56.MP4,0.0,2.284,60.861,29.970,MC,juvenileunknown,0.0,hammerstone,Sequence info,onanvil,None,e_onanvil,,POINT,59.192,59.192,NA,Y:/capuchin_coiba/archive/rawdata/camera_trap_images/renamed_data/R11/CEBUS-02-R11/CEBUS-02-R11__2022-03-04__17-04-56.MP4,1774,1774,,,FRE,
CEBUS-02-R11__2022-03-04__17-04-56,2025-08-27 22:51:41,corrected by LR,Media file,player #1:Y:/capuchin_coiba/archive/rawdata/camera_trap_images/renamed_data/R11/CEBUS-02-R11/CEBUS-02-R11__2022-03-04__17-04-56.MP4,0.0,2.284,60.861,29.970,MC,juvenileunknown,0.0,pound,Behavior,stand,None,None,,POINT,60.727,60.727,NA,Y:/capuchin_coiba/archive/rawdata/camera_trap_images/renamed_data/R11/CEBUS-02-R11/CEBUS-02-R11__2022-03-04__17-04-56.MP4,1820,1820,,,,
CEBUS-02-R11__2022-03-04__17-04-56,2025-08-27 22:51:41,corrected by LR,Media file,player #1:Y:/capuchin_coiba/archive/rawdata/camera_trap_images/renamed_data/R11/CEBUS-02-R11/CEBUS-02-R11__2022-03-04__17-04-56.MP4,0.0,2.284,60.861,29.970,MC,juvenileunknown,0.0,seqend,Sequence info,opened,noscrounging,nodisplacement,noattention,POINT,60.843,60.843,NA,Y:/capuchin_coiba/archive/rawdata/camera_trap_images/renamed_data/R11/CEBUS-02-R11/CEBUS-02-R11__2022-03-04__17-04-56.MP4,1823,1823,,,,
CEBUS-02-R11__2022-03-06__06-55-38,2025-08-27 22:53:33,corrected by LR,Media file,player #1:Y:/capuchin_coiba/archive/rawdata/camera_trap_images/renamed_data/R11/CEBUS-02-R11/CEBUS-02-R11__2022-03-06__06-55-38.MP4,0.0,36.570,60.560,29.970,MC,TOM,0.0,seqstart,Sequence info,almendraunknown,,,,POINT,0.000,0.000,NA,Y:/capuchin_coiba/archive/rawdata/camera_trap_images/renamed_data/R11/CEBUS-02-R11/CEBUS-02-R11__2022-03-06__06-55-38.MP4,0,0,,,,
CEBUS-02-R11__2022-03-06__06-55-38,2025-08-27 22:53:33,corrected by LR,Media file,player #1:Y:/capuchin_coiba/archive/rawdata/camera_trap_images/renamed_data/R11/CEBUS-02-R11/CEBUS-02-R11__2022-03-06__06-55-38.MP4,0.0,36.570,60.560,29.970,MC,TOM,0.0,hammerstone,Sequence info,inhand,unmarked,e_onanvil,,POINT,0.067,0.067,NA,Y:/capuchin_coiba/archive/rawdata/camera_trap_images/renamed_data/R11/CEBUS-02-R11/CEBUS-02-R11__2022-03-06__06-55-38.MP4,2,2,,,"small, roundish",
CEBUS-02-R11__2022-03-06__06-55-38,2025-08-27 22:53:33,corrected by LR,Media file,player #1:Y:/capuchin_coiba/archive/rawdata/camera_trap_images/renamed_data/R11/CEBUS-02-R11/CEBUS-02-R11__2022-03-06__06-55-38.MP4,0.0,36.570,60.560,29.970,MC,TOM,0.0,misstrike,Behavior,None,,,,POINT,1.134,1.134,NA,Y:/capuchin_coiba/archive/rawdata/camera_trap_images/renamed_data/R11/CEBUS-02-R11/CEBUS-02-R11__2022-03-06__06-55-38.MP4,34,34,,,has Almendra in hand while using the hammerstone,
CEBUS-02-R11__2022-03-06__06-55-38,2025-08-27 22:53:33,corrected by LR,Media file,player #1:Y:/capuchin_coiba/archive/rawdata/camera_trap_images/renamed_data/R11/CEBUS-02-R11/CEBUS-02-R11__2022-03-06__06-55-38.MP4,0.0,36.570,60.560,29.970,MC,TOM,0.0,pound,Behavior,stand,None,None,,POINT,2.569,2.569,NA,Y:/capuchin_coiba/archive/rawdata/camera_trap_images/renamed_data/R11/CEBUS-02-R11/CEBUS-02-R11__2022-03-06__06-55-38.MP4,77,77,,,,
CEBUS-02-R11__2022-03-06__06-55-38,2025-08-27 22:53:33,corrected by LR,Media file,player #1:Y:/capuchin_coiba/archive/rawdata/camera_trap_images/renamed_data/R11/CEBUS-02-R11/CEBUS-02-R11__2022-03-06__06-55-38.MP4,0.0,36.570,60.560,29.970,MC,TOM,0.0,pound,Behavior,stand,None,None,,POINT,3.904,3.904,NA,Y:/capuchin_coiba/archive/rawdata/camera_trap_images/renamed_data/R11/CEBUS-02-R11/CEBUS-02-R11__2022-03-06__06-55-38.MP4,117,117,,,,
CEBUS-02-R11__2022-03-06__06-55-38,2025-08-27 22:53:33,corrected by LR,Media file,player #1:Y:/capuchin_coiba/archive/rawdata/camera_trap_images/renamed_data/R11/CEBUS-02-R11/CEBUS-02-R11__2022-03-06__06-55-38.MP4,0.0,36.570,60.560,29.970,MC,TOM,0.0,reposit,Behavior,item,,,,POINT,6.540,6.540,NA,Y:/capuchin_coiba/archive/rawdata/camera_trap_images/renamed_data/R11/CEBUS-02-R11/CEBUS-02-R11__2022-03-06__06-55-38.MP4,196,196,,,,
CEBUS-02-R11__2022-03-06__06-55-38,2025-08-27 22:53:33,corrected by LR,Media file,player #1:Y:/capuchin_coiba/archive/rawdata/camera_trap_images/renamed_data/R11/CEBUS-02-R11/CEBUS-02-R11__2022-03-06__06-55-38.MP4,0.0,36.570,60.560,29.970,MC,TOM,0.0,hammerswitch,Behavior,offanvilreach,None,,,POINT,9.076,9.076,NA,Y:/capuchin_coiba/archive/rawdata/camera_trap_images/renamed_data/R11/CEBUS-02-R11/CEBUS-02-R11__2022-03-06__06-55-38.MP4,272,272,,,FRE,
CEBUS-02-R11__2022-03-06__06-55-38,2025-08-27 22:53:33,corrected by LR,Media file,player #1:Y:/capuchin_coiba/archive/rawdata/camera_trap_images/renamed_data/R11/CEBUS-02-R11/CEBUS-02-R11__2022-03-06__06-55-38.MP4,0.0,36.570,60.560,29.970,MC,TOM,0.0,pound,Behavior,stand,None,None,,POINT,14.047,14.047,NA,Y:/capuchin_coiba/archive/rawdata/camera_trap_images/renamed_data/R11/CEBUS-02-R11/CEBUS-02-R11__2022-03-06__06-55-38.MP4,421,421,,,,
CEBUS-02-R11__2022-03-06__06-55-38,2025-08-27 22:53:33,corrected by LR,Media file,player #1:Y:/capuchin_coiba/archive/rawdata/camera_trap_images/renamed_data/R11/CEBUS-02-R11/CEBUS-02-R11__2022-03-06__06-55-38.MP4,0.0,36.570,60.560,29.970,MC,TOM,0.0,reposit,Behavior,item,,,,POINT,15.315,15.315,NA,Y:/capuchin_coiba/archive/rawdata/camera_trap_images/renamed_data/R11/CEBUS-02-R11/CEBUS-02-R11__2022-03-06__06-55-38.MP4,459,459,,,,
CEBUS-02-R11__2022-03-06__06-55-38,2025-08-27 22:53:33,corrected by LR,Media file,player #1:Y:/capuchin_coiba/archive/rawdata/camera_trap_images/renamed_data/R11/CEBUS-02-R11/CEBUS-02-R11__2022-03-06__06-55-38.MP4,0.0,36.570,60.560,29.970,MC,TOM,0.0,pound,Behavior,stand,None,None,,POINT,16.283,16.283,NA,Y:/capuchin_coiba/archive/rawdata/camera_trap_images/renamed_data/R11/CEBUS-02-R11/CEBUS-02-R11__2022-03-06__06-55-38.MP4,488,488,,,,
CEBUS-02-R11__2022-03-06__06-55-38,2025-08-27 22:53:33,corrected by LR,Media file,player #1:Y:/capuchin_coiba/archive/rawdata/camera_trap_images/renamed_data/R11/CEBUS-02-R11/CEBUS-02-R11__2022-03-06__06-55-38.MP4,0.0,36.570,60.560,29.970,MC,TOM,0.0,seqend,Sequence info,opened,None,None,None,POINT,20.521,20.521,NA,Y:/capuchin_coiba/archive/rawdata/camera_trap_images/renamed_data/R11/CEBUS-02-R11/CEBUS-02-R11__2022-03-06__06-55-38.MP4,615,615,,,,
CEBUS-02-R11__2022-03-06__06-55-38,2025-08-27 22:53:33,corrected by LR,Media file,player #1:Y:/capuchin_coiba/archive/rawdata/camera_trap_images/renamed_data/R11/CEBUS-02-R11/CEBUS-02-R11__2022-03-06__06-55-38.MP4,0.0,36.570,60.560,29.970,MC,TOM,0.0,seqstart,Sequence info,almendraunknown,,,,POINT,28.562,28.562,NA,Y:/capuchin_coiba/archive/rawdata/camera_trap_images/renamed_data/R11/CEBUS-02-R11/CEBUS-02-R11__2022-03-06__06-55-38.MP4,856,856,,,,
CEBUS-02-R11__2022-03-06__06-55-38,2025-08-27 22:53:33,corrected by LR,Media file,player #1:Y:/capuchin_coiba/archive/rawdata/camera_trap_images/renamed_data/R11/CEBUS-02-R11/CEBUS-02-R11__2022-03-06__06-55-38.MP4,0.0,36.570,60.560,29.970,MC,TOM,0.0,hammerstone,Sequence info,onanvil,None,e_onanvil,,POINT,29.062,29.062,NA,Y:/capuchin_coiba/archive/rawdata/camera_trap_images/renamed_data/R11/CEBUS-02-R11/CEBUS-02-R11__2022-03-06__06-55-38.MP4,871,871,,,FRE,
CEBUS-02-R11__2022-03-06__06-55-38,2025-08-27 22:53:33,corrected by LR,Media file,player #1:Y:/capuchin_coiba/archive/rawdata/camera_trap_images/renamed_data/R11/CEBUS-02-R11/CEBUS-02-R11__2022-03-06__06-55-38.MP4,0.0,36.570,60.560,29.970,MC,TOM,0.0,pound,Behavior,stand,None,None,,POINT,30.998,30.998,NA,Y:/capuchin_coiba/archive/rawdata/camera_trap_images/renamed_data/R11/CEBUS-02-R11/CEBUS-02-R11__2022-03-06__06-55-38.MP4,929,929,,,,
CEBUS-02-R11__2022-03-06__06-55-38,2025-08-27 22:53:33,corrected by LR,Media file,player #1:Y:/capuchin_coiba/archive/rawdata/camera_trap_images/renamed_data/R11/CEBUS-02-R11/CEBUS-02-R11__2022-03-06__06-55-38.MP4,0.0,36.570,60.560,29.970,MC,TOM,0.0,pound,Behavior,stand,None,None,,POINT,32.099,32.099,NA,Y:/capuchin_coiba/archive/rawdata/camera_trap_images/renamed_data/R11/CEBUS-02-R11/CEBUS-02-R11__2022-03-06__06-55-38.MP4,962,962,,,,
CEBUS-02-R11__2022-03-06__06-55-38,2025-08-27 22:53:33,corrected by LR,Media file,player #1:Y:/capuchin_coiba/archive/rawdata/camera_trap_images/renamed_data/R11/CEBUS-02-R11/CEBUS-02-R11__2022-03-06__06-55-38.MP4,0.0,36.570,60.560,29.970,MC,TOM,0.0,seqend,Sequence info,opened,None,None,None,POINT,36.570,36.570,NA,Y:/capuchin_coiba/archive/rawdata/camera_trap_images/renamed_data/R11/CEBUS-02-R11/CEBUS-02-R11__2022-03-06__06-55-38.MP4,1096,1096,,,,
